test_ax7101_mapping (__main__.EntityTests.test_ax7101_mapping) ... ERROR
test_dropped_required_fields (__main__.EntityTests.test_dropped_required_fields) ... ok
test_explicit_identity_and_literal_escaping (__main__.EntityTests.test_explicit_identity_and_literal_escaping) ... ok
test_golden_bytes (__main__.EntityTests.test_golden_bytes) ... ok
test_golden_planted_drift (__main__.EntityTests.test_golden_planted_drift) ... ok
test_integer_boolean_and_float_refusals (__main__.EntityTests.test_integer_boolean_and_float_refusals) ... ok
test_invalid_cli_preserves_outputs (__main__.EntityTests.test_invalid_cli_preserves_outputs) ... ok
test_invalid_prefix (__main__.EntityTests.test_invalid_prefix) ... ok
test_mapper_plant_base_zero (__main__.EntityTests.test_mapper_plant_base_zero) ... FAIL
test_mapper_plant_double_underscore (__main__.EntityTests.test_mapper_plant_double_underscore) ... FAIL
test_mapper_plant_entity_default (__main__.EntityTests.test_mapper_plant_entity_default) ... FAIL
test_mapper_plant_firmware_rev_boolean (__main__.EntityTests.test_mapper_plant_firmware_rev_boolean) ... ok
test_mapper_plant_firmware_rev_negative (__main__.EntityTests.test_mapper_plant_firmware_rev_negative) ... ok
test_mapper_plant_firmware_rev_unknown (__main__.EntityTests.test_mapper_plant_firmware_rev_unknown) ... ok
test_mapper_plant_firmware_version_pointer (__main__.EntityTests.test_mapper_plant_firmware_version_pointer) ... ok
test_mapper_plant_group_default (__main__.EntityTests.test_mapper_plant_group_default) ... FAIL
test_mapper_plant_pin_agreement (__main__.EntityTests.test_mapper_plant_pin_agreement) ... FAIL
test_mapper_plant_unbounded_digits (__main__.EntityTests.test_mapper_plant_unbounded_digits) ... FAIL
test_mapper_plant_unknown_key_generic (__main__.EntityTests.test_mapper_plant_unknown_key_generic) ... ok
test_mapper_plant_unquoted_accepted (__main__.EntityTests.test_mapper_plant_unquoted_accepted) ... FAIL
test_mapper_plant_vendor_default (__main__.EntityTests.test_mapper_plant_vendor_default) ... FAIL
test_mapping_cli_compiled_identity (__main__.EntityTests.test_mapping_cli_compiled_identity) ... ERROR
test_mapping_default_entity_id (__main__.EntityTests.test_mapping_default_entity_id) ... ERROR
test_mapping_default_group_name (__main__.EntityTests.test_mapping_default_group_name) ... ERROR
test_mapping_default_vendor_name (__main__.EntityTests.test_mapping_default_vendor_name) ... ERROR
test_mapping_digit_only_entity_id (__main__.EntityTests.test_mapping_digit_only_entity_id) ... ERROR
test_mapping_firmware_rev_omitted (__main__.EntityTests.test_mapping_firmware_rev_omitted) ... FAIL
test_mapping_firmware_rev_one (__main__.EntityTests.test_mapping_firmware_rev_one) ... ok
test_mapping_firmware_rev_zero (__main__.EntityTests.test_mapping_firmware_rev_zero) ... ok
test_mapping_hex_boundaries (__main__.EntityTests.test_mapping_hex_boundaries) ... 
  test_mapping_hex_boundaries (__main__.EntityTests.test_mapping_hex_boundaries) (field='entity_id', value='1') ... ERROR
  test_mapping_hex_boundaries (__main__.EntityTests.test_mapping_hex_boundaries) (field='entity_id', value='FFFFFFFFFFFFFFFE') ... ERROR
  test_mapping_hex_boundaries (__main__.EntityTests.test_mapping_hex_boundaries) (field='entity_model_id', value='1') ... ERROR
  test_mapping_hex_boundaries (__main__.EntityTests.test_mapping_hex_boundaries) (field='entity_model_id', value='FFFFFFFFFFFFFFFE') ... ERROR
  test_mapping_hex_boundaries (__main__.EntityTests.test_mapping_hex_boundaries) (field='model_id_pin', value='1') ... ERROR
  test_mapping_hex_boundaries (__main__.EntityTests.test_mapping_hex_boundaries) (field='model_id_pin', value='FFFFFFFFFFFFFFFE') ... ERROR
test_mapping_hex_boundaries (__main__.EntityTests.test_mapping_hex_boundaries) ... ERROR
test_mapping_hex_spellings (__main__.EntityTests.test_mapping_hex_spellings) ... 
  test_mapping_hex_spellings (__main__.EntityTests.test_mapping_hex_spellings) (field='entity_id', value='020000FFFE000001') ... ERROR
  test_mapping_hex_spellings (__main__.EntityTests.test_mapping_hex_spellings) (field='entity_id', value='020000fffe000001') ... ERROR
  test_mapping_hex_spellings (__main__.EntityTests.test_mapping_hex_spellings) (field='entity_id', value='0x020000FFFE000001') ... ERROR
  test_mapping_hex_spellings (__main__.EntityTests.test_mapping_hex_spellings) (field='entity_id', value='0X020000FFFE000001') ... ERROR
  test_mapping_hex_spellings (__main__.EntityTests.test_mapping_hex_spellings) (field='entity_id', value='0_2_0_0_0_0_F_F_F_E_0_0_0_0_0_1') ... ERROR
  test_mapping_hex_spellings (__main__.EntityTests.test_mapping_hex_spellings) (field='entity_id', value='0x0_2_0_0_0_0_F_F_F_E_0_0_0_0_0_1') ... ERROR
  test_mapping_hex_spellings (__main__.EntityTests.test_mapping_hex_spellings) (field='entity_model_id', value='001BC5C1935893E1') ... ERROR
  test_mapping_hex_spellings (__main__.EntityTests.test_mapping_hex_spellings) (field='entity_model_id', value='001bc5c1935893e1') ... ERROR
  test_mapping_hex_spellings (__main__.EntityTests.test_mapping_hex_spellings) (field='entity_model_id', value='0x001BC5C1935893E1') ... ERROR
  test_mapping_hex_spellings (__main__.EntityTests.test_mapping_hex_spellings) (field='entity_model_id', value='0X001BC5C1935893E1') ... ERROR
  test_mapping_hex_spellings (__main__.EntityTests.test_mapping_hex_spellings) (field='entity_model_id', value='0_0_1_B_C_5_C_1_9_3_5_8_9_3_E_1') ... ERROR
  test_mapping_hex_spellings (__main__.EntityTests.test_mapping_hex_spellings) (field='entity_model_id', value='0x0_0_1_B_C_5_C_1_9_3_5_8_9_3_E_1') ... ERROR
  test_mapping_hex_spellings (__main__.EntityTests.test_mapping_hex_spellings) (field='model_id_pin', value='001BC5C1935893E1') ... ERROR
  test_mapping_hex_spellings (__main__.EntityTests.test_mapping_hex_spellings) (field='model_id_pin', value='001bc5c1935893e1') ... ERROR
  test_mapping_hex_spellings (__main__.EntityTests.test_mapping_hex_spellings) (field='model_id_pin', value='0x001BC5C1935893E1') ... ERROR
  test_mapping_hex_spellings (__main__.EntityTests.test_mapping_hex_spellings) (field='model_id_pin', value='0X001BC5C1935893E1') ... ERROR
  test_mapping_hex_spellings (__main__.EntityTests.test_mapping_hex_spellings) (field='model_id_pin', value='0_0_1_B_C_5_C_1_9_3_5_8_9_3_E_1') ... ERROR
  test_mapping_hex_spellings (__main__.EntityTests.test_mapping_hex_spellings) (field='model_id_pin', value='0x0_0_1_B_C_5_C_1_9_3_5_8_9_3_E_1') ... ERROR
  test_mapping_hex_spellings (__main__.EntityTests.test_mapping_hex_spellings) (field='vendor_oui', value='001BC5') ... ERROR
  test_mapping_hex_spellings (__main__.EntityTests.test_mapping_hex_spellings) (field='vendor_oui', value='001bc5') ... ERROR
  test_mapping_hex_spellings (__main__.EntityTests.test_mapping_hex_spellings) (field='vendor_oui', value='0x001BC5') ... ERROR
  test_mapping_hex_spellings (__main__.EntityTests.test_mapping_hex_spellings) (field='vendor_oui', value='0X001BC5') ... ERROR
  test_mapping_hex_spellings (__main__.EntityTests.test_mapping_hex_spellings) (field='vendor_oui', value='0_0_1_B_C_5') ... ERROR
  test_mapping_hex_spellings (__main__.EntityTests.test_mapping_hex_spellings) (field='vendor_oui', value='0x0_0_1_B_C_5') ... ERROR
  test_mapping_hex_spellings (__main__.EntityTests.test_mapping_hex_spellings) (field='entity_capabilities', value='0000C588') ... ERROR
  test_mapping_hex_spellings (__main__.EntityTests.test_mapping_hex_spellings) (field='entity_capabilities', value='0000c588') ... ERROR
  test_mapping_hex_spellings (__main__.EntityTests.test_mapping_hex_spellings) (field='entity_capabilities', value='0x0000C588') ... ERROR
  test_mapping_hex_spellings (__main__.EntityTests.test_mapping_hex_spellings) (field='entity_capabilities', value='0X0000C588') ... ERROR
  test_mapping_hex_spellings (__main__.EntityTests.test_mapping_hex_spellings) (field='entity_capabilities', value='0_0_0_0_C_5_8_8') ... ERROR
  test_mapping_hex_spellings (__main__.EntityTests.test_mapping_hex_spellings) (field='entity_capabilities', value='0x0_0_0_0_C_5_8_8') ... ERROR
test_mapping_mac_refusals (__main__.EntityTests.test_mapping_mac_refusals) ... 
  test_mapping_mac_refusals (__main__.EntityTests.test_mapping_mac_refusals) (value=1) ... FAIL
  test_mapping_mac_refusals (__main__.EntityTests.test_mapping_mac_refusals) (value='02000000001') ... FAIL
  test_mapping_mac_refusals (__main__.EntityTests.test_mapping_mac_refusals) (value='0020000000001') ... FAIL
  test_mapping_mac_refusals (__main__.EntityTests.test_mapping_mac_refusals) (value='02-00:00-00-00-01') ... FAIL
  test_mapping_mac_refusals (__main__.EntityTests.test_mapping_mac_refusals) (value='00-00-00-00-00-00') ... FAIL
  test_mapping_mac_refusals (__main__.EntityTests.test_mapping_mac_refusals) (value='01-00-00-00-00-01') ... FAIL
test_mapping_mac_spellings (__main__.EntityTests.test_mapping_mac_spellings) ... 
  test_mapping_mac_spellings (__main__.EntityTests.test_mapping_mac_spellings) (value='02:00:00:00:00:01') ... ERROR
  test_mapping_mac_spellings (__main__.EntityTests.test_mapping_mac_spellings) (value='02-00-00-00-00-01') ... ERROR
  test_mapping_mac_spellings (__main__.EntityTests.test_mapping_mac_spellings) (value='020000000001') ... ERROR
  test_mapping_mac_spellings (__main__.EntityTests.test_mapping_mac_spellings) (value='0x02_0000_000001') ... ERROR
  test_mapping_mac_spellings (__main__.EntityTests.test_mapping_mac_spellings) (value='0X020000000001') ... ERROR
test_mapping_pin_precedence_and_literal_validation (__main__.EntityTests.test_mapping_pin_precedence_and_literal_validation) ... ERROR
test_mapping_refusals (__main__.EntityTests.test_mapping_refusals) ... 
  test_mapping_refusals (__main__.EntityTests.test_mapping_refusals) (path=('entity', 'entity_model_id'), value='1') ... FAIL
  test_mapping_refusals (__main__.EntityTests.test_mapping_refusals) (path=('entity', 'model_id_pin'), value='1') ... FAIL
  test_mapping_refusals (__main__.EntityTests.test_mapping_refusals) (path=('entity', 'entity_capabilities'), value='1') ... FAIL
  test_mapping_refusals (__main__.EntityTests.test_mapping_refusals) (path=('entity', 'vendor_oui'), value='1') ... FAIL
  test_mapping_refusals (__main__.EntityTests.test_mapping_refusals) (path=('entity', 'vendor_oui'), value='010000') ... FAIL
  test_mapping_refusals (__main__.EntityTests.test_mapping_refusals) (path=('clocking', 'crf_sink'), value='yes') ... FAIL
test_mapping_refusals (__main__.EntityTests.test_mapping_refusals) ... FAIL
test_mapping_refuse_entity_capabilities_boolean (__main__.EntityTests.test_mapping_refuse_entity_capabilities_boolean) ... FAIL
test_mapping_refuse_entity_capabilities_double_underscore (__main__.EntityTests.test_mapping_refuse_entity_capabilities_double_underscore) ... FAIL
test_mapping_refuse_entity_capabilities_empty (__main__.EntityTests.test_mapping_refuse_entity_capabilities_empty) ... FAIL
test_mapping_refuse_entity_capabilities_extra_zero (__main__.EntityTests.test_mapping_refuse_entity_capabilities_extra_zero) ... FAIL
test_mapping_refuse_entity_capabilities_float (__main__.EntityTests.test_mapping_refuse_entity_capabilities_float) ... FAIL
test_mapping_refuse_entity_capabilities_integer (__main__.EntityTests.test_mapping_refuse_entity_capabilities_integer) ... FAIL
test_mapping_refuse_entity_capabilities_leading_space (__main__.EntityTests.test_mapping_refuse_entity_capabilities_leading_space) ... FAIL
test_mapping_refuse_entity_capabilities_leading_underscore (__main__.EntityTests.test_mapping_refuse_entity_capabilities_leading_underscore) ... FAIL
test_mapping_refuse_entity_capabilities_list (__main__.EntityTests.test_mapping_refuse_entity_capabilities_list) ... FAIL
test_mapping_refuse_entity_capabilities_mapping (__main__.EntityTests.test_mapping_refuse_entity_capabilities_mapping) ... FAIL
test_mapping_refuse_entity_capabilities_negative (__main__.EntityTests.test_mapping_refuse_entity_capabilities_negative) ... FAIL
test_mapping_refuse_entity_capabilities_newline (__main__.EntityTests.test_mapping_refuse_entity_capabilities_newline) ... FAIL
test_mapping_refuse_entity_capabilities_nonhex (__main__.EntityTests.test_mapping_refuse_entity_capabilities_nonhex) ... FAIL
test_mapping_refuse_entity_capabilities_null (__main__.EntityTests.test_mapping_refuse_entity_capabilities_null) ... FAIL
test_mapping_refuse_entity_capabilities_overflow (__main__.EntityTests.test_mapping_refuse_entity_capabilities_overflow) ... FAIL
test_mapping_refuse_entity_capabilities_prefix_only (__main__.EntityTests.test_mapping_refuse_entity_capabilities_prefix_only) ... FAIL
test_mapping_refuse_entity_capabilities_prefix_underscore (__main__.EntityTests.test_mapping_refuse_entity_capabilities_prefix_underscore) ... FAIL
test_mapping_refuse_entity_capabilities_separator (__main__.EntityTests.test_mapping_refuse_entity_capabilities_separator) ... FAIL
test_mapping_refuse_entity_capabilities_sign (__main__.EntityTests.test_mapping_refuse_entity_capabilities_sign) ... FAIL
test_mapping_refuse_entity_capabilities_trailing_space (__main__.EntityTests.test_mapping_refuse_entity_capabilities_trailing_space) ... FAIL
test_mapping_refuse_entity_capabilities_trailing_underscore (__main__.EntityTests.test_mapping_refuse_entity_capabilities_trailing_underscore) ... FAIL
test_mapping_refuse_entity_capabilities_unicode (__main__.EntityTests.test_mapping_refuse_entity_capabilities_unicode) ... FAIL
test_mapping_refuse_entity_capabilities_wide_underscores (__main__.EntityTests.test_mapping_refuse_entity_capabilities_wide_underscores) ... FAIL
test_mapping_refuse_entity_id_boolean (__main__.EntityTests.test_mapping_refuse_entity_id_boolean) ... FAIL
test_mapping_refuse_entity_id_double_underscore (__main__.EntityTests.test_mapping_refuse_entity_id_double_underscore) ... FAIL
test_mapping_refuse_entity_id_empty (__main__.EntityTests.test_mapping_refuse_entity_id_empty) ... FAIL
test_mapping_refuse_entity_id_extra_zero (__main__.EntityTests.test_mapping_refuse_entity_id_extra_zero) ... FAIL
test_mapping_refuse_entity_id_float (__main__.EntityTests.test_mapping_refuse_entity_id_float) ... FAIL
test_mapping_refuse_entity_id_integer (__main__.EntityTests.test_mapping_refuse_entity_id_integer) ... FAIL
test_mapping_refuse_entity_id_leading_space (__main__.EntityTests.test_mapping_refuse_entity_id_leading_space) ... FAIL
test_mapping_refuse_entity_id_leading_underscore (__main__.EntityTests.test_mapping_refuse_entity_id_leading_underscore) ... FAIL
test_mapping_refuse_entity_id_list (__main__.EntityTests.test_mapping_refuse_entity_id_list) ... FAIL
test_mapping_refuse_entity_id_mapping (__main__.EntityTests.test_mapping_refuse_entity_id_mapping) ... FAIL
test_mapping_refuse_entity_id_negative (__main__.EntityTests.test_mapping_refuse_entity_id_negative) ... FAIL
test_mapping_refuse_entity_id_newline (__main__.EntityTests.test_mapping_refuse_entity_id_newline) ... FAIL
test_mapping_refuse_entity_id_nonhex (__main__.EntityTests.test_mapping_refuse_entity_id_nonhex) ... FAIL
test_mapping_refuse_entity_id_null (__main__.EntityTests.test_mapping_refuse_entity_id_null) ... FAIL
test_mapping_refuse_entity_id_overflow (__main__.EntityTests.test_mapping_refuse_entity_id_overflow) ... FAIL
test_mapping_refuse_entity_id_prefix_only (__main__.EntityTests.test_mapping_refuse_entity_id_prefix_only) ... FAIL
test_mapping_refuse_entity_id_prefix_underscore (__main__.EntityTests.test_mapping_refuse_entity_id_prefix_underscore) ... FAIL
test_mapping_refuse_entity_id_separator (__main__.EntityTests.test_mapping_refuse_entity_id_separator) ... FAIL
test_mapping_refuse_entity_id_sign (__main__.EntityTests.test_mapping_refuse_entity_id_sign) ... FAIL
test_mapping_refuse_entity_id_trailing_space (__main__.EntityTests.test_mapping_refuse_entity_id_trailing_space) ... FAIL
test_mapping_refuse_entity_id_trailing_underscore (__main__.EntityTests.test_mapping_refuse_entity_id_trailing_underscore) ... FAIL
test_mapping_refuse_entity_id_unicode (__main__.EntityTests.test_mapping_refuse_entity_id_unicode) ... FAIL
test_mapping_refuse_entity_id_wide_underscores (__main__.EntityTests.test_mapping_refuse_entity_id_wide_underscores) ... FAIL
test_mapping_refuse_entity_model_id_boolean (__main__.EntityTests.test_mapping_refuse_entity_model_id_boolean) ... FAIL
test_mapping_refuse_entity_model_id_double_underscore (__main__.EntityTests.test_mapping_refuse_entity_model_id_double_underscore) ... FAIL
test_mapping_refuse_entity_model_id_empty (__main__.EntityTests.test_mapping_refuse_entity_model_id_empty) ... FAIL
test_mapping_refuse_entity_model_id_extra_zero (__main__.EntityTests.test_mapping_refuse_entity_model_id_extra_zero) ... FAIL
test_mapping_refuse_entity_model_id_float (__main__.EntityTests.test_mapping_refuse_entity_model_id_float) ... FAIL
test_mapping_refuse_entity_model_id_integer (__main__.EntityTests.test_mapping_refuse_entity_model_id_integer) ... FAIL
test_mapping_refuse_entity_model_id_leading_space (__main__.EntityTests.test_mapping_refuse_entity_model_id_leading_space) ... FAIL
test_mapping_refuse_entity_model_id_leading_underscore (__main__.EntityTests.test_mapping_refuse_entity_model_id_leading_underscore) ... FAIL
test_mapping_refuse_entity_model_id_list (__main__.EntityTests.test_mapping_refuse_entity_model_id_list) ... FAIL
test_mapping_refuse_entity_model_id_mapping (__main__.EntityTests.test_mapping_refuse_entity_model_id_mapping) ... FAIL
test_mapping_refuse_entity_model_id_negative (__main__.EntityTests.test_mapping_refuse_entity_model_id_negative) ... FAIL
test_mapping_refuse_entity_model_id_newline (__main__.EntityTests.test_mapping_refuse_entity_model_id_newline) ... FAIL
test_mapping_refuse_entity_model_id_nonhex (__main__.EntityTests.test_mapping_refuse_entity_model_id_nonhex) ... FAIL
test_mapping_refuse_entity_model_id_null (__main__.EntityTests.test_mapping_refuse_entity_model_id_null) ... FAIL
test_mapping_refuse_entity_model_id_overflow (__main__.EntityTests.test_mapping_refuse_entity_model_id_overflow) ... FAIL
test_mapping_refuse_entity_model_id_prefix_only (__main__.EntityTests.test_mapping_refuse_entity_model_id_prefix_only) ... FAIL
test_mapping_refuse_entity_model_id_prefix_underscore (__main__.EntityTests.test_mapping_refuse_entity_model_id_prefix_underscore) ... FAIL
test_mapping_refuse_entity_model_id_separator (__main__.EntityTests.test_mapping_refuse_entity_model_id_separator) ... FAIL
test_mapping_refuse_entity_model_id_sign (__main__.EntityTests.test_mapping_refuse_entity_model_id_sign) ... FAIL
test_mapping_refuse_entity_model_id_trailing_space (__main__.EntityTests.test_mapping_refuse_entity_model_id_trailing_space) ... FAIL
test_mapping_refuse_entity_model_id_trailing_underscore (__main__.EntityTests.test_mapping_refuse_entity_model_id_trailing_underscore) ... FAIL
test_mapping_refuse_entity_model_id_unicode (__main__.EntityTests.test_mapping_refuse_entity_model_id_unicode) ... FAIL
test_mapping_refuse_entity_model_id_wide_underscores (__main__.EntityTests.test_mapping_refuse_entity_model_id_wide_underscores) ... FAIL
test_mapping_refuse_firmware_rev_boolean (__main__.EntityTests.test_mapping_refuse_firmware_rev_boolean) ... ok
test_mapping_refuse_firmware_rev_false (__main__.EntityTests.test_mapping_refuse_firmware_rev_false) ... ok
test_mapping_refuse_firmware_rev_float (__main__.EntityTests.test_mapping_refuse_firmware_rev_float) ... ok
test_mapping_refuse_firmware_rev_negative (__main__.EntityTests.test_mapping_refuse_firmware_rev_negative) ... ok
test_mapping_refuse_firmware_rev_null (__main__.EntityTests.test_mapping_refuse_firmware_rev_null) ... ok
test_mapping_refuse_firmware_rev_string (__main__.EntityTests.test_mapping_refuse_firmware_rev_string) ... ok
test_mapping_refuse_firmware_version (__main__.EntityTests.test_mapping_refuse_firmware_version) ... ok
test_mapping_refuse_model_id_pin_boolean (__main__.EntityTests.test_mapping_refuse_model_id_pin_boolean) ... FAIL
test_mapping_refuse_model_id_pin_double_underscore (__main__.EntityTests.test_mapping_refuse_model_id_pin_double_underscore) ... FAIL
test_mapping_refuse_model_id_pin_empty (__main__.EntityTests.test_mapping_refuse_model_id_pin_empty) ... FAIL
test_mapping_refuse_model_id_pin_extra_zero (__main__.EntityTests.test_mapping_refuse_model_id_pin_extra_zero) ... FAIL
test_mapping_refuse_model_id_pin_float (__main__.EntityTests.test_mapping_refuse_model_id_pin_float) ... FAIL
test_mapping_refuse_model_id_pin_integer (__main__.EntityTests.test_mapping_refuse_model_id_pin_integer) ... FAIL
test_mapping_refuse_model_id_pin_leading_space (__main__.EntityTests.test_mapping_refuse_model_id_pin_leading_space) ... FAIL
test_mapping_refuse_model_id_pin_leading_underscore (__main__.EntityTests.test_mapping_refuse_model_id_pin_leading_underscore) ... FAIL
test_mapping_refuse_model_id_pin_list (__main__.EntityTests.test_mapping_refuse_model_id_pin_list) ... FAIL
test_mapping_refuse_model_id_pin_mapping (__main__.EntityTests.test_mapping_refuse_model_id_pin_mapping) ... FAIL
test_mapping_refuse_model_id_pin_negative (__main__.EntityTests.test_mapping_refuse_model_id_pin_negative) ... FAIL
test_mapping_refuse_model_id_pin_newline (__main__.EntityTests.test_mapping_refuse_model_id_pin_newline) ... FAIL
test_mapping_refuse_model_id_pin_nonhex (__main__.EntityTests.test_mapping_refuse_model_id_pin_nonhex) ... FAIL
test_mapping_refuse_model_id_pin_null (__main__.EntityTests.test_mapping_refuse_model_id_pin_null) ... FAIL
test_mapping_refuse_model_id_pin_overflow (__main__.EntityTests.test_mapping_refuse_model_id_pin_overflow) ... FAIL
test_mapping_refuse_model_id_pin_prefix_only (__main__.EntityTests.test_mapping_refuse_model_id_pin_prefix_only) ... FAIL
test_mapping_refuse_model_id_pin_prefix_underscore (__main__.EntityTests.test_mapping_refuse_model_id_pin_prefix_underscore) ... FAIL
test_mapping_refuse_model_id_pin_separator (__main__.EntityTests.test_mapping_refuse_model_id_pin_separator) ... FAIL
test_mapping_refuse_model_id_pin_sign (__main__.EntityTests.test_mapping_refuse_model_id_pin_sign) ... FAIL
test_mapping_refuse_model_id_pin_trailing_space (__main__.EntityTests.test_mapping_refuse_model_id_pin_trailing_space) ... FAIL
test_mapping_refuse_model_id_pin_trailing_underscore (__main__.EntityTests.test_mapping_refuse_model_id_pin_trailing_underscore) ... FAIL
test_mapping_refuse_model_id_pin_unicode (__main__.EntityTests.test_mapping_refuse_model_id_pin_unicode) ... FAIL
test_mapping_refuse_model_id_pin_wide_underscores (__main__.EntityTests.test_mapping_refuse_model_id_pin_wide_underscores) ... FAIL
test_mapping_refuse_unknown_entity_key (__main__.EntityTests.test_mapping_refuse_unknown_entity_key) ... ok
test_mapping_refuse_vendor_oui_boolean (__main__.EntityTests.test_mapping_refuse_vendor_oui_boolean) ... FAIL
test_mapping_refuse_vendor_oui_double_underscore (__main__.EntityTests.test_mapping_refuse_vendor_oui_double_underscore) ... FAIL
test_mapping_refuse_vendor_oui_empty (__main__.EntityTests.test_mapping_refuse_vendor_oui_empty) ... FAIL
test_mapping_refuse_vendor_oui_extra_zero (__main__.EntityTests.test_mapping_refuse_vendor_oui_extra_zero) ... FAIL
test_mapping_refuse_vendor_oui_float (__main__.EntityTests.test_mapping_refuse_vendor_oui_float) ... FAIL
test_mapping_refuse_vendor_oui_integer (__main__.EntityTests.test_mapping_refuse_vendor_oui_integer) ... FAIL
test_mapping_refuse_vendor_oui_leading_space (__main__.EntityTests.test_mapping_refuse_vendor_oui_leading_space) ... FAIL
test_mapping_refuse_vendor_oui_leading_underscore (__main__.EntityTests.test_mapping_refuse_vendor_oui_leading_underscore) ... FAIL
test_mapping_refuse_vendor_oui_list (__main__.EntityTests.test_mapping_refuse_vendor_oui_list) ... FAIL
test_mapping_refuse_vendor_oui_mapping (__main__.EntityTests.test_mapping_refuse_vendor_oui_mapping) ... FAIL
test_mapping_refuse_vendor_oui_negative (__main__.EntityTests.test_mapping_refuse_vendor_oui_negative) ... FAIL
test_mapping_refuse_vendor_oui_newline (__main__.EntityTests.test_mapping_refuse_vendor_oui_newline) ... FAIL
test_mapping_refuse_vendor_oui_nonhex (__main__.EntityTests.test_mapping_refuse_vendor_oui_nonhex) ... FAIL
test_mapping_refuse_vendor_oui_null (__main__.EntityTests.test_mapping_refuse_vendor_oui_null) ... FAIL
test_mapping_refuse_vendor_oui_overflow (__main__.EntityTests.test_mapping_refuse_vendor_oui_overflow) ... FAIL
test_mapping_refuse_vendor_oui_prefix_only (__main__.EntityTests.test_mapping_refuse_vendor_oui_prefix_only) ... FAIL
test_mapping_refuse_vendor_oui_prefix_underscore (__main__.EntityTests.test_mapping_refuse_vendor_oui_prefix_underscore) ... FAIL
test_mapping_refuse_vendor_oui_separator (__main__.EntityTests.test_mapping_refuse_vendor_oui_separator) ... FAIL
test_mapping_refuse_vendor_oui_sign (__main__.EntityTests.test_mapping_refuse_vendor_oui_sign) ... FAIL
test_mapping_refuse_vendor_oui_trailing_space (__main__.EntityTests.test_mapping_refuse_vendor_oui_trailing_space) ... FAIL
test_mapping_refuse_vendor_oui_trailing_underscore (__main__.EntityTests.test_mapping_refuse_vendor_oui_trailing_underscore) ... FAIL
test_mapping_refuse_vendor_oui_unicode (__main__.EntityTests.test_mapping_refuse_vendor_oui_unicode) ... FAIL
test_mapping_refuse_vendor_oui_wide_underscores (__main__.EntityTests.test_mapping_refuse_vendor_oui_wide_underscores) ... FAIL
test_mapping_reserved_models (__main__.EntityTests.test_mapping_reserved_models) ... 
  test_mapping_reserved_models (__main__.EntityTests.test_mapping_reserved_models) (field='entity_model_id', value='0') ... FAIL
  test_mapping_reserved_models (__main__.EntityTests.test_mapping_reserved_models) (field='entity_model_id', value='FFFFFFFFFFFFFFFF') ... FAIL
  test_mapping_reserved_models (__main__.EntityTests.test_mapping_reserved_models) (field='model_id_pin', value='0') ... FAIL
  test_mapping_reserved_models (__main__.EntityTests.test_mapping_reserved_models) (field='model_id_pin', value='FFFFFFFFFFFFFFFF') ... FAIL
test_mapping_unprefixed_entity_id (__main__.EntityTests.test_mapping_unprefixed_entity_id) ... ERROR
test_missing_golden_file (__main__.EntityTests.test_missing_golden_file) ... ok
test_refuse_capability_auth (__main__.EntityTests.test_refuse_capability_auth) ... ok
test_refuse_capability_milan (__main__.EntityTests.test_refuse_capability_milan) ... ok
test_refuse_capability_range (__main__.EntityTests.test_refuse_capability_range) ... ok
test_refuse_entity_id_zero (__main__.EntityTests.test_refuse_entity_id_zero) ... ok
test_refuse_interfaces_count (__main__.EntityTests.test_refuse_interfaces_count) ... ok
test_refuse_interfaces_empty (__main__.EntityTests.test_refuse_interfaces_empty) ... ok
test_refuse_kind (__main__.EntityTests.test_refuse_kind) ... ok
test_refuse_maap_duplicate (__main__.EntityTests.test_refuse_maap_duplicate) ... ok
test_refuse_maap_interface (__main__.EntityTests.test_refuse_maap_interface) ... ok
test_refuse_maap_missing (__main__.EntityTests.test_refuse_maap_missing) ... ok
test_refuse_maap_no_outputs (__main__.EntityTests.test_refuse_maap_no_outputs) ... ok
test_refuse_maap_pool (__main__.EntityTests.test_refuse_maap_pool) ... ok
test_refuse_maap_range (__main__.EntityTests.test_refuse_maap_range) ... ok
test_refuse_mac_duplicate (__main__.EntityTests.test_refuse_mac_duplicate) ... ok
test_refuse_mac_format (__main__.EntityTests.test_refuse_mac_format) ... ok
test_refuse_mac_multicast (__main__.EntityTests.test_refuse_mac_multicast) ... ok
test_refuse_mac_zero (__main__.EntityTests.test_refuse_mac_zero) ... ok
test_refuse_missing_mac (__main__.EntityTests.test_refuse_missing_mac) ... ok
test_refuse_model_id_ones (__main__.EntityTests.test_refuse_model_id_ones) ... ok
test_refuse_name_c1_control (__main__.EntityTests.test_refuse_name_c1_control) ... ok
test_refuse_name_control (__main__.EntityTests.test_refuse_name_control) ... ok
test_refuse_name_length (__main__.EntityTests.test_refuse_name_length) ... ok
test_refuse_name_surrogate (__main__.EntityTests.test_refuse_name_surrogate) ... ok
test_refuse_name_type (__main__.EntityTests.test_refuse_name_type) ... ok
test_refuse_root_type (__main__.EntityTests.test_refuse_root_type) ... ok
test_refuse_sink_count (__main__.EntityTests.test_refuse_sink_count) ... ok
test_refuse_sink_interface (__main__.EntityTests.test_refuse_sink_interface) ... ok
test_refuse_source_count (__main__.EntityTests.test_refuse_source_count) ... ok
test_refuse_source_interface (__main__.EntityTests.test_refuse_source_interface) ... ok
test_refuse_version (__main__.EntityTests.test_refuse_version) ... ok
test_schema_header_guard (__main__.EntityTests.test_schema_header_guard) ... ok
test_unknown_fields_at_each_level (__main__.EntityTests.test_unknown_fields_at_each_level) ... ok
test_valid_boundaries (__main__.EntityTests.test_valid_boundaries) ... ok
test_yaml_integer_compatibility (__main__.EntityTests.test_yaml_integer_compatibility) ... ok
test_yaml_refusals (__main__.EntityTests.test_yaml_refusals) ... ok

======================================================================
ERROR: test_ax7101_mapping (__main__.EntityTests.test_ax7101_mapping)
----------------------------------------------------------------------
Traceback (most recent call last):
  File "<packet>/scratch/mutants/X1-no-default-zero/tree/scripts/entity_selftest.py", line 167, in test_ax7101_mapping
    mapped = project(fixture['input'], old['entity_model_id'], old['entity_capabilities'])
  File "<packet>/scratch/mutants/X1-no-default-zero/tree/scripts/milan_entity.py", line 66, in project
    raise Invalid('milan.entity.firmware_rev: expected a non-negative integer')
entity_yaml.Invalid: milan.entity.firmware_rev: expected a non-negative integer

======================================================================
ERROR: test_mapping_cli_compiled_identity (__main__.EntityTests.test_mapping_cli_compiled_identity)
----------------------------------------------------------------------
Traceback (most recent call last):
  File "<packet>/scratch/mutants/X1-no-default-zero/tree/scripts/entity_selftest.py", line 315, in test_mapping_cli_compiled_identity
    subprocess.run(command, check=True, capture_output=True)
    ~~~~~~~~~~~~~~^^^^^^^^^^^^^^^^^^^^^^^^^^^^^^^^^^^^^^^^^^
  File "/usr/lib/python3.14/subprocess.py", line 578, in run
    raise CalledProcessError(retcode, process.args,
                             output=stdout, stderr=stderr)
subprocess.CalledProcessError: Command '['/usr/bin/python3', '<packet>/scratch/mutants/X1-no-default-zero/tree/scripts/milan_entity.py', '<packet>/scratch/mutants/X1-no-default-zero/build/tmpox9mvd4b/source.yaml', '--model-id', '0x001BC5C1935893E1', '--capabilities', '0xC588', '--output', '<packet>/scratch/mutants/X1-no-default-zero/build/tmpox9mvd4b/mapped.yaml']' returned non-zero exit status 2.

======================================================================
ERROR: test_mapping_default_entity_id (__main__.EntityTests.test_mapping_default_entity_id)
----------------------------------------------------------------------
Traceback (most recent call last):
  File "<packet>/scratch/mutants/X1-no-default-zero/tree/scripts/entity_selftest.py", line 280, in test_mapping_default_entity_id
    mapped = self.mapped(doc)
  File "<packet>/scratch/mutants/X1-no-default-zero/tree/scripts/entity_selftest.py", line 203, in mapped
    return project(doc, old['entity_model_id'], old['entity_capabilities'])
  File "<packet>/scratch/mutants/X1-no-default-zero/tree/scripts/milan_entity.py", line 66, in project
    raise Invalid('milan.entity.firmware_rev: expected a non-negative integer')
entity_yaml.Invalid: milan.entity.firmware_rev: expected a non-negative integer

======================================================================
ERROR: test_mapping_default_group_name (__main__.EntityTests.test_mapping_default_group_name)
----------------------------------------------------------------------
Traceback (most recent call last):
  File "<packet>/scratch/mutants/X1-no-default-zero/tree/scripts/entity_selftest.py", line 275, in test_mapping_default_group_name
    self.assertEqual(self.mapped(doc)['identity']['group_name'], '')
                     ~~~~~~~~~~~^^^^^
  File "<packet>/scratch/mutants/X1-no-default-zero/tree/scripts/entity_selftest.py", line 203, in mapped
    return project(doc, old['entity_model_id'], old['entity_capabilities'])
  File "<packet>/scratch/mutants/X1-no-default-zero/tree/scripts/milan_entity.py", line 66, in project
    raise Invalid('milan.entity.firmware_rev: expected a non-negative integer')
entity_yaml.Invalid: milan.entity.firmware_rev: expected a non-negative integer

======================================================================
ERROR: test_mapping_default_vendor_name (__main__.EntityTests.test_mapping_default_vendor_name)
----------------------------------------------------------------------
Traceback (most recent call last):
  File "<packet>/scratch/mutants/X1-no-default-zero/tree/scripts/entity_selftest.py", line 270, in test_mapping_default_vendor_name
    self.assertEqual(self.mapped(doc)['identity']['vendor_name'], 'Kebag Logic')
                     ~~~~~~~~~~~^^^^^
  File "<packet>/scratch/mutants/X1-no-default-zero/tree/scripts/entity_selftest.py", line 203, in mapped
    return project(doc, old['entity_model_id'], old['entity_capabilities'])
  File "<packet>/scratch/mutants/X1-no-default-zero/tree/scripts/milan_entity.py", line 66, in project
    raise Invalid('milan.entity.firmware_rev: expected a non-negative integer')
entity_yaml.Invalid: milan.entity.firmware_rev: expected a non-negative integer

======================================================================
ERROR: test_mapping_digit_only_entity_id (__main__.EntityTests.test_mapping_digit_only_entity_id)
----------------------------------------------------------------------
Traceback (most recent call last):
  File "<packet>/scratch/mutants/X1-no-default-zero/tree/scripts/entity_selftest.py", line 213, in test_mapping_digit_only_entity_id
    self.assertEqual(self.mapped(doc)['identity']['entity_id'], 0x1234567890123456)
                     ~~~~~~~~~~~^^^^^
  File "<packet>/scratch/mutants/X1-no-default-zero/tree/scripts/entity_selftest.py", line 203, in mapped
    return project(doc, old['entity_model_id'], old['entity_capabilities'])
  File "<packet>/scratch/mutants/X1-no-default-zero/tree/scripts/milan_entity.py", line 66, in project
    raise Invalid('milan.entity.firmware_rev: expected a non-negative integer')
entity_yaml.Invalid: milan.entity.firmware_rev: expected a non-negative integer

======================================================================
ERROR: test_mapping_hex_boundaries (__main__.EntityTests.test_mapping_hex_boundaries) (field='entity_id', value='1')
----------------------------------------------------------------------
Traceback (most recent call last):
  File "<packet>/scratch/mutants/X1-no-default-zero/tree/scripts/entity_selftest.py", line 241, in test_mapping_hex_boundaries
    mapped = project(doc, mid, 0xC588)
  File "<packet>/scratch/mutants/X1-no-default-zero/tree/scripts/milan_entity.py", line 66, in project
    raise Invalid('milan.entity.firmware_rev: expected a non-negative integer')
entity_yaml.Invalid: milan.entity.firmware_rev: expected a non-negative integer

======================================================================
ERROR: test_mapping_hex_boundaries (__main__.EntityTests.test_mapping_hex_boundaries) (field='entity_id', value='FFFFFFFFFFFFFFFE')
----------------------------------------------------------------------
Traceback (most recent call last):
  File "<packet>/scratch/mutants/X1-no-default-zero/tree/scripts/entity_selftest.py", line 241, in test_mapping_hex_boundaries
    mapped = project(doc, mid, 0xC588)
  File "<packet>/scratch/mutants/X1-no-default-zero/tree/scripts/milan_entity.py", line 66, in project
    raise Invalid('milan.entity.firmware_rev: expected a non-negative integer')
entity_yaml.Invalid: milan.entity.firmware_rev: expected a non-negative integer

======================================================================
ERROR: test_mapping_hex_boundaries (__main__.EntityTests.test_mapping_hex_boundaries) (field='entity_model_id', value='1')
----------------------------------------------------------------------
Traceback (most recent call last):
  File "<packet>/scratch/mutants/X1-no-default-zero/tree/scripts/entity_selftest.py", line 241, in test_mapping_hex_boundaries
    mapped = project(doc, mid, 0xC588)
  File "<packet>/scratch/mutants/X1-no-default-zero/tree/scripts/milan_entity.py", line 66, in project
    raise Invalid('milan.entity.firmware_rev: expected a non-negative integer')
entity_yaml.Invalid: milan.entity.firmware_rev: expected a non-negative integer

======================================================================
ERROR: test_mapping_hex_boundaries (__main__.EntityTests.test_mapping_hex_boundaries) (field='entity_model_id', value='FFFFFFFFFFFFFFFE')
----------------------------------------------------------------------
Traceback (most recent call last):
  File "<packet>/scratch/mutants/X1-no-default-zero/tree/scripts/entity_selftest.py", line 241, in test_mapping_hex_boundaries
    mapped = project(doc, mid, 0xC588)
  File "<packet>/scratch/mutants/X1-no-default-zero/tree/scripts/milan_entity.py", line 66, in project
    raise Invalid('milan.entity.firmware_rev: expected a non-negative integer')
entity_yaml.Invalid: milan.entity.firmware_rev: expected a non-negative integer

======================================================================
ERROR: test_mapping_hex_boundaries (__main__.EntityTests.test_mapping_hex_boundaries) (field='model_id_pin', value='1')
----------------------------------------------------------------------
Traceback (most recent call last):
  File "<packet>/scratch/mutants/X1-no-default-zero/tree/scripts/entity_selftest.py", line 241, in test_mapping_hex_boundaries
    mapped = project(doc, mid, 0xC588)
  File "<packet>/scratch/mutants/X1-no-default-zero/tree/scripts/milan_entity.py", line 66, in project
    raise Invalid('milan.entity.firmware_rev: expected a non-negative integer')
entity_yaml.Invalid: milan.entity.firmware_rev: expected a non-negative integer

======================================================================
ERROR: test_mapping_hex_boundaries (__main__.EntityTests.test_mapping_hex_boundaries) (field='model_id_pin', value='FFFFFFFFFFFFFFFE')
----------------------------------------------------------------------
Traceback (most recent call last):
  File "<packet>/scratch/mutants/X1-no-default-zero/tree/scripts/entity_selftest.py", line 241, in test_mapping_hex_boundaries
    mapped = project(doc, mid, 0xC588)
  File "<packet>/scratch/mutants/X1-no-default-zero/tree/scripts/milan_entity.py", line 66, in project
    raise Invalid('milan.entity.firmware_rev: expected a non-negative integer')
entity_yaml.Invalid: milan.entity.firmware_rev: expected a non-negative integer

======================================================================
ERROR: test_mapping_hex_boundaries (__main__.EntityTests.test_mapping_hex_boundaries)
----------------------------------------------------------------------
Traceback (most recent call last):
  File "<packet>/scratch/mutants/X1-no-default-zero/tree/scripts/entity_selftest.py", line 246, in test_mapping_hex_boundaries
    self.assertEqual(project(doc, mid, 0xC588)['identity']['model_id'], mid)
                     ~~~~~~~^^^^^^^^^^^^^^^^^^
  File "<packet>/scratch/mutants/X1-no-default-zero/tree/scripts/milan_entity.py", line 66, in project
    raise Invalid('milan.entity.firmware_rev: expected a non-negative integer')
entity_yaml.Invalid: milan.entity.firmware_rev: expected a non-negative integer

======================================================================
ERROR: test_mapping_hex_spellings (__main__.EntityTests.test_mapping_hex_spellings) (field='entity_id', value='020000FFFE000001')
----------------------------------------------------------------------
Traceback (most recent call last):
  File "<packet>/scratch/mutants/X1-no-default-zero/tree/scripts/entity_selftest.py", line 229, in test_mapping_hex_spellings
    expected = self.mapped(self.fixture['input'])
  File "<packet>/scratch/mutants/X1-no-default-zero/tree/scripts/entity_selftest.py", line 203, in mapped
    return project(doc, old['entity_model_id'], old['entity_capabilities'])
  File "<packet>/scratch/mutants/X1-no-default-zero/tree/scripts/milan_entity.py", line 66, in project
    raise Invalid('milan.entity.firmware_rev: expected a non-negative integer')
entity_yaml.Invalid: milan.entity.firmware_rev: expected a non-negative integer

======================================================================
ERROR: test_mapping_hex_spellings (__main__.EntityTests.test_mapping_hex_spellings) (field='entity_id', value='020000fffe000001')
----------------------------------------------------------------------
Traceback (most recent call last):
  File "<packet>/scratch/mutants/X1-no-default-zero/tree/scripts/entity_selftest.py", line 229, in test_mapping_hex_spellings
    expected = self.mapped(self.fixture['input'])
  File "<packet>/scratch/mutants/X1-no-default-zero/tree/scripts/entity_selftest.py", line 203, in mapped
    return project(doc, old['entity_model_id'], old['entity_capabilities'])
  File "<packet>/scratch/mutants/X1-no-default-zero/tree/scripts/milan_entity.py", line 66, in project
    raise Invalid('milan.entity.firmware_rev: expected a non-negative integer')
entity_yaml.Invalid: milan.entity.firmware_rev: expected a non-negative integer

======================================================================
ERROR: test_mapping_hex_spellings (__main__.EntityTests.test_mapping_hex_spellings) (field='entity_id', value='0x020000FFFE000001')
----------------------------------------------------------------------
Traceback (most recent call last):
  File "<packet>/scratch/mutants/X1-no-default-zero/tree/scripts/entity_selftest.py", line 229, in test_mapping_hex_spellings
    expected = self.mapped(self.fixture['input'])
  File "<packet>/scratch/mutants/X1-no-default-zero/tree/scripts/entity_selftest.py", line 203, in mapped
    return project(doc, old['entity_model_id'], old['entity_capabilities'])
  File "<packet>/scratch/mutants/X1-no-default-zero/tree/scripts/milan_entity.py", line 66, in project
    raise Invalid('milan.entity.firmware_rev: expected a non-negative integer')
entity_yaml.Invalid: milan.entity.firmware_rev: expected a non-negative integer

======================================================================
ERROR: test_mapping_hex_spellings (__main__.EntityTests.test_mapping_hex_spellings) (field='entity_id', value='0X020000FFFE000001')
----------------------------------------------------------------------
Traceback (most recent call last):
  File "<packet>/scratch/mutants/X1-no-default-zero/tree/scripts/entity_selftest.py", line 229, in test_mapping_hex_spellings
    expected = self.mapped(self.fixture['input'])
  File "<packet>/scratch/mutants/X1-no-default-zero/tree/scripts/entity_selftest.py", line 203, in mapped
    return project(doc, old['entity_model_id'], old['entity_capabilities'])
  File "<packet>/scratch/mutants/X1-no-default-zero/tree/scripts/milan_entity.py", line 66, in project
    raise Invalid('milan.entity.firmware_rev: expected a non-negative integer')
entity_yaml.Invalid: milan.entity.firmware_rev: expected a non-negative integer

======================================================================
ERROR: test_mapping_hex_spellings (__main__.EntityTests.test_mapping_hex_spellings) (field='entity_id', value='0_2_0_0_0_0_F_F_F_E_0_0_0_0_0_1')
----------------------------------------------------------------------
Traceback (most recent call last):
  File "<packet>/scratch/mutants/X1-no-default-zero/tree/scripts/entity_selftest.py", line 229, in test_mapping_hex_spellings
    expected = self.mapped(self.fixture['input'])
  File "<packet>/scratch/mutants/X1-no-default-zero/tree/scripts/entity_selftest.py", line 203, in mapped
    return project(doc, old['entity_model_id'], old['entity_capabilities'])
  File "<packet>/scratch/mutants/X1-no-default-zero/tree/scripts/milan_entity.py", line 66, in project
    raise Invalid('milan.entity.firmware_rev: expected a non-negative integer')
entity_yaml.Invalid: milan.entity.firmware_rev: expected a non-negative integer

======================================================================
ERROR: test_mapping_hex_spellings (__main__.EntityTests.test_mapping_hex_spellings) (field='entity_id', value='0x0_2_0_0_0_0_F_F_F_E_0_0_0_0_0_1')
----------------------------------------------------------------------
Traceback (most recent call last):
  File "<packet>/scratch/mutants/X1-no-default-zero/tree/scripts/entity_selftest.py", line 229, in test_mapping_hex_spellings
    expected = self.mapped(self.fixture['input'])
  File "<packet>/scratch/mutants/X1-no-default-zero/tree/scripts/entity_selftest.py", line 203, in mapped
    return project(doc, old['entity_model_id'], old['entity_capabilities'])
  File "<packet>/scratch/mutants/X1-no-default-zero/tree/scripts/milan_entity.py", line 66, in project
    raise Invalid('milan.entity.firmware_rev: expected a non-negative integer')
entity_yaml.Invalid: milan.entity.firmware_rev: expected a non-negative integer

======================================================================
ERROR: test_mapping_hex_spellings (__main__.EntityTests.test_mapping_hex_spellings) (field='entity_model_id', value='001BC5C1935893E1')
----------------------------------------------------------------------
Traceback (most recent call last):
  File "<packet>/scratch/mutants/X1-no-default-zero/tree/scripts/entity_selftest.py", line 229, in test_mapping_hex_spellings
    expected = self.mapped(self.fixture['input'])
  File "<packet>/scratch/mutants/X1-no-default-zero/tree/scripts/entity_selftest.py", line 203, in mapped
    return project(doc, old['entity_model_id'], old['entity_capabilities'])
  File "<packet>/scratch/mutants/X1-no-default-zero/tree/scripts/milan_entity.py", line 66, in project
    raise Invalid('milan.entity.firmware_rev: expected a non-negative integer')
entity_yaml.Invalid: milan.entity.firmware_rev: expected a non-negative integer

======================================================================
ERROR: test_mapping_hex_spellings (__main__.EntityTests.test_mapping_hex_spellings) (field='entity_model_id', value='001bc5c1935893e1')
----------------------------------------------------------------------
Traceback (most recent call last):
  File "<packet>/scratch/mutants/X1-no-default-zero/tree/scripts/entity_selftest.py", line 229, in test_mapping_hex_spellings
    expected = self.mapped(self.fixture['input'])
  File "<packet>/scratch/mutants/X1-no-default-zero/tree/scripts/entity_selftest.py", line 203, in mapped
    return project(doc, old['entity_model_id'], old['entity_capabilities'])
  File "<packet>/scratch/mutants/X1-no-default-zero/tree/scripts/milan_entity.py", line 66, in project
    raise Invalid('milan.entity.firmware_rev: expected a non-negative integer')
entity_yaml.Invalid: milan.entity.firmware_rev: expected a non-negative integer

======================================================================
ERROR: test_mapping_hex_spellings (__main__.EntityTests.test_mapping_hex_spellings) (field='entity_model_id', value='0x001BC5C1935893E1')
----------------------------------------------------------------------
Traceback (most recent call last):
  File "<packet>/scratch/mutants/X1-no-default-zero/tree/scripts/entity_selftest.py", line 229, in test_mapping_hex_spellings
    expected = self.mapped(self.fixture['input'])
  File "<packet>/scratch/mutants/X1-no-default-zero/tree/scripts/entity_selftest.py", line 203, in mapped
    return project(doc, old['entity_model_id'], old['entity_capabilities'])
  File "<packet>/scratch/mutants/X1-no-default-zero/tree/scripts/milan_entity.py", line 66, in project
    raise Invalid('milan.entity.firmware_rev: expected a non-negative integer')
entity_yaml.Invalid: milan.entity.firmware_rev: expected a non-negative integer

======================================================================
ERROR: test_mapping_hex_spellings (__main__.EntityTests.test_mapping_hex_spellings) (field='entity_model_id', value='0X001BC5C1935893E1')
----------------------------------------------------------------------
Traceback (most recent call last):
  File "<packet>/scratch/mutants/X1-no-default-zero/tree/scripts/entity_selftest.py", line 229, in test_mapping_hex_spellings
    expected = self.mapped(self.fixture['input'])
  File "<packet>/scratch/mutants/X1-no-default-zero/tree/scripts/entity_selftest.py", line 203, in mapped
    return project(doc, old['entity_model_id'], old['entity_capabilities'])
  File "<packet>/scratch/mutants/X1-no-default-zero/tree/scripts/milan_entity.py", line 66, in project
    raise Invalid('milan.entity.firmware_rev: expected a non-negative integer')
entity_yaml.Invalid: milan.entity.firmware_rev: expected a non-negative integer

======================================================================
ERROR: test_mapping_hex_spellings (__main__.EntityTests.test_mapping_hex_spellings) (field='entity_model_id', value='0_0_1_B_C_5_C_1_9_3_5_8_9_3_E_1')
----------------------------------------------------------------------
Traceback (most recent call last):
  File "<packet>/scratch/mutants/X1-no-default-zero/tree/scripts/entity_selftest.py", line 229, in test_mapping_hex_spellings
    expected = self.mapped(self.fixture['input'])
  File "<packet>/scratch/mutants/X1-no-default-zero/tree/scripts/entity_selftest.py", line 203, in mapped
    return project(doc, old['entity_model_id'], old['entity_capabilities'])
  File "<packet>/scratch/mutants/X1-no-default-zero/tree/scripts/milan_entity.py", line 66, in project
    raise Invalid('milan.entity.firmware_rev: expected a non-negative integer')
entity_yaml.Invalid: milan.entity.firmware_rev: expected a non-negative integer

======================================================================
ERROR: test_mapping_hex_spellings (__main__.EntityTests.test_mapping_hex_spellings) (field='entity_model_id', value='0x0_0_1_B_C_5_C_1_9_3_5_8_9_3_E_1')
----------------------------------------------------------------------
Traceback (most recent call last):
  File "<packet>/scratch/mutants/X1-no-default-zero/tree/scripts/entity_selftest.py", line 229, in test_mapping_hex_spellings
    expected = self.mapped(self.fixture['input'])
  File "<packet>/scratch/mutants/X1-no-default-zero/tree/scripts/entity_selftest.py", line 203, in mapped
    return project(doc, old['entity_model_id'], old['entity_capabilities'])
  File "<packet>/scratch/mutants/X1-no-default-zero/tree/scripts/milan_entity.py", line 66, in project
    raise Invalid('milan.entity.firmware_rev: expected a non-negative integer')
entity_yaml.Invalid: milan.entity.firmware_rev: expected a non-negative integer

======================================================================
ERROR: test_mapping_hex_spellings (__main__.EntityTests.test_mapping_hex_spellings) (field='model_id_pin', value='001BC5C1935893E1')
----------------------------------------------------------------------
Traceback (most recent call last):
  File "<packet>/scratch/mutants/X1-no-default-zero/tree/scripts/entity_selftest.py", line 229, in test_mapping_hex_spellings
    expected = self.mapped(self.fixture['input'])
  File "<packet>/scratch/mutants/X1-no-default-zero/tree/scripts/entity_selftest.py", line 203, in mapped
    return project(doc, old['entity_model_id'], old['entity_capabilities'])
  File "<packet>/scratch/mutants/X1-no-default-zero/tree/scripts/milan_entity.py", line 66, in project
    raise Invalid('milan.entity.firmware_rev: expected a non-negative integer')
entity_yaml.Invalid: milan.entity.firmware_rev: expected a non-negative integer

======================================================================
ERROR: test_mapping_hex_spellings (__main__.EntityTests.test_mapping_hex_spellings) (field='model_id_pin', value='001bc5c1935893e1')
----------------------------------------------------------------------
Traceback (most recent call last):
  File "<packet>/scratch/mutants/X1-no-default-zero/tree/scripts/entity_selftest.py", line 229, in test_mapping_hex_spellings
    expected = self.mapped(self.fixture['input'])
  File "<packet>/scratch/mutants/X1-no-default-zero/tree/scripts/entity_selftest.py", line 203, in mapped
    return project(doc, old['entity_model_id'], old['entity_capabilities'])
  File "<packet>/scratch/mutants/X1-no-default-zero/tree/scripts/milan_entity.py", line 66, in project
    raise Invalid('milan.entity.firmware_rev: expected a non-negative integer')
entity_yaml.Invalid: milan.entity.firmware_rev: expected a non-negative integer

======================================================================
ERROR: test_mapping_hex_spellings (__main__.EntityTests.test_mapping_hex_spellings) (field='model_id_pin', value='0x001BC5C1935893E1')
----------------------------------------------------------------------
Traceback (most recent call last):
  File "<packet>/scratch/mutants/X1-no-default-zero/tree/scripts/entity_selftest.py", line 229, in test_mapping_hex_spellings
    expected = self.mapped(self.fixture['input'])
  File "<packet>/scratch/mutants/X1-no-default-zero/tree/scripts/entity_selftest.py", line 203, in mapped
    return project(doc, old['entity_model_id'], old['entity_capabilities'])
  File "<packet>/scratch/mutants/X1-no-default-zero/tree/scripts/milan_entity.py", line 66, in project
    raise Invalid('milan.entity.firmware_rev: expected a non-negative integer')
entity_yaml.Invalid: milan.entity.firmware_rev: expected a non-negative integer

======================================================================
ERROR: test_mapping_hex_spellings (__main__.EntityTests.test_mapping_hex_spellings) (field='model_id_pin', value='0X001BC5C1935893E1')
----------------------------------------------------------------------
Traceback (most recent call last):
  File "<packet>/scratch/mutants/X1-no-default-zero/tree/scripts/entity_selftest.py", line 229, in test_mapping_hex_spellings
    expected = self.mapped(self.fixture['input'])
  File "<packet>/scratch/mutants/X1-no-default-zero/tree/scripts/entity_selftest.py", line 203, in mapped
    return project(doc, old['entity_model_id'], old['entity_capabilities'])
  File "<packet>/scratch/mutants/X1-no-default-zero/tree/scripts/milan_entity.py", line 66, in project
    raise Invalid('milan.entity.firmware_rev: expected a non-negative integer')
entity_yaml.Invalid: milan.entity.firmware_rev: expected a non-negative integer

======================================================================
ERROR: test_mapping_hex_spellings (__main__.EntityTests.test_mapping_hex_spellings) (field='model_id_pin', value='0_0_1_B_C_5_C_1_9_3_5_8_9_3_E_1')
----------------------------------------------------------------------
Traceback (most recent call last):
  File "<packet>/scratch/mutants/X1-no-default-zero/tree/scripts/entity_selftest.py", line 229, in test_mapping_hex_spellings
    expected = self.mapped(self.fixture['input'])
  File "<packet>/scratch/mutants/X1-no-default-zero/tree/scripts/entity_selftest.py", line 203, in mapped
    return project(doc, old['entity_model_id'], old['entity_capabilities'])
  File "<packet>/scratch/mutants/X1-no-default-zero/tree/scripts/milan_entity.py", line 66, in project
    raise Invalid('milan.entity.firmware_rev: expected a non-negative integer')
entity_yaml.Invalid: milan.entity.firmware_rev: expected a non-negative integer

======================================================================
ERROR: test_mapping_hex_spellings (__main__.EntityTests.test_mapping_hex_spellings) (field='model_id_pin', value='0x0_0_1_B_C_5_C_1_9_3_5_8_9_3_E_1')
----------------------------------------------------------------------
Traceback (most recent call last):
  File "<packet>/scratch/mutants/X1-no-default-zero/tree/scripts/entity_selftest.py", line 229, in test_mapping_hex_spellings
    expected = self.mapped(self.fixture['input'])
  File "<packet>/scratch/mutants/X1-no-default-zero/tree/scripts/entity_selftest.py", line 203, in mapped
    return project(doc, old['entity_model_id'], old['entity_capabilities'])
  File "<packet>/scratch/mutants/X1-no-default-zero/tree/scripts/milan_entity.py", line 66, in project
    raise Invalid('milan.entity.firmware_rev: expected a non-negative integer')
entity_yaml.Invalid: milan.entity.firmware_rev: expected a non-negative integer

======================================================================
ERROR: test_mapping_hex_spellings (__main__.EntityTests.test_mapping_hex_spellings) (field='vendor_oui', value='001BC5')
----------------------------------------------------------------------
Traceback (most recent call last):
  File "<packet>/scratch/mutants/X1-no-default-zero/tree/scripts/entity_selftest.py", line 229, in test_mapping_hex_spellings
    expected = self.mapped(self.fixture['input'])
  File "<packet>/scratch/mutants/X1-no-default-zero/tree/scripts/entity_selftest.py", line 203, in mapped
    return project(doc, old['entity_model_id'], old['entity_capabilities'])
  File "<packet>/scratch/mutants/X1-no-default-zero/tree/scripts/milan_entity.py", line 66, in project
    raise Invalid('milan.entity.firmware_rev: expected a non-negative integer')
entity_yaml.Invalid: milan.entity.firmware_rev: expected a non-negative integer

======================================================================
ERROR: test_mapping_hex_spellings (__main__.EntityTests.test_mapping_hex_spellings) (field='vendor_oui', value='001bc5')
----------------------------------------------------------------------
Traceback (most recent call last):
  File "<packet>/scratch/mutants/X1-no-default-zero/tree/scripts/entity_selftest.py", line 229, in test_mapping_hex_spellings
    expected = self.mapped(self.fixture['input'])
  File "<packet>/scratch/mutants/X1-no-default-zero/tree/scripts/entity_selftest.py", line 203, in mapped
    return project(doc, old['entity_model_id'], old['entity_capabilities'])
  File "<packet>/scratch/mutants/X1-no-default-zero/tree/scripts/milan_entity.py", line 66, in project
    raise Invalid('milan.entity.firmware_rev: expected a non-negative integer')
entity_yaml.Invalid: milan.entity.firmware_rev: expected a non-negative integer

======================================================================
ERROR: test_mapping_hex_spellings (__main__.EntityTests.test_mapping_hex_spellings) (field='vendor_oui', value='0x001BC5')
----------------------------------------------------------------------
Traceback (most recent call last):
  File "<packet>/scratch/mutants/X1-no-default-zero/tree/scripts/entity_selftest.py", line 229, in test_mapping_hex_spellings
    expected = self.mapped(self.fixture['input'])
  File "<packet>/scratch/mutants/X1-no-default-zero/tree/scripts/entity_selftest.py", line 203, in mapped
    return project(doc, old['entity_model_id'], old['entity_capabilities'])
  File "<packet>/scratch/mutants/X1-no-default-zero/tree/scripts/milan_entity.py", line 66, in project
    raise Invalid('milan.entity.firmware_rev: expected a non-negative integer')
entity_yaml.Invalid: milan.entity.firmware_rev: expected a non-negative integer

======================================================================
ERROR: test_mapping_hex_spellings (__main__.EntityTests.test_mapping_hex_spellings) (field='vendor_oui', value='0X001BC5')
----------------------------------------------------------------------
Traceback (most recent call last):
  File "<packet>/scratch/mutants/X1-no-default-zero/tree/scripts/entity_selftest.py", line 229, in test_mapping_hex_spellings
    expected = self.mapped(self.fixture['input'])
  File "<packet>/scratch/mutants/X1-no-default-zero/tree/scripts/entity_selftest.py", line 203, in mapped
    return project(doc, old['entity_model_id'], old['entity_capabilities'])
  File "<packet>/scratch/mutants/X1-no-default-zero/tree/scripts/milan_entity.py", line 66, in project
    raise Invalid('milan.entity.firmware_rev: expected a non-negative integer')
entity_yaml.Invalid: milan.entity.firmware_rev: expected a non-negative integer

======================================================================
ERROR: test_mapping_hex_spellings (__main__.EntityTests.test_mapping_hex_spellings) (field='vendor_oui', value='0_0_1_B_C_5')
----------------------------------------------------------------------
Traceback (most recent call last):
  File "<packet>/scratch/mutants/X1-no-default-zero/tree/scripts/entity_selftest.py", line 229, in test_mapping_hex_spellings
    expected = self.mapped(self.fixture['input'])
  File "<packet>/scratch/mutants/X1-no-default-zero/tree/scripts/entity_selftest.py", line 203, in mapped
    return project(doc, old['entity_model_id'], old['entity_capabilities'])
  File "<packet>/scratch/mutants/X1-no-default-zero/tree/scripts/milan_entity.py", line 66, in project
    raise Invalid('milan.entity.firmware_rev: expected a non-negative integer')
entity_yaml.Invalid: milan.entity.firmware_rev: expected a non-negative integer

======================================================================
ERROR: test_mapping_hex_spellings (__main__.EntityTests.test_mapping_hex_spellings) (field='vendor_oui', value='0x0_0_1_B_C_5')
----------------------------------------------------------------------
Traceback (most recent call last):
  File "<packet>/scratch/mutants/X1-no-default-zero/tree/scripts/entity_selftest.py", line 229, in test_mapping_hex_spellings
    expected = self.mapped(self.fixture['input'])
  File "<packet>/scratch/mutants/X1-no-default-zero/tree/scripts/entity_selftest.py", line 203, in mapped
    return project(doc, old['entity_model_id'], old['entity_capabilities'])
  File "<packet>/scratch/mutants/X1-no-default-zero/tree/scripts/milan_entity.py", line 66, in project
    raise Invalid('milan.entity.firmware_rev: expected a non-negative integer')
entity_yaml.Invalid: milan.entity.firmware_rev: expected a non-negative integer

======================================================================
ERROR: test_mapping_hex_spellings (__main__.EntityTests.test_mapping_hex_spellings) (field='entity_capabilities', value='0000C588')
----------------------------------------------------------------------
Traceback (most recent call last):
  File "<packet>/scratch/mutants/X1-no-default-zero/tree/scripts/entity_selftest.py", line 229, in test_mapping_hex_spellings
    expected = self.mapped(self.fixture['input'])
  File "<packet>/scratch/mutants/X1-no-default-zero/tree/scripts/entity_selftest.py", line 203, in mapped
    return project(doc, old['entity_model_id'], old['entity_capabilities'])
  File "<packet>/scratch/mutants/X1-no-default-zero/tree/scripts/milan_entity.py", line 66, in project
    raise Invalid('milan.entity.firmware_rev: expected a non-negative integer')
entity_yaml.Invalid: milan.entity.firmware_rev: expected a non-negative integer

======================================================================
ERROR: test_mapping_hex_spellings (__main__.EntityTests.test_mapping_hex_spellings) (field='entity_capabilities', value='0000c588')
----------------------------------------------------------------------
Traceback (most recent call last):
  File "<packet>/scratch/mutants/X1-no-default-zero/tree/scripts/entity_selftest.py", line 229, in test_mapping_hex_spellings
    expected = self.mapped(self.fixture['input'])
  File "<packet>/scratch/mutants/X1-no-default-zero/tree/scripts/entity_selftest.py", line 203, in mapped
    return project(doc, old['entity_model_id'], old['entity_capabilities'])
  File "<packet>/scratch/mutants/X1-no-default-zero/tree/scripts/milan_entity.py", line 66, in project
    raise Invalid('milan.entity.firmware_rev: expected a non-negative integer')
entity_yaml.Invalid: milan.entity.firmware_rev: expected a non-negative integer

======================================================================
ERROR: test_mapping_hex_spellings (__main__.EntityTests.test_mapping_hex_spellings) (field='entity_capabilities', value='0x0000C588')
----------------------------------------------------------------------
Traceback (most recent call last):
  File "<packet>/scratch/mutants/X1-no-default-zero/tree/scripts/entity_selftest.py", line 229, in test_mapping_hex_spellings
    expected = self.mapped(self.fixture['input'])
  File "<packet>/scratch/mutants/X1-no-default-zero/tree/scripts/entity_selftest.py", line 203, in mapped
    return project(doc, old['entity_model_id'], old['entity_capabilities'])
  File "<packet>/scratch/mutants/X1-no-default-zero/tree/scripts/milan_entity.py", line 66, in project
    raise Invalid('milan.entity.firmware_rev: expected a non-negative integer')
entity_yaml.Invalid: milan.entity.firmware_rev: expected a non-negative integer

======================================================================
ERROR: test_mapping_hex_spellings (__main__.EntityTests.test_mapping_hex_spellings) (field='entity_capabilities', value='0X0000C588')
----------------------------------------------------------------------
Traceback (most recent call last):
  File "<packet>/scratch/mutants/X1-no-default-zero/tree/scripts/entity_selftest.py", line 229, in test_mapping_hex_spellings
    expected = self.mapped(self.fixture['input'])
  File "<packet>/scratch/mutants/X1-no-default-zero/tree/scripts/entity_selftest.py", line 203, in mapped
    return project(doc, old['entity_model_id'], old['entity_capabilities'])
  File "<packet>/scratch/mutants/X1-no-default-zero/tree/scripts/milan_entity.py", line 66, in project
    raise Invalid('milan.entity.firmware_rev: expected a non-negative integer')
entity_yaml.Invalid: milan.entity.firmware_rev: expected a non-negative integer

======================================================================
ERROR: test_mapping_hex_spellings (__main__.EntityTests.test_mapping_hex_spellings) (field='entity_capabilities', value='0_0_0_0_C_5_8_8')
----------------------------------------------------------------------
Traceback (most recent call last):
  File "<packet>/scratch/mutants/X1-no-default-zero/tree/scripts/entity_selftest.py", line 229, in test_mapping_hex_spellings
    expected = self.mapped(self.fixture['input'])
  File "<packet>/scratch/mutants/X1-no-default-zero/tree/scripts/entity_selftest.py", line 203, in mapped
    return project(doc, old['entity_model_id'], old['entity_capabilities'])
  File "<packet>/scratch/mutants/X1-no-default-zero/tree/scripts/milan_entity.py", line 66, in project
    raise Invalid('milan.entity.firmware_rev: expected a non-negative integer')
entity_yaml.Invalid: milan.entity.firmware_rev: expected a non-negative integer

======================================================================
ERROR: test_mapping_hex_spellings (__main__.EntityTests.test_mapping_hex_spellings) (field='entity_capabilities', value='0x0_0_0_0_C_5_8_8')
----------------------------------------------------------------------
Traceback (most recent call last):
  File "<packet>/scratch/mutants/X1-no-default-zero/tree/scripts/entity_selftest.py", line 229, in test_mapping_hex_spellings
    expected = self.mapped(self.fixture['input'])
  File "<packet>/scratch/mutants/X1-no-default-zero/tree/scripts/entity_selftest.py", line 203, in mapped
    return project(doc, old['entity_model_id'], old['entity_capabilities'])
  File "<packet>/scratch/mutants/X1-no-default-zero/tree/scripts/milan_entity.py", line 66, in project
    raise Invalid('milan.entity.firmware_rev: expected a non-negative integer')
entity_yaml.Invalid: milan.entity.firmware_rev: expected a non-negative integer

======================================================================
ERROR: test_mapping_mac_spellings (__main__.EntityTests.test_mapping_mac_spellings) (value='02:00:00:00:00:01')
----------------------------------------------------------------------
Traceback (most recent call last):
  File "<packet>/scratch/mutants/X1-no-default-zero/tree/scripts/entity_selftest.py", line 289, in test_mapping_mac_spellings
    mapped = self.mapped(doc)
  File "<packet>/scratch/mutants/X1-no-default-zero/tree/scripts/entity_selftest.py", line 203, in mapped
    return project(doc, old['entity_model_id'], old['entity_capabilities'])
  File "<packet>/scratch/mutants/X1-no-default-zero/tree/scripts/milan_entity.py", line 66, in project
    raise Invalid('milan.entity.firmware_rev: expected a non-negative integer')
entity_yaml.Invalid: milan.entity.firmware_rev: expected a non-negative integer

======================================================================
ERROR: test_mapping_mac_spellings (__main__.EntityTests.test_mapping_mac_spellings) (value='02-00-00-00-00-01')
----------------------------------------------------------------------
Traceback (most recent call last):
  File "<packet>/scratch/mutants/X1-no-default-zero/tree/scripts/entity_selftest.py", line 289, in test_mapping_mac_spellings
    mapped = self.mapped(doc)
  File "<packet>/scratch/mutants/X1-no-default-zero/tree/scripts/entity_selftest.py", line 203, in mapped
    return project(doc, old['entity_model_id'], old['entity_capabilities'])
  File "<packet>/scratch/mutants/X1-no-default-zero/tree/scripts/milan_entity.py", line 66, in project
    raise Invalid('milan.entity.firmware_rev: expected a non-negative integer')
entity_yaml.Invalid: milan.entity.firmware_rev: expected a non-negative integer

======================================================================
ERROR: test_mapping_mac_spellings (__main__.EntityTests.test_mapping_mac_spellings) (value='020000000001')
----------------------------------------------------------------------
Traceback (most recent call last):
  File "<packet>/scratch/mutants/X1-no-default-zero/tree/scripts/entity_selftest.py", line 289, in test_mapping_mac_spellings
    mapped = self.mapped(doc)
  File "<packet>/scratch/mutants/X1-no-default-zero/tree/scripts/entity_selftest.py", line 203, in mapped
    return project(doc, old['entity_model_id'], old['entity_capabilities'])
  File "<packet>/scratch/mutants/X1-no-default-zero/tree/scripts/milan_entity.py", line 66, in project
    raise Invalid('milan.entity.firmware_rev: expected a non-negative integer')
entity_yaml.Invalid: milan.entity.firmware_rev: expected a non-negative integer

======================================================================
ERROR: test_mapping_mac_spellings (__main__.EntityTests.test_mapping_mac_spellings) (value='0x02_0000_000001')
----------------------------------------------------------------------
Traceback (most recent call last):
  File "<packet>/scratch/mutants/X1-no-default-zero/tree/scripts/entity_selftest.py", line 289, in test_mapping_mac_spellings
    mapped = self.mapped(doc)
  File "<packet>/scratch/mutants/X1-no-default-zero/tree/scripts/entity_selftest.py", line 203, in mapped
    return project(doc, old['entity_model_id'], old['entity_capabilities'])
  File "<packet>/scratch/mutants/X1-no-default-zero/tree/scripts/milan_entity.py", line 66, in project
    raise Invalid('milan.entity.firmware_rev: expected a non-negative integer')
entity_yaml.Invalid: milan.entity.firmware_rev: expected a non-negative integer

======================================================================
ERROR: test_mapping_mac_spellings (__main__.EntityTests.test_mapping_mac_spellings) (value='0X020000000001')
----------------------------------------------------------------------
Traceback (most recent call last):
  File "<packet>/scratch/mutants/X1-no-default-zero/tree/scripts/entity_selftest.py", line 289, in test_mapping_mac_spellings
    mapped = self.mapped(doc)
  File "<packet>/scratch/mutants/X1-no-default-zero/tree/scripts/entity_selftest.py", line 203, in mapped
    return project(doc, old['entity_model_id'], old['entity_capabilities'])
  File "<packet>/scratch/mutants/X1-no-default-zero/tree/scripts/milan_entity.py", line 66, in project
    raise Invalid('milan.entity.firmware_rev: expected a non-negative integer')
entity_yaml.Invalid: milan.entity.firmware_rev: expected a non-negative integer

======================================================================
ERROR: test_mapping_pin_precedence_and_literal_validation (__main__.EntityTests.test_mapping_pin_precedence_and_literal_validation)
----------------------------------------------------------------------
Traceback (most recent call last):
  File "<packet>/scratch/mutants/X1-no-default-zero/tree/scripts/entity_selftest.py", line 255, in test_mapping_pin_precedence_and_literal_validation
    self.assertEqual(self.mapped(doc)['identity']['model_id'], 0x001BC5C1935893E1)
                     ~~~~~~~~~~~^^^^^
  File "<packet>/scratch/mutants/X1-no-default-zero/tree/scripts/entity_selftest.py", line 203, in mapped
    return project(doc, old['entity_model_id'], old['entity_capabilities'])
  File "<packet>/scratch/mutants/X1-no-default-zero/tree/scripts/milan_entity.py", line 66, in project
    raise Invalid('milan.entity.firmware_rev: expected a non-negative integer')
entity_yaml.Invalid: milan.entity.firmware_rev: expected a non-negative integer

======================================================================
ERROR: test_mapping_unprefixed_entity_id (__main__.EntityTests.test_mapping_unprefixed_entity_id)
----------------------------------------------------------------------
Traceback (most recent call last):
  File "<packet>/scratch/mutants/X1-no-default-zero/tree/scripts/entity_selftest.py", line 218, in test_mapping_unprefixed_entity_id
    self.assertEqual(self.mapped(doc)['identity']['entity_id'], 0x020000FFFE000001)
                     ~~~~~~~~~~~^^^^^
  File "<packet>/scratch/mutants/X1-no-default-zero/tree/scripts/entity_selftest.py", line 203, in mapped
    return project(doc, old['entity_model_id'], old['entity_capabilities'])
  File "<packet>/scratch/mutants/X1-no-default-zero/tree/scripts/milan_entity.py", line 66, in project
    raise Invalid('milan.entity.firmware_rev: expected a non-negative integer')
entity_yaml.Invalid: milan.entity.firmware_rev: expected a non-negative integer

======================================================================
FAIL: test_mapper_plant_base_zero (__main__.EntityTests.test_mapper_plant_base_zero)
----------------------------------------------------------------------
Traceback (most recent call last):
  File "<packet>/scratch/mutants/X1-no-default-zero/tree/scripts/entity_selftest.py", line 483, in test
    self.assertEqual((control.testsRun, control.failures, control.errors, control.skipped), (1, [], [], []))
    ~~~~~~~~~~~~~~~~^^^^^^^^^^^^^^^^^^^^^^^^^^^^^^^^^^^^^^^^^^^^^^^^^^^^^^^^^^^^^^^^^^^^^^^^^^^^^^^^^^^^^^^^
AssertionError: Tuples differ: (1, [], [(<__main__.EntityTests testMethod=test_ma[877 chars], []) != (1, [], [], [])

First differing element 2:
[(<__main__.EntityTests testMethod=test_ma[872 chars]\n')]
[]

Diff is 1101 characters long. Set self.maxDiff to None to see it.

======================================================================
FAIL: test_mapper_plant_double_underscore (__main__.EntityTests.test_mapper_plant_double_underscore)
----------------------------------------------------------------------
Traceback (most recent call last):
  File "<packet>/scratch/mutants/X1-no-default-zero/tree/scripts/entity_selftest.py", line 483, in test
    self.assertEqual((control.testsRun, control.failures, control.errors, control.skipped), (1, [], [], []))
    ~~~~~~~~~~~~~~~~^^^^^^^^^^^^^^^^^^^^^^^^^^^^^^^^^^^^^^^^^^^^^^^^^^^^^^^^^^^^^^^^^^^^^^^^^^^^^^^^^^^^^^^^
AssertionError: Tuples differ: (1, [(<__main__.EntityTests testMethod=test_ma[962 chars], []) != (1, [], [], [])

First differing element 1:
[(<__main__.EntityTests testMethod=test_ma[953 chars]\n')]
[]

Diff is 1178 characters long. Set self.maxDiff to None to see it.

======================================================================
FAIL: test_mapper_plant_entity_default (__main__.EntityTests.test_mapper_plant_entity_default)
----------------------------------------------------------------------
Traceback (most recent call last):
  File "<packet>/scratch/mutants/X1-no-default-zero/tree/scripts/entity_selftest.py", line 483, in test
    self.assertEqual((control.testsRun, control.failures, control.errors, control.skipped), (1, [], [], []))
    ~~~~~~~~~~~~~~~~^^^^^^^^^^^^^^^^^^^^^^^^^^^^^^^^^^^^^^^^^^^^^^^^^^^^^^^^^^^^^^^^^^^^^^^^^^^^^^^^^^^^^^^^
AssertionError: Tuples differ: (1, [], [(<__main__.EntityTests testMethod=test_ma[774 chars], []) != (1, [], [], [])

First differing element 2:
[(<__main__.EntityTests testMethod=test_ma[769 chars]\n')]
[]

Diff is 986 characters long. Set self.maxDiff to None to see it.

======================================================================
FAIL: test_mapper_plant_group_default (__main__.EntityTests.test_mapper_plant_group_default)
----------------------------------------------------------------------
Traceback (most recent call last):
  File "<packet>/scratch/mutants/X1-no-default-zero/tree/scripts/entity_selftest.py", line 483, in test
    self.assertEqual((control.testsRun, control.failures, control.errors, control.skipped), (1, [], [], []))
    ~~~~~~~~~~~~~~~~^^^^^^^^^^^^^^^^^^^^^^^^^^^^^^^^^^^^^^^^^^^^^^^^^^^^^^^^^^^^^^^^^^^^^^^^^^^^^^^^^^^^^^^^
AssertionError: Tuples differ: (1, [], [(<__main__.EntityTests testMethod=test_ma[860 chars], []) != (1, [], [], [])

First differing element 2:
[(<__main__.EntityTests testMethod=test_ma[855 chars]\n')]
[]

Diff is 1074 characters long. Set self.maxDiff to None to see it.

======================================================================
FAIL: test_mapper_plant_pin_agreement (__main__.EntityTests.test_mapper_plant_pin_agreement)
----------------------------------------------------------------------
Traceback (most recent call last):
  File "<packet>/scratch/mutants/X1-no-default-zero/tree/scripts/entity_selftest.py", line 483, in test
    self.assertEqual((control.testsRun, control.failures, control.errors, control.skipped), (1, [], [], []))
    ~~~~~~~~~~~~~~~~^^^^^^^^^^^^^^^^^^^^^^^^^^^^^^^^^^^^^^^^^^^^^^^^^^^^^^^^^^^^^^^^^^^^^^^^^^^^^^^^^^^^^^^^
AssertionError: Tuples differ: (1, [(<unittest.case._SubTest testMethod=runTe[5972 chars], []) != (1, [], [], [])

First differing element 1:
[(<unittest.case._SubTest testMethod=runTe[5963 chars]\n')]
[]

Diff is 6965 characters long. Set self.maxDiff to None to see it.

======================================================================
FAIL: test_mapper_plant_unbounded_digits (__main__.EntityTests.test_mapper_plant_unbounded_digits)
----------------------------------------------------------------------
Traceback (most recent call last):
  File "<packet>/scratch/mutants/X1-no-default-zero/tree/scripts/entity_selftest.py", line 483, in test
    self.assertEqual((control.testsRun, control.failures, control.errors, control.skipped), (1, [], [], []))
    ~~~~~~~~~~~~~~~~^^^^^^^^^^^^^^^^^^^^^^^^^^^^^^^^^^^^^^^^^^^^^^^^^^^^^^^^^^^^^^^^^^^^^^^^^^^^^^^^^^^^^^^^
AssertionError: Tuples differ: (1, [(<__main__.EntityTests testMethod=test_ma[923 chars], []) != (1, [], [], [])

First differing element 1:
[(<__main__.EntityTests testMethod=test_ma[914 chars]\n')]
[]

Diff is 1139 characters long. Set self.maxDiff to None to see it.

======================================================================
FAIL: test_mapper_plant_unquoted_accepted (__main__.EntityTests.test_mapper_plant_unquoted_accepted)
----------------------------------------------------------------------
Traceback (most recent call last):
  File "<packet>/scratch/mutants/X1-no-default-zero/tree/scripts/entity_selftest.py", line 483, in test
    self.assertEqual((control.testsRun, control.failures, control.errors, control.skipped), (1, [], [], []))
    ~~~~~~~~~~~~~~~~^^^^^^^^^^^^^^^^^^^^^^^^^^^^^^^^^^^^^^^^^^^^^^^^^^^^^^^^^^^^^^^^^^^^^^^^^^^^^^^^^^^^^^^^
AssertionError: Tuples differ: (1, [(<__main__.EntityTests testMethod=test_ma[891 chars], []) != (1, [], [], [])

First differing element 1:
[(<__main__.EntityTests testMethod=test_ma[882 chars]\n')]
[]

Diff is 1099 characters long. Set self.maxDiff to None to see it.

======================================================================
FAIL: test_mapper_plant_vendor_default (__main__.EntityTests.test_mapper_plant_vendor_default)
----------------------------------------------------------------------
Traceback (most recent call last):
  File "<packet>/scratch/mutants/X1-no-default-zero/tree/scripts/entity_selftest.py", line 483, in test
    self.assertEqual((control.testsRun, control.failures, control.errors, control.skipped), (1, [], [], []))
    ~~~~~~~~~~~~~~~~^^^^^^^^^^^^^^^^^^^^^^^^^^^^^^^^^^^^^^^^^^^^^^^^^^^^^^^^^^^^^^^^^^^^^^^^^^^^^^^^^^^^^^^^
AssertionError: Tuples differ: (1, [], [(<__main__.EntityTests testMethod=test_ma[874 chars], []) != (1, [], [], [])

First differing element 2:
[(<__main__.EntityTests testMethod=test_ma[869 chars]\n')]
[]

Diff is 1096 characters long. Set self.maxDiff to None to see it.

======================================================================
FAIL: test_mapping_firmware_rev_omitted (__main__.EntityTests.test_mapping_firmware_rev_omitted)
----------------------------------------------------------------------
Traceback (most recent call last):
  File "<packet>/scratch/mutants/X1-no-default-zero/tree/scripts/entity_selftest.py", line 439, in test
    mapped = self.mapped(doc)
  File "<packet>/scratch/mutants/X1-no-default-zero/tree/scripts/entity_selftest.py", line 203, in mapped
    return project(doc, old['entity_model_id'], old['entity_capabilities'])
  File "<packet>/scratch/mutants/X1-no-default-zero/tree/scripts/milan_entity.py", line 66, in project
    raise Invalid('milan.entity.firmware_rev: expected a non-negative integer')
entity_yaml.Invalid: milan.entity.firmware_rev: expected a non-negative integer

During handling of the above exception, another exception occurred:

Traceback (most recent call last):
  File "<packet>/scratch/mutants/X1-no-default-zero/tree/scripts/entity_selftest.py", line 441, in test
    self.fail('source-valid firmware_rev refused: ' + str(error))
    ~~~~~~~~~^^^^^^^^^^^^^^^^^^^^^^^^^^^^^^^^^^^^^^^^^^^^^^^^^^^^
AssertionError: source-valid firmware_rev refused: milan.entity.firmware_rev: expected a non-negative integer

======================================================================
FAIL: test_mapping_mac_refusals (__main__.EntityTests.test_mapping_mac_refusals) (value=1)
----------------------------------------------------------------------
Traceback (most recent call last):
  File "<packet>/scratch/mutants/X1-no-default-zero/tree/scripts/entity_selftest.py", line 306, in test_mapping_mac_refusals
    self.mapping_refuse(doc, 'milan.platform.mac_address: ' + message)
    ~~~~~~~~~~~~~~~~~~~^^^^^^^^^^^^^^^^^^^^^^^^^^^^^^^^^^^^^^^^^^^^^^^
  File "<packet>/scratch/mutants/X1-no-default-zero/tree/scripts/entity_selftest.py", line 208, in mapping_refuse
    self.assertEqual(str(caught.exception), message)
    ~~~~~~~~~~~~~~~~^^^^^^^^^^^^^^^^^^^^^^^^^^^^^^^^
AssertionError: 'milan.entity.firmware_rev: expected a non-negative integer' != 'milan.platform.mac_address: quote the hexadecimal value as a YAML string'
- milan.entity.firmware_rev: expected a non-negative integer
+ milan.platform.mac_address: quote the hexadecimal value as a YAML string


======================================================================
FAIL: test_mapping_mac_refusals (__main__.EntityTests.test_mapping_mac_refusals) (value='02000000001')
----------------------------------------------------------------------
Traceback (most recent call last):
  File "<packet>/scratch/mutants/X1-no-default-zero/tree/scripts/entity_selftest.py", line 306, in test_mapping_mac_refusals
    self.mapping_refuse(doc, 'milan.platform.mac_address: ' + message)
    ~~~~~~~~~~~~~~~~~~~^^^^^^^^^^^^^^^^^^^^^^^^^^^^^^^^^^^^^^^^^^^^^^^
  File "<packet>/scratch/mutants/X1-no-default-zero/tree/scripts/entity_selftest.py", line 208, in mapping_refuse
    self.assertEqual(str(caught.exception), message)
    ~~~~~~~~~~~~~~~~^^^^^^^^^^^^^^^^^^^^^^^^^^^^^^^^
AssertionError: 'milan.entity.firmware_rev: expected a non-negative integer' != 'milan.platform.mac_address: expected exactly 12 hexadecimal digits (48 bits)'
- milan.entity.firmware_rev: expected a non-negative integer
+ milan.platform.mac_address: expected exactly 12 hexadecimal digits (48 bits)


======================================================================
FAIL: test_mapping_mac_refusals (__main__.EntityTests.test_mapping_mac_refusals) (value='0020000000001')
----------------------------------------------------------------------
Traceback (most recent call last):
  File "<packet>/scratch/mutants/X1-no-default-zero/tree/scripts/entity_selftest.py", line 306, in test_mapping_mac_refusals
    self.mapping_refuse(doc, 'milan.platform.mac_address: ' + message)
    ~~~~~~~~~~~~~~~~~~~^^^^^^^^^^^^^^^^^^^^^^^^^^^^^^^^^^^^^^^^^^^^^^^
  File "<packet>/scratch/mutants/X1-no-default-zero/tree/scripts/entity_selftest.py", line 208, in mapping_refuse
    self.assertEqual(str(caught.exception), message)
    ~~~~~~~~~~~~~~~~^^^^^^^^^^^^^^^^^^^^^^^^^^^^^^^^
AssertionError: 'milan.entity.firmware_rev: expected a non-negative integer' != 'milan.platform.mac_address: expected at most 12[50 chars]eros'
- milan.entity.firmware_rev: expected a non-negative integer
+ milan.platform.mac_address: expected at most 12 hexadecimal digits (48 bits), including leading zeros


======================================================================
FAIL: test_mapping_mac_refusals (__main__.EntityTests.test_mapping_mac_refusals) (value='02-00:00-00-00-01')
----------------------------------------------------------------------
Traceback (most recent call last):
  File "<packet>/scratch/mutants/X1-no-default-zero/tree/scripts/entity_selftest.py", line 306, in test_mapping_mac_refusals
    self.mapping_refuse(doc, 'milan.platform.mac_address: ' + message)
    ~~~~~~~~~~~~~~~~~~~^^^^^^^^^^^^^^^^^^^^^^^^^^^^^^^^^^^^^^^^^^^^^^^
  File "<packet>/scratch/mutants/X1-no-default-zero/tree/scripts/entity_selftest.py", line 208, in mapping_refuse
    self.assertEqual(str(caught.exception), message)
    ~~~~~~~~~~~~~~~~^^^^^^^^^^^^^^^^^^^^^^^^^^^^^^^^
AssertionError: 'milan.entity.firmware_rev: expected a non-negative integer' != 'milan.platform.mac_address: expected hexadecima[82 chars]pace'
- milan.entity.firmware_rev: expected a non-negative integer
+ milan.platform.mac_address: expected hexadecimal digits with optional 0x and single underscores between digits; no sign or whitespace


======================================================================
FAIL: test_mapping_mac_refusals (__main__.EntityTests.test_mapping_mac_refusals) (value='00-00-00-00-00-00')
----------------------------------------------------------------------
Traceback (most recent call last):
  File "<packet>/scratch/mutants/X1-no-default-zero/tree/scripts/entity_selftest.py", line 306, in test_mapping_mac_refusals
    self.mapping_refuse(doc, 'milan.platform.mac_address: ' + message)
    ~~~~~~~~~~~~~~~~~~~^^^^^^^^^^^^^^^^^^^^^^^^^^^^^^^^^^^^^^^^^^^^^^^
  File "<packet>/scratch/mutants/X1-no-default-zero/tree/scripts/entity_selftest.py", line 208, in mapping_refuse
    self.assertEqual(str(caught.exception), message)
    ~~~~~~~~~~~~~~~~^^^^^^^^^^^^^^^^^^^^^^^^^^^^^^^^
AssertionError: 'milan.entity.firmware_rev: expected a non-negative integer' != 'milan.platform.mac_address: expected nonzero unicast MAC'
- milan.entity.firmware_rev: expected a non-negative integer
+ milan.platform.mac_address: expected nonzero unicast MAC


======================================================================
FAIL: test_mapping_mac_refusals (__main__.EntityTests.test_mapping_mac_refusals) (value='01-00-00-00-00-01')
----------------------------------------------------------------------
Traceback (most recent call last):
  File "<packet>/scratch/mutants/X1-no-default-zero/tree/scripts/entity_selftest.py", line 306, in test_mapping_mac_refusals
    self.mapping_refuse(doc, 'milan.platform.mac_address: ' + message)
    ~~~~~~~~~~~~~~~~~~~^^^^^^^^^^^^^^^^^^^^^^^^^^^^^^^^^^^^^^^^^^^^^^^
  File "<packet>/scratch/mutants/X1-no-default-zero/tree/scripts/entity_selftest.py", line 208, in mapping_refuse
    self.assertEqual(str(caught.exception), message)
    ~~~~~~~~~~~~~~~~^^^^^^^^^^^^^^^^^^^^^^^^^^^^^^^^
AssertionError: 'milan.entity.firmware_rev: expected a non-negative integer' != 'milan.platform.mac_address: expected nonzero unicast MAC'
- milan.entity.firmware_rev: expected a non-negative integer
+ milan.platform.mac_address: expected nonzero unicast MAC


======================================================================
FAIL: test_mapping_refusals (__main__.EntityTests.test_mapping_refusals) (path=('entity', 'entity_model_id'), value='1')
----------------------------------------------------------------------
Traceback (most recent call last):
  File "<packet>/scratch/mutants/X1-no-default-zero/tree/scripts/entity_selftest.py", line 196, in test_mapping_refusals
    self.mapping_refuse(doc, message)
    ~~~~~~~~~~~~~~~~~~~^^^^^^^^^^^^^^
  File "<packet>/scratch/mutants/X1-no-default-zero/tree/scripts/entity_selftest.py", line 208, in mapping_refuse
    self.assertEqual(str(caught.exception), message)
    ~~~~~~~~~~~~~~~~^^^^^^^^^^^^^^^^^^^^^^^^^^^^^^^^
AssertionError: 'milan.entity.firmware_rev: expected a non-negative integer' != 'milan.entity.entity_model_id: resolved value contradicts literal or pin'
- milan.entity.firmware_rev: expected a non-negative integer
+ milan.entity.entity_model_id: resolved value contradicts literal or pin


======================================================================
FAIL: test_mapping_refusals (__main__.EntityTests.test_mapping_refusals) (path=('entity', 'model_id_pin'), value='1')
----------------------------------------------------------------------
Traceback (most recent call last):
  File "<packet>/scratch/mutants/X1-no-default-zero/tree/scripts/entity_selftest.py", line 196, in test_mapping_refusals
    self.mapping_refuse(doc, message)
    ~~~~~~~~~~~~~~~~~~~^^^^^^^^^^^^^^
  File "<packet>/scratch/mutants/X1-no-default-zero/tree/scripts/entity_selftest.py", line 208, in mapping_refuse
    self.assertEqual(str(caught.exception), message)
    ~~~~~~~~~~~~~~~~^^^^^^^^^^^^^^^^^^^^^^^^^^^^^^^^
AssertionError: 'milan.entity.firmware_rev: expected a non-negative integer' != 'milan.entity.entity_model_id: resolved value contradicts literal or pin'
- milan.entity.firmware_rev: expected a non-negative integer
+ milan.entity.entity_model_id: resolved value contradicts literal or pin


======================================================================
FAIL: test_mapping_refusals (__main__.EntityTests.test_mapping_refusals) (path=('entity', 'entity_capabilities'), value='1')
----------------------------------------------------------------------
Traceback (most recent call last):
  File "<packet>/scratch/mutants/X1-no-default-zero/tree/scripts/entity_selftest.py", line 196, in test_mapping_refusals
    self.mapping_refuse(doc, message)
    ~~~~~~~~~~~~~~~~~~~^^^^^^^^^^^^^^
  File "<packet>/scratch/mutants/X1-no-default-zero/tree/scripts/entity_selftest.py", line 208, in mapping_refuse
    self.assertEqual(str(caught.exception), message)
    ~~~~~~~~~~~~~~~~^^^^^^^^^^^^^^^^^^^^^^^^^^^^^^^^
AssertionError: 'milan.entity.firmware_rev: expected a non-negative integer' != 'milan.entity.entity_capabilities: contradicts resolved capabilities'
- milan.entity.firmware_rev: expected a non-negative integer
+ milan.entity.entity_capabilities: contradicts resolved capabilities


======================================================================
FAIL: test_mapping_refusals (__main__.EntityTests.test_mapping_refusals) (path=('entity', 'vendor_oui'), value='1')
----------------------------------------------------------------------
Traceback (most recent call last):
  File "<packet>/scratch/mutants/X1-no-default-zero/tree/scripts/entity_selftest.py", line 196, in test_mapping_refusals
    self.mapping_refuse(doc, message)
    ~~~~~~~~~~~~~~~~~~~^^^^^^^^^^^^^^
  File "<packet>/scratch/mutants/X1-no-default-zero/tree/scripts/entity_selftest.py", line 208, in mapping_refuse
    self.assertEqual(str(caught.exception), message)
    ~~~~~~~~~~~~~~~~^^^^^^^^^^^^^^^^^^^^^^^^^^^^^^^^
AssertionError: 'milan.entity.firmware_rev: expected a non-negative integer' != 'milan.entity.vendor_oui: contradicts resolved model ID'
- milan.entity.firmware_rev: expected a non-negative integer
+ milan.entity.vendor_oui: contradicts resolved model ID


======================================================================
FAIL: test_mapping_refusals (__main__.EntityTests.test_mapping_refusals) (path=('entity', 'vendor_oui'), value='010000')
----------------------------------------------------------------------
Traceback (most recent call last):
  File "<packet>/scratch/mutants/X1-no-default-zero/tree/scripts/entity_selftest.py", line 196, in test_mapping_refusals
    self.mapping_refuse(doc, message)
    ~~~~~~~~~~~~~~~~~~~^^^^^^^^^^^^^^
  File "<packet>/scratch/mutants/X1-no-default-zero/tree/scripts/entity_selftest.py", line 208, in mapping_refuse
    self.assertEqual(str(caught.exception), message)
    ~~~~~~~~~~~~~~~~^^^^^^^^^^^^^^^^^^^^^^^^^^^^^^^^
AssertionError: 'milan.entity.firmware_rev: expected a non-negative integer' != 'milan.entity.vendor_oui: I/G bit must be clear'
- milan.entity.firmware_rev: expected a non-negative integer
+ milan.entity.vendor_oui: I/G bit must be clear


======================================================================
FAIL: test_mapping_refusals (__main__.EntityTests.test_mapping_refusals) (path=('clocking', 'crf_sink'), value='yes')
----------------------------------------------------------------------
Traceback (most recent call last):
  File "<packet>/scratch/mutants/X1-no-default-zero/tree/scripts/entity_selftest.py", line 196, in test_mapping_refusals
    self.mapping_refuse(doc, message)
    ~~~~~~~~~~~~~~~~~~~^^^^^^^^^^^^^^
  File "<packet>/scratch/mutants/X1-no-default-zero/tree/scripts/entity_selftest.py", line 208, in mapping_refuse
    self.assertEqual(str(caught.exception), message)
    ~~~~~~~~~~~~~~~~^^^^^^^^^^^^^^^^^^^^^^^^^^^^^^^^
AssertionError: 'milan.entity.firmware_rev: expected a non-negative integer' != 'milan.clocking: CRF enables must be booleans'
- milan.entity.firmware_rev: expected a non-negative integer
+ milan.clocking: CRF enables must be booleans


======================================================================
FAIL: test_mapping_refusals (__main__.EntityTests.test_mapping_refusals)
----------------------------------------------------------------------
Traceback (most recent call last):
  File "<packet>/scratch/mutants/X1-no-default-zero/tree/scripts/entity_selftest.py", line 199, in test_mapping_refusals
    self.mapping_refuse(doc, "milan: missing or invalid mapping input: 'mac_address'")
    ~~~~~~~~~~~~~~~~~~~^^^^^^^^^^^^^^^^^^^^^^^^^^^^^^^^^^^^^^^^^^^^^^^^^^^^^^^^^^^^^^^
  File "<packet>/scratch/mutants/X1-no-default-zero/tree/scripts/entity_selftest.py", line 208, in mapping_refuse
    self.assertEqual(str(caught.exception), message)
    ~~~~~~~~~~~~~~~~^^^^^^^^^^^^^^^^^^^^^^^^^^^^^^^^
AssertionError: 'milan.entity.firmware_rev: expected a non-negative integer' != "milan: missing or invalid mapping input: 'mac_address'"
- milan.entity.firmware_rev: expected a non-negative integer
+ milan: missing or invalid mapping input: 'mac_address'


======================================================================
FAIL: test_mapping_refuse_entity_capabilities_boolean (__main__.EntityTests.test_mapping_refuse_entity_capabilities_boolean)
----------------------------------------------------------------------
Traceback (most recent call last):
  File "<packet>/scratch/mutants/X1-no-default-zero/tree/scripts/entity_selftest.py", line 406, in test
    self.mapping_refuse(doc, f'milan.entity.{field}: {message}')
    ~~~~~~~~~~~~~~~~~~~^^^^^^^^^^^^^^^^^^^^^^^^^^^^^^^^^^^^^^^^^
  File "<packet>/scratch/mutants/X1-no-default-zero/tree/scripts/entity_selftest.py", line 208, in mapping_refuse
    self.assertEqual(str(caught.exception), message)
    ~~~~~~~~~~~~~~~~^^^^^^^^^^^^^^^^^^^^^^^^^^^^^^^^
AssertionError: 'milan.entity.firmware_rev: expected a non-negative integer' != 'milan.entity.entity_capabilities: quote the hexadecimal value as a YAML string'
- milan.entity.firmware_rev: expected a non-negative integer
+ milan.entity.entity_capabilities: quote the hexadecimal value as a YAML string


======================================================================
FAIL: test_mapping_refuse_entity_capabilities_double_underscore (__main__.EntityTests.test_mapping_refuse_entity_capabilities_double_underscore)
----------------------------------------------------------------------
Traceback (most recent call last):
  File "<packet>/scratch/mutants/X1-no-default-zero/tree/scripts/entity_selftest.py", line 406, in test
    self.mapping_refuse(doc, f'milan.entity.{field}: {message}')
    ~~~~~~~~~~~~~~~~~~~^^^^^^^^^^^^^^^^^^^^^^^^^^^^^^^^^^^^^^^^^
  File "<packet>/scratch/mutants/X1-no-default-zero/tree/scripts/entity_selftest.py", line 208, in mapping_refuse
    self.assertEqual(str(caught.exception), message)
    ~~~~~~~~~~~~~~~~^^^^^^^^^^^^^^^^^^^^^^^^^^^^^^^^
AssertionError: 'milan.entity.firmware_rev: expected a non-negative integer' != 'milan.entity.entity_capabilities: expected hexadecimal[81 chars]pace'
- milan.entity.firmware_rev: expected a non-negative integer
+ milan.entity.entity_capabilities: expected hexadecimal digits with optional 0x and single underscores between digits; no sign or whitespace


======================================================================
FAIL: test_mapping_refuse_entity_capabilities_empty (__main__.EntityTests.test_mapping_refuse_entity_capabilities_empty)
----------------------------------------------------------------------
Traceback (most recent call last):
  File "<packet>/scratch/mutants/X1-no-default-zero/tree/scripts/entity_selftest.py", line 406, in test
    self.mapping_refuse(doc, f'milan.entity.{field}: {message}')
    ~~~~~~~~~~~~~~~~~~~^^^^^^^^^^^^^^^^^^^^^^^^^^^^^^^^^^^^^^^^^
  File "<packet>/scratch/mutants/X1-no-default-zero/tree/scripts/entity_selftest.py", line 208, in mapping_refuse
    self.assertEqual(str(caught.exception), message)
    ~~~~~~~~~~~~~~~~^^^^^^^^^^^^^^^^^^^^^^^^^^^^^^^^
AssertionError: 'milan.entity.firmware_rev: expected a non-negative integer' != 'milan.entity.entity_capabilities: expected hexadecimal[81 chars]pace'
- milan.entity.firmware_rev: expected a non-negative integer
+ milan.entity.entity_capabilities: expected hexadecimal digits with optional 0x and single underscores between digits; no sign or whitespace


======================================================================
FAIL: test_mapping_refuse_entity_capabilities_extra_zero (__main__.EntityTests.test_mapping_refuse_entity_capabilities_extra_zero)
----------------------------------------------------------------------
Traceback (most recent call last):
  File "<packet>/scratch/mutants/X1-no-default-zero/tree/scripts/entity_selftest.py", line 406, in test
    self.mapping_refuse(doc, f'milan.entity.{field}: {message}')
    ~~~~~~~~~~~~~~~~~~~^^^^^^^^^^^^^^^^^^^^^^^^^^^^^^^^^^^^^^^^^
  File "<packet>/scratch/mutants/X1-no-default-zero/tree/scripts/entity_selftest.py", line 208, in mapping_refuse
    self.assertEqual(str(caught.exception), message)
    ~~~~~~~~~~~~~~~~^^^^^^^^^^^^^^^^^^^^^^^^^^^^^^^^
AssertionError: 'milan.entity.firmware_rev: expected a non-negative integer' != 'milan.entity.entity_capabilities: expected at most 8 h[48 chars]eros'
- milan.entity.firmware_rev: expected a non-negative integer
+ milan.entity.entity_capabilities: expected at most 8 hexadecimal digits (32 bits), including leading zeros


======================================================================
FAIL: test_mapping_refuse_entity_capabilities_float (__main__.EntityTests.test_mapping_refuse_entity_capabilities_float)
----------------------------------------------------------------------
Traceback (most recent call last):
  File "<packet>/scratch/mutants/X1-no-default-zero/tree/scripts/entity_selftest.py", line 406, in test
    self.mapping_refuse(doc, f'milan.entity.{field}: {message}')
    ~~~~~~~~~~~~~~~~~~~^^^^^^^^^^^^^^^^^^^^^^^^^^^^^^^^^^^^^^^^^
  File "<packet>/scratch/mutants/X1-no-default-zero/tree/scripts/entity_selftest.py", line 208, in mapping_refuse
    self.assertEqual(str(caught.exception), message)
    ~~~~~~~~~~~~~~~~^^^^^^^^^^^^^^^^^^^^^^^^^^^^^^^^
AssertionError: 'milan.entity.firmware_rev: expected a non-negative integer' != 'milan.entity.entity_capabilities: quote the hexadecimal value as a YAML string'
- milan.entity.firmware_rev: expected a non-negative integer
+ milan.entity.entity_capabilities: quote the hexadecimal value as a YAML string


======================================================================
FAIL: test_mapping_refuse_entity_capabilities_integer (__main__.EntityTests.test_mapping_refuse_entity_capabilities_integer)
----------------------------------------------------------------------
Traceback (most recent call last):
  File "<packet>/scratch/mutants/X1-no-default-zero/tree/scripts/entity_selftest.py", line 406, in test
    self.mapping_refuse(doc, f'milan.entity.{field}: {message}')
    ~~~~~~~~~~~~~~~~~~~^^^^^^^^^^^^^^^^^^^^^^^^^^^^^^^^^^^^^^^^^
  File "<packet>/scratch/mutants/X1-no-default-zero/tree/scripts/entity_selftest.py", line 208, in mapping_refuse
    self.assertEqual(str(caught.exception), message)
    ~~~~~~~~~~~~~~~~^^^^^^^^^^^^^^^^^^^^^^^^^^^^^^^^
AssertionError: 'milan.entity.firmware_rev: expected a non-negative integer' != 'milan.entity.entity_capabilities: quote the hexadecimal value as a YAML string'
- milan.entity.firmware_rev: expected a non-negative integer
+ milan.entity.entity_capabilities: quote the hexadecimal value as a YAML string


======================================================================
FAIL: test_mapping_refuse_entity_capabilities_leading_space (__main__.EntityTests.test_mapping_refuse_entity_capabilities_leading_space)
----------------------------------------------------------------------
Traceback (most recent call last):
  File "<packet>/scratch/mutants/X1-no-default-zero/tree/scripts/entity_selftest.py", line 406, in test
    self.mapping_refuse(doc, f'milan.entity.{field}: {message}')
    ~~~~~~~~~~~~~~~~~~~^^^^^^^^^^^^^^^^^^^^^^^^^^^^^^^^^^^^^^^^^
  File "<packet>/scratch/mutants/X1-no-default-zero/tree/scripts/entity_selftest.py", line 208, in mapping_refuse
    self.assertEqual(str(caught.exception), message)
    ~~~~~~~~~~~~~~~~^^^^^^^^^^^^^^^^^^^^^^^^^^^^^^^^
AssertionError: 'milan.entity.firmware_rev: expected a non-negative integer' != 'milan.entity.entity_capabilities: expected hexadecimal[81 chars]pace'
- milan.entity.firmware_rev: expected a non-negative integer
+ milan.entity.entity_capabilities: expected hexadecimal digits with optional 0x and single underscores between digits; no sign or whitespace


======================================================================
FAIL: test_mapping_refuse_entity_capabilities_leading_underscore (__main__.EntityTests.test_mapping_refuse_entity_capabilities_leading_underscore)
----------------------------------------------------------------------
Traceback (most recent call last):
  File "<packet>/scratch/mutants/X1-no-default-zero/tree/scripts/entity_selftest.py", line 406, in test
    self.mapping_refuse(doc, f'milan.entity.{field}: {message}')
    ~~~~~~~~~~~~~~~~~~~^^^^^^^^^^^^^^^^^^^^^^^^^^^^^^^^^^^^^^^^^
  File "<packet>/scratch/mutants/X1-no-default-zero/tree/scripts/entity_selftest.py", line 208, in mapping_refuse
    self.assertEqual(str(caught.exception), message)
    ~~~~~~~~~~~~~~~~^^^^^^^^^^^^^^^^^^^^^^^^^^^^^^^^
AssertionError: 'milan.entity.firmware_rev: expected a non-negative integer' != 'milan.entity.entity_capabilities: expected hexadecimal[81 chars]pace'
- milan.entity.firmware_rev: expected a non-negative integer
+ milan.entity.entity_capabilities: expected hexadecimal digits with optional 0x and single underscores between digits; no sign or whitespace


======================================================================
FAIL: test_mapping_refuse_entity_capabilities_list (__main__.EntityTests.test_mapping_refuse_entity_capabilities_list)
----------------------------------------------------------------------
Traceback (most recent call last):
  File "<packet>/scratch/mutants/X1-no-default-zero/tree/scripts/entity_selftest.py", line 406, in test
    self.mapping_refuse(doc, f'milan.entity.{field}: {message}')
    ~~~~~~~~~~~~~~~~~~~^^^^^^^^^^^^^^^^^^^^^^^^^^^^^^^^^^^^^^^^^
  File "<packet>/scratch/mutants/X1-no-default-zero/tree/scripts/entity_selftest.py", line 208, in mapping_refuse
    self.assertEqual(str(caught.exception), message)
    ~~~~~~~~~~~~~~~~^^^^^^^^^^^^^^^^^^^^^^^^^^^^^^^^
AssertionError: 'milan.entity.firmware_rev: expected a non-negative integer' != 'milan.entity.entity_capabilities: quote the hexadecimal value as a YAML string'
- milan.entity.firmware_rev: expected a non-negative integer
+ milan.entity.entity_capabilities: quote the hexadecimal value as a YAML string


======================================================================
FAIL: test_mapping_refuse_entity_capabilities_mapping (__main__.EntityTests.test_mapping_refuse_entity_capabilities_mapping)
----------------------------------------------------------------------
Traceback (most recent call last):
  File "<packet>/scratch/mutants/X1-no-default-zero/tree/scripts/entity_selftest.py", line 406, in test
    self.mapping_refuse(doc, f'milan.entity.{field}: {message}')
    ~~~~~~~~~~~~~~~~~~~^^^^^^^^^^^^^^^^^^^^^^^^^^^^^^^^^^^^^^^^^
  File "<packet>/scratch/mutants/X1-no-default-zero/tree/scripts/entity_selftest.py", line 208, in mapping_refuse
    self.assertEqual(str(caught.exception), message)
    ~~~~~~~~~~~~~~~~^^^^^^^^^^^^^^^^^^^^^^^^^^^^^^^^
AssertionError: 'milan.entity.firmware_rev: expected a non-negative integer' != 'milan.entity.entity_capabilities: quote the hexadecimal value as a YAML string'
- milan.entity.firmware_rev: expected a non-negative integer
+ milan.entity.entity_capabilities: quote the hexadecimal value as a YAML string


======================================================================
FAIL: test_mapping_refuse_entity_capabilities_negative (__main__.EntityTests.test_mapping_refuse_entity_capabilities_negative)
----------------------------------------------------------------------
Traceback (most recent call last):
  File "<packet>/scratch/mutants/X1-no-default-zero/tree/scripts/entity_selftest.py", line 406, in test
    self.mapping_refuse(doc, f'milan.entity.{field}: {message}')
    ~~~~~~~~~~~~~~~~~~~^^^^^^^^^^^^^^^^^^^^^^^^^^^^^^^^^^^^^^^^^
  File "<packet>/scratch/mutants/X1-no-default-zero/tree/scripts/entity_selftest.py", line 208, in mapping_refuse
    self.assertEqual(str(caught.exception), message)
    ~~~~~~~~~~~~~~~~^^^^^^^^^^^^^^^^^^^^^^^^^^^^^^^^
AssertionError: 'milan.entity.firmware_rev: expected a non-negative integer' != 'milan.entity.entity_capabilities: expected hexadecimal[81 chars]pace'
- milan.entity.firmware_rev: expected a non-negative integer
+ milan.entity.entity_capabilities: expected hexadecimal digits with optional 0x and single underscores between digits; no sign or whitespace


======================================================================
FAIL: test_mapping_refuse_entity_capabilities_newline (__main__.EntityTests.test_mapping_refuse_entity_capabilities_newline)
----------------------------------------------------------------------
Traceback (most recent call last):
  File "<packet>/scratch/mutants/X1-no-default-zero/tree/scripts/entity_selftest.py", line 406, in test
    self.mapping_refuse(doc, f'milan.entity.{field}: {message}')
    ~~~~~~~~~~~~~~~~~~~^^^^^^^^^^^^^^^^^^^^^^^^^^^^^^^^^^^^^^^^^
  File "<packet>/scratch/mutants/X1-no-default-zero/tree/scripts/entity_selftest.py", line 208, in mapping_refuse
    self.assertEqual(str(caught.exception), message)
    ~~~~~~~~~~~~~~~~^^^^^^^^^^^^^^^^^^^^^^^^^^^^^^^^
AssertionError: 'milan.entity.firmware_rev: expected a non-negative integer' != 'milan.entity.entity_capabilities: expected hexadecimal[81 chars]pace'
- milan.entity.firmware_rev: expected a non-negative integer
+ milan.entity.entity_capabilities: expected hexadecimal digits with optional 0x and single underscores between digits; no sign or whitespace


======================================================================
FAIL: test_mapping_refuse_entity_capabilities_nonhex (__main__.EntityTests.test_mapping_refuse_entity_capabilities_nonhex)
----------------------------------------------------------------------
Traceback (most recent call last):
  File "<packet>/scratch/mutants/X1-no-default-zero/tree/scripts/entity_selftest.py", line 406, in test
    self.mapping_refuse(doc, f'milan.entity.{field}: {message}')
    ~~~~~~~~~~~~~~~~~~~^^^^^^^^^^^^^^^^^^^^^^^^^^^^^^^^^^^^^^^^^
  File "<packet>/scratch/mutants/X1-no-default-zero/tree/scripts/entity_selftest.py", line 208, in mapping_refuse
    self.assertEqual(str(caught.exception), message)
    ~~~~~~~~~~~~~~~~^^^^^^^^^^^^^^^^^^^^^^^^^^^^^^^^
AssertionError: 'milan.entity.firmware_rev: expected a non-negative integer' != 'milan.entity.entity_capabilities: expected hexadecimal[81 chars]pace'
- milan.entity.firmware_rev: expected a non-negative integer
+ milan.entity.entity_capabilities: expected hexadecimal digits with optional 0x and single underscores between digits; no sign or whitespace


======================================================================
FAIL: test_mapping_refuse_entity_capabilities_null (__main__.EntityTests.test_mapping_refuse_entity_capabilities_null)
----------------------------------------------------------------------
Traceback (most recent call last):
  File "<packet>/scratch/mutants/X1-no-default-zero/tree/scripts/entity_selftest.py", line 406, in test
    self.mapping_refuse(doc, f'milan.entity.{field}: {message}')
    ~~~~~~~~~~~~~~~~~~~^^^^^^^^^^^^^^^^^^^^^^^^^^^^^^^^^^^^^^^^^
  File "<packet>/scratch/mutants/X1-no-default-zero/tree/scripts/entity_selftest.py", line 208, in mapping_refuse
    self.assertEqual(str(caught.exception), message)
    ~~~~~~~~~~~~~~~~^^^^^^^^^^^^^^^^^^^^^^^^^^^^^^^^
AssertionError: 'milan.entity.firmware_rev: expected a non-negative integer' != 'milan.entity.entity_capabilities: quote the hexadecimal value as a YAML string'
- milan.entity.firmware_rev: expected a non-negative integer
+ milan.entity.entity_capabilities: quote the hexadecimal value as a YAML string


======================================================================
FAIL: test_mapping_refuse_entity_capabilities_overflow (__main__.EntityTests.test_mapping_refuse_entity_capabilities_overflow)
----------------------------------------------------------------------
Traceback (most recent call last):
  File "<packet>/scratch/mutants/X1-no-default-zero/tree/scripts/entity_selftest.py", line 406, in test
    self.mapping_refuse(doc, f'milan.entity.{field}: {message}')
    ~~~~~~~~~~~~~~~~~~~^^^^^^^^^^^^^^^^^^^^^^^^^^^^^^^^^^^^^^^^^
  File "<packet>/scratch/mutants/X1-no-default-zero/tree/scripts/entity_selftest.py", line 208, in mapping_refuse
    self.assertEqual(str(caught.exception), message)
    ~~~~~~~~~~~~~~~~^^^^^^^^^^^^^^^^^^^^^^^^^^^^^^^^
AssertionError: 'milan.entity.firmware_rev: expected a non-negative integer' != 'milan.entity.entity_capabilities: expected at most 8 h[48 chars]eros'
- milan.entity.firmware_rev: expected a non-negative integer
+ milan.entity.entity_capabilities: expected at most 8 hexadecimal digits (32 bits), including leading zeros


======================================================================
FAIL: test_mapping_refuse_entity_capabilities_prefix_only (__main__.EntityTests.test_mapping_refuse_entity_capabilities_prefix_only)
----------------------------------------------------------------------
Traceback (most recent call last):
  File "<packet>/scratch/mutants/X1-no-default-zero/tree/scripts/entity_selftest.py", line 406, in test
    self.mapping_refuse(doc, f'milan.entity.{field}: {message}')
    ~~~~~~~~~~~~~~~~~~~^^^^^^^^^^^^^^^^^^^^^^^^^^^^^^^^^^^^^^^^^
  File "<packet>/scratch/mutants/X1-no-default-zero/tree/scripts/entity_selftest.py", line 208, in mapping_refuse
    self.assertEqual(str(caught.exception), message)
    ~~~~~~~~~~~~~~~~^^^^^^^^^^^^^^^^^^^^^^^^^^^^^^^^
AssertionError: 'milan.entity.firmware_rev: expected a non-negative integer' != 'milan.entity.entity_capabilities: expected hexadecimal[81 chars]pace'
- milan.entity.firmware_rev: expected a non-negative integer
+ milan.entity.entity_capabilities: expected hexadecimal digits with optional 0x and single underscores between digits; no sign or whitespace


======================================================================
FAIL: test_mapping_refuse_entity_capabilities_prefix_underscore (__main__.EntityTests.test_mapping_refuse_entity_capabilities_prefix_underscore)
----------------------------------------------------------------------
Traceback (most recent call last):
  File "<packet>/scratch/mutants/X1-no-default-zero/tree/scripts/entity_selftest.py", line 406, in test
    self.mapping_refuse(doc, f'milan.entity.{field}: {message}')
    ~~~~~~~~~~~~~~~~~~~^^^^^^^^^^^^^^^^^^^^^^^^^^^^^^^^^^^^^^^^^
  File "<packet>/scratch/mutants/X1-no-default-zero/tree/scripts/entity_selftest.py", line 208, in mapping_refuse
    self.assertEqual(str(caught.exception), message)
    ~~~~~~~~~~~~~~~~^^^^^^^^^^^^^^^^^^^^^^^^^^^^^^^^
AssertionError: 'milan.entity.firmware_rev: expected a non-negative integer' != 'milan.entity.entity_capabilities: expected hexadecimal[81 chars]pace'
- milan.entity.firmware_rev: expected a non-negative integer
+ milan.entity.entity_capabilities: expected hexadecimal digits with optional 0x and single underscores between digits; no sign or whitespace


======================================================================
FAIL: test_mapping_refuse_entity_capabilities_separator (__main__.EntityTests.test_mapping_refuse_entity_capabilities_separator)
----------------------------------------------------------------------
Traceback (most recent call last):
  File "<packet>/scratch/mutants/X1-no-default-zero/tree/scripts/entity_selftest.py", line 406, in test
    self.mapping_refuse(doc, f'milan.entity.{field}: {message}')
    ~~~~~~~~~~~~~~~~~~~^^^^^^^^^^^^^^^^^^^^^^^^^^^^^^^^^^^^^^^^^
  File "<packet>/scratch/mutants/X1-no-default-zero/tree/scripts/entity_selftest.py", line 208, in mapping_refuse
    self.assertEqual(str(caught.exception), message)
    ~~~~~~~~~~~~~~~~^^^^^^^^^^^^^^^^^^^^^^^^^^^^^^^^
AssertionError: 'milan.entity.firmware_rev: expected a non-negative integer' != 'milan.entity.entity_capabilities: expected hexadecimal[81 chars]pace'
- milan.entity.firmware_rev: expected a non-negative integer
+ milan.entity.entity_capabilities: expected hexadecimal digits with optional 0x and single underscores between digits; no sign or whitespace


======================================================================
FAIL: test_mapping_refuse_entity_capabilities_sign (__main__.EntityTests.test_mapping_refuse_entity_capabilities_sign)
----------------------------------------------------------------------
Traceback (most recent call last):
  File "<packet>/scratch/mutants/X1-no-default-zero/tree/scripts/entity_selftest.py", line 406, in test
    self.mapping_refuse(doc, f'milan.entity.{field}: {message}')
    ~~~~~~~~~~~~~~~~~~~^^^^^^^^^^^^^^^^^^^^^^^^^^^^^^^^^^^^^^^^^
  File "<packet>/scratch/mutants/X1-no-default-zero/tree/scripts/entity_selftest.py", line 208, in mapping_refuse
    self.assertEqual(str(caught.exception), message)
    ~~~~~~~~~~~~~~~~^^^^^^^^^^^^^^^^^^^^^^^^^^^^^^^^
AssertionError: 'milan.entity.firmware_rev: expected a non-negative integer' != 'milan.entity.entity_capabilities: expected hexadecimal[81 chars]pace'
- milan.entity.firmware_rev: expected a non-negative integer
+ milan.entity.entity_capabilities: expected hexadecimal digits with optional 0x and single underscores between digits; no sign or whitespace


======================================================================
FAIL: test_mapping_refuse_entity_capabilities_trailing_space (__main__.EntityTests.test_mapping_refuse_entity_capabilities_trailing_space)
----------------------------------------------------------------------
Traceback (most recent call last):
  File "<packet>/scratch/mutants/X1-no-default-zero/tree/scripts/entity_selftest.py", line 406, in test
    self.mapping_refuse(doc, f'milan.entity.{field}: {message}')
    ~~~~~~~~~~~~~~~~~~~^^^^^^^^^^^^^^^^^^^^^^^^^^^^^^^^^^^^^^^^^
  File "<packet>/scratch/mutants/X1-no-default-zero/tree/scripts/entity_selftest.py", line 208, in mapping_refuse
    self.assertEqual(str(caught.exception), message)
    ~~~~~~~~~~~~~~~~^^^^^^^^^^^^^^^^^^^^^^^^^^^^^^^^
AssertionError: 'milan.entity.firmware_rev: expected a non-negative integer' != 'milan.entity.entity_capabilities: expected hexadecimal[81 chars]pace'
- milan.entity.firmware_rev: expected a non-negative integer
+ milan.entity.entity_capabilities: expected hexadecimal digits with optional 0x and single underscores between digits; no sign or whitespace


======================================================================
FAIL: test_mapping_refuse_entity_capabilities_trailing_underscore (__main__.EntityTests.test_mapping_refuse_entity_capabilities_trailing_underscore)
----------------------------------------------------------------------
Traceback (most recent call last):
  File "<packet>/scratch/mutants/X1-no-default-zero/tree/scripts/entity_selftest.py", line 406, in test
    self.mapping_refuse(doc, f'milan.entity.{field}: {message}')
    ~~~~~~~~~~~~~~~~~~~^^^^^^^^^^^^^^^^^^^^^^^^^^^^^^^^^^^^^^^^^
  File "<packet>/scratch/mutants/X1-no-default-zero/tree/scripts/entity_selftest.py", line 208, in mapping_refuse
    self.assertEqual(str(caught.exception), message)
    ~~~~~~~~~~~~~~~~^^^^^^^^^^^^^^^^^^^^^^^^^^^^^^^^
AssertionError: 'milan.entity.firmware_rev: expected a non-negative integer' != 'milan.entity.entity_capabilities: expected hexadecimal[81 chars]pace'
- milan.entity.firmware_rev: expected a non-negative integer
+ milan.entity.entity_capabilities: expected hexadecimal digits with optional 0x and single underscores between digits; no sign or whitespace


======================================================================
FAIL: test_mapping_refuse_entity_capabilities_unicode (__main__.EntityTests.test_mapping_refuse_entity_capabilities_unicode)
----------------------------------------------------------------------
Traceback (most recent call last):
  File "<packet>/scratch/mutants/X1-no-default-zero/tree/scripts/entity_selftest.py", line 406, in test
    self.mapping_refuse(doc, f'milan.entity.{field}: {message}')
    ~~~~~~~~~~~~~~~~~~~^^^^^^^^^^^^^^^^^^^^^^^^^^^^^^^^^^^^^^^^^
  File "<packet>/scratch/mutants/X1-no-default-zero/tree/scripts/entity_selftest.py", line 208, in mapping_refuse
    self.assertEqual(str(caught.exception), message)
    ~~~~~~~~~~~~~~~~^^^^^^^^^^^^^^^^^^^^^^^^^^^^^^^^
AssertionError: 'milan.entity.firmware_rev: expected a non-negative integer' != 'milan.entity.entity_capabilities: expected hexadecimal[81 chars]pace'
- milan.entity.firmware_rev: expected a non-negative integer
+ milan.entity.entity_capabilities: expected hexadecimal digits with optional 0x and single underscores between digits; no sign or whitespace


======================================================================
FAIL: test_mapping_refuse_entity_capabilities_wide_underscores (__main__.EntityTests.test_mapping_refuse_entity_capabilities_wide_underscores)
----------------------------------------------------------------------
Traceback (most recent call last):
  File "<packet>/scratch/mutants/X1-no-default-zero/tree/scripts/entity_selftest.py", line 406, in test
    self.mapping_refuse(doc, f'milan.entity.{field}: {message}')
    ~~~~~~~~~~~~~~~~~~~^^^^^^^^^^^^^^^^^^^^^^^^^^^^^^^^^^^^^^^^^
  File "<packet>/scratch/mutants/X1-no-default-zero/tree/scripts/entity_selftest.py", line 208, in mapping_refuse
    self.assertEqual(str(caught.exception), message)
    ~~~~~~~~~~~~~~~~^^^^^^^^^^^^^^^^^^^^^^^^^^^^^^^^
AssertionError: 'milan.entity.firmware_rev: expected a non-negative integer' != 'milan.entity.entity_capabilities: expected at most 8 h[48 chars]eros'
- milan.entity.firmware_rev: expected a non-negative integer
+ milan.entity.entity_capabilities: expected at most 8 hexadecimal digits (32 bits), including leading zeros


======================================================================
FAIL: test_mapping_refuse_entity_id_boolean (__main__.EntityTests.test_mapping_refuse_entity_id_boolean)
----------------------------------------------------------------------
Traceback (most recent call last):
  File "<packet>/scratch/mutants/X1-no-default-zero/tree/scripts/entity_selftest.py", line 406, in test
    self.mapping_refuse(doc, f'milan.entity.{field}: {message}')
    ~~~~~~~~~~~~~~~~~~~^^^^^^^^^^^^^^^^^^^^^^^^^^^^^^^^^^^^^^^^^
  File "<packet>/scratch/mutants/X1-no-default-zero/tree/scripts/entity_selftest.py", line 208, in mapping_refuse
    self.assertEqual(str(caught.exception), message)
    ~~~~~~~~~~~~~~~~^^^^^^^^^^^^^^^^^^^^^^^^^^^^^^^^
AssertionError: 'milan.entity.firmware_rev: expected a non-negative integer' != 'milan.entity.entity_id: quote the hexadecimal value as a YAML string'
- milan.entity.firmware_rev: expected a non-negative integer
+ milan.entity.entity_id: quote the hexadecimal value as a YAML string


======================================================================
FAIL: test_mapping_refuse_entity_id_double_underscore (__main__.EntityTests.test_mapping_refuse_entity_id_double_underscore)
----------------------------------------------------------------------
Traceback (most recent call last):
  File "<packet>/scratch/mutants/X1-no-default-zero/tree/scripts/entity_selftest.py", line 406, in test
    self.mapping_refuse(doc, f'milan.entity.{field}: {message}')
    ~~~~~~~~~~~~~~~~~~~^^^^^^^^^^^^^^^^^^^^^^^^^^^^^^^^^^^^^^^^^
  File "<packet>/scratch/mutants/X1-no-default-zero/tree/scripts/entity_selftest.py", line 208, in mapping_refuse
    self.assertEqual(str(caught.exception), message)
    ~~~~~~~~~~~~~~~~^^^^^^^^^^^^^^^^^^^^^^^^^^^^^^^^
AssertionError: 'milan.entity.firmware_rev: expected a non-negative integer' != 'milan.entity.entity_id: expected hexadecimal digits wi[71 chars]pace'
- milan.entity.firmware_rev: expected a non-negative integer
+ milan.entity.entity_id: expected hexadecimal digits with optional 0x and single underscores between digits; no sign or whitespace


======================================================================
FAIL: test_mapping_refuse_entity_id_empty (__main__.EntityTests.test_mapping_refuse_entity_id_empty)
----------------------------------------------------------------------
Traceback (most recent call last):
  File "<packet>/scratch/mutants/X1-no-default-zero/tree/scripts/entity_selftest.py", line 406, in test
    self.mapping_refuse(doc, f'milan.entity.{field}: {message}')
    ~~~~~~~~~~~~~~~~~~~^^^^^^^^^^^^^^^^^^^^^^^^^^^^^^^^^^^^^^^^^
  File "<packet>/scratch/mutants/X1-no-default-zero/tree/scripts/entity_selftest.py", line 208, in mapping_refuse
    self.assertEqual(str(caught.exception), message)
    ~~~~~~~~~~~~~~~~^^^^^^^^^^^^^^^^^^^^^^^^^^^^^^^^
AssertionError: 'milan.entity.firmware_rev: expected a non-negative integer' != 'milan.entity.entity_id: expected hexadecimal digits wi[71 chars]pace'
- milan.entity.firmware_rev: expected a non-negative integer
+ milan.entity.entity_id: expected hexadecimal digits with optional 0x and single underscores between digits; no sign or whitespace


======================================================================
FAIL: test_mapping_refuse_entity_id_extra_zero (__main__.EntityTests.test_mapping_refuse_entity_id_extra_zero)
----------------------------------------------------------------------
Traceback (most recent call last):
  File "<packet>/scratch/mutants/X1-no-default-zero/tree/scripts/entity_selftest.py", line 406, in test
    self.mapping_refuse(doc, f'milan.entity.{field}: {message}')
    ~~~~~~~~~~~~~~~~~~~^^^^^^^^^^^^^^^^^^^^^^^^^^^^^^^^^^^^^^^^^
  File "<packet>/scratch/mutants/X1-no-default-zero/tree/scripts/entity_selftest.py", line 208, in mapping_refuse
    self.assertEqual(str(caught.exception), message)
    ~~~~~~~~~~~~~~~~^^^^^^^^^^^^^^^^^^^^^^^^^^^^^^^^
AssertionError: 'milan.entity.firmware_rev: expected a non-negative integer' != 'milan.entity.entity_id: expected at most 16 hexadecima[39 chars]eros'
- milan.entity.firmware_rev: expected a non-negative integer
+ milan.entity.entity_id: expected at most 16 hexadecimal digits (64 bits), including leading zeros


======================================================================
FAIL: test_mapping_refuse_entity_id_float (__main__.EntityTests.test_mapping_refuse_entity_id_float)
----------------------------------------------------------------------
Traceback (most recent call last):
  File "<packet>/scratch/mutants/X1-no-default-zero/tree/scripts/entity_selftest.py", line 406, in test
    self.mapping_refuse(doc, f'milan.entity.{field}: {message}')
    ~~~~~~~~~~~~~~~~~~~^^^^^^^^^^^^^^^^^^^^^^^^^^^^^^^^^^^^^^^^^
  File "<packet>/scratch/mutants/X1-no-default-zero/tree/scripts/entity_selftest.py", line 208, in mapping_refuse
    self.assertEqual(str(caught.exception), message)
    ~~~~~~~~~~~~~~~~^^^^^^^^^^^^^^^^^^^^^^^^^^^^^^^^
AssertionError: 'milan.entity.firmware_rev: expected a non-negative integer' != 'milan.entity.entity_id: quote the hexadecimal value as a YAML string'
- milan.entity.firmware_rev: expected a non-negative integer
+ milan.entity.entity_id: quote the hexadecimal value as a YAML string


======================================================================
FAIL: test_mapping_refuse_entity_id_integer (__main__.EntityTests.test_mapping_refuse_entity_id_integer)
----------------------------------------------------------------------
Traceback (most recent call last):
  File "<packet>/scratch/mutants/X1-no-default-zero/tree/scripts/entity_selftest.py", line 406, in test
    self.mapping_refuse(doc, f'milan.entity.{field}: {message}')
    ~~~~~~~~~~~~~~~~~~~^^^^^^^^^^^^^^^^^^^^^^^^^^^^^^^^^^^^^^^^^
  File "<packet>/scratch/mutants/X1-no-default-zero/tree/scripts/entity_selftest.py", line 208, in mapping_refuse
    self.assertEqual(str(caught.exception), message)
    ~~~~~~~~~~~~~~~~^^^^^^^^^^^^^^^^^^^^^^^^^^^^^^^^
AssertionError: 'milan.entity.firmware_rev: expected a non-negative integer' != 'milan.entity.entity_id: quote the hexadecimal value as a YAML string'
- milan.entity.firmware_rev: expected a non-negative integer
+ milan.entity.entity_id: quote the hexadecimal value as a YAML string


======================================================================
FAIL: test_mapping_refuse_entity_id_leading_space (__main__.EntityTests.test_mapping_refuse_entity_id_leading_space)
----------------------------------------------------------------------
Traceback (most recent call last):
  File "<packet>/scratch/mutants/X1-no-default-zero/tree/scripts/entity_selftest.py", line 406, in test
    self.mapping_refuse(doc, f'milan.entity.{field}: {message}')
    ~~~~~~~~~~~~~~~~~~~^^^^^^^^^^^^^^^^^^^^^^^^^^^^^^^^^^^^^^^^^
  File "<packet>/scratch/mutants/X1-no-default-zero/tree/scripts/entity_selftest.py", line 208, in mapping_refuse
    self.assertEqual(str(caught.exception), message)
    ~~~~~~~~~~~~~~~~^^^^^^^^^^^^^^^^^^^^^^^^^^^^^^^^
AssertionError: 'milan.entity.firmware_rev: expected a non-negative integer' != 'milan.entity.entity_id: expected hexadecimal digits wi[71 chars]pace'
- milan.entity.firmware_rev: expected a non-negative integer
+ milan.entity.entity_id: expected hexadecimal digits with optional 0x and single underscores between digits; no sign or whitespace


======================================================================
FAIL: test_mapping_refuse_entity_id_leading_underscore (__main__.EntityTests.test_mapping_refuse_entity_id_leading_underscore)
----------------------------------------------------------------------
Traceback (most recent call last):
  File "<packet>/scratch/mutants/X1-no-default-zero/tree/scripts/entity_selftest.py", line 406, in test
    self.mapping_refuse(doc, f'milan.entity.{field}: {message}')
    ~~~~~~~~~~~~~~~~~~~^^^^^^^^^^^^^^^^^^^^^^^^^^^^^^^^^^^^^^^^^
  File "<packet>/scratch/mutants/X1-no-default-zero/tree/scripts/entity_selftest.py", line 208, in mapping_refuse
    self.assertEqual(str(caught.exception), message)
    ~~~~~~~~~~~~~~~~^^^^^^^^^^^^^^^^^^^^^^^^^^^^^^^^
AssertionError: 'milan.entity.firmware_rev: expected a non-negative integer' != 'milan.entity.entity_id: expected hexadecimal digits wi[71 chars]pace'
- milan.entity.firmware_rev: expected a non-negative integer
+ milan.entity.entity_id: expected hexadecimal digits with optional 0x and single underscores between digits; no sign or whitespace


======================================================================
FAIL: test_mapping_refuse_entity_id_list (__main__.EntityTests.test_mapping_refuse_entity_id_list)
----------------------------------------------------------------------
Traceback (most recent call last):
  File "<packet>/scratch/mutants/X1-no-default-zero/tree/scripts/entity_selftest.py", line 406, in test
    self.mapping_refuse(doc, f'milan.entity.{field}: {message}')
    ~~~~~~~~~~~~~~~~~~~^^^^^^^^^^^^^^^^^^^^^^^^^^^^^^^^^^^^^^^^^
  File "<packet>/scratch/mutants/X1-no-default-zero/tree/scripts/entity_selftest.py", line 208, in mapping_refuse
    self.assertEqual(str(caught.exception), message)
    ~~~~~~~~~~~~~~~~^^^^^^^^^^^^^^^^^^^^^^^^^^^^^^^^
AssertionError: 'milan.entity.firmware_rev: expected a non-negative integer' != 'milan.entity.entity_id: quote the hexadecimal value as a YAML string'
- milan.entity.firmware_rev: expected a non-negative integer
+ milan.entity.entity_id: quote the hexadecimal value as a YAML string


======================================================================
FAIL: test_mapping_refuse_entity_id_mapping (__main__.EntityTests.test_mapping_refuse_entity_id_mapping)
----------------------------------------------------------------------
Traceback (most recent call last):
  File "<packet>/scratch/mutants/X1-no-default-zero/tree/scripts/entity_selftest.py", line 406, in test
    self.mapping_refuse(doc, f'milan.entity.{field}: {message}')
    ~~~~~~~~~~~~~~~~~~~^^^^^^^^^^^^^^^^^^^^^^^^^^^^^^^^^^^^^^^^^
  File "<packet>/scratch/mutants/X1-no-default-zero/tree/scripts/entity_selftest.py", line 208, in mapping_refuse
    self.assertEqual(str(caught.exception), message)
    ~~~~~~~~~~~~~~~~^^^^^^^^^^^^^^^^^^^^^^^^^^^^^^^^
AssertionError: 'milan.entity.firmware_rev: expected a non-negative integer' != 'milan.entity.entity_id: quote the hexadecimal value as a YAML string'
- milan.entity.firmware_rev: expected a non-negative integer
+ milan.entity.entity_id: quote the hexadecimal value as a YAML string


======================================================================
FAIL: test_mapping_refuse_entity_id_negative (__main__.EntityTests.test_mapping_refuse_entity_id_negative)
----------------------------------------------------------------------
Traceback (most recent call last):
  File "<packet>/scratch/mutants/X1-no-default-zero/tree/scripts/entity_selftest.py", line 406, in test
    self.mapping_refuse(doc, f'milan.entity.{field}: {message}')
    ~~~~~~~~~~~~~~~~~~~^^^^^^^^^^^^^^^^^^^^^^^^^^^^^^^^^^^^^^^^^
  File "<packet>/scratch/mutants/X1-no-default-zero/tree/scripts/entity_selftest.py", line 208, in mapping_refuse
    self.assertEqual(str(caught.exception), message)
    ~~~~~~~~~~~~~~~~^^^^^^^^^^^^^^^^^^^^^^^^^^^^^^^^
AssertionError: 'milan.entity.firmware_rev: expected a non-negative integer' != 'milan.entity.entity_id: expected hexadecimal digits wi[71 chars]pace'
- milan.entity.firmware_rev: expected a non-negative integer
+ milan.entity.entity_id: expected hexadecimal digits with optional 0x and single underscores between digits; no sign or whitespace


======================================================================
FAIL: test_mapping_refuse_entity_id_newline (__main__.EntityTests.test_mapping_refuse_entity_id_newline)
----------------------------------------------------------------------
Traceback (most recent call last):
  File "<packet>/scratch/mutants/X1-no-default-zero/tree/scripts/entity_selftest.py", line 406, in test
    self.mapping_refuse(doc, f'milan.entity.{field}: {message}')
    ~~~~~~~~~~~~~~~~~~~^^^^^^^^^^^^^^^^^^^^^^^^^^^^^^^^^^^^^^^^^
  File "<packet>/scratch/mutants/X1-no-default-zero/tree/scripts/entity_selftest.py", line 208, in mapping_refuse
    self.assertEqual(str(caught.exception), message)
    ~~~~~~~~~~~~~~~~^^^^^^^^^^^^^^^^^^^^^^^^^^^^^^^^
AssertionError: 'milan.entity.firmware_rev: expected a non-negative integer' != 'milan.entity.entity_id: expected hexadecimal digits wi[71 chars]pace'
- milan.entity.firmware_rev: expected a non-negative integer
+ milan.entity.entity_id: expected hexadecimal digits with optional 0x and single underscores between digits; no sign or whitespace


======================================================================
FAIL: test_mapping_refuse_entity_id_nonhex (__main__.EntityTests.test_mapping_refuse_entity_id_nonhex)
----------------------------------------------------------------------
Traceback (most recent call last):
  File "<packet>/scratch/mutants/X1-no-default-zero/tree/scripts/entity_selftest.py", line 406, in test
    self.mapping_refuse(doc, f'milan.entity.{field}: {message}')
    ~~~~~~~~~~~~~~~~~~~^^^^^^^^^^^^^^^^^^^^^^^^^^^^^^^^^^^^^^^^^
  File "<packet>/scratch/mutants/X1-no-default-zero/tree/scripts/entity_selftest.py", line 208, in mapping_refuse
    self.assertEqual(str(caught.exception), message)
    ~~~~~~~~~~~~~~~~^^^^^^^^^^^^^^^^^^^^^^^^^^^^^^^^
AssertionError: 'milan.entity.firmware_rev: expected a non-negative integer' != 'milan.entity.entity_id: expected hexadecimal digits wi[71 chars]pace'
- milan.entity.firmware_rev: expected a non-negative integer
+ milan.entity.entity_id: expected hexadecimal digits with optional 0x and single underscores between digits; no sign or whitespace


======================================================================
FAIL: test_mapping_refuse_entity_id_null (__main__.EntityTests.test_mapping_refuse_entity_id_null)
----------------------------------------------------------------------
Traceback (most recent call last):
  File "<packet>/scratch/mutants/X1-no-default-zero/tree/scripts/entity_selftest.py", line 406, in test
    self.mapping_refuse(doc, f'milan.entity.{field}: {message}')
    ~~~~~~~~~~~~~~~~~~~^^^^^^^^^^^^^^^^^^^^^^^^^^^^^^^^^^^^^^^^^
  File "<packet>/scratch/mutants/X1-no-default-zero/tree/scripts/entity_selftest.py", line 208, in mapping_refuse
    self.assertEqual(str(caught.exception), message)
    ~~~~~~~~~~~~~~~~^^^^^^^^^^^^^^^^^^^^^^^^^^^^^^^^
AssertionError: 'milan.entity.firmware_rev: expected a non-negative integer' != 'milan.entity.entity_id: quote the hexadecimal value as a YAML string'
- milan.entity.firmware_rev: expected a non-negative integer
+ milan.entity.entity_id: quote the hexadecimal value as a YAML string


======================================================================
FAIL: test_mapping_refuse_entity_id_overflow (__main__.EntityTests.test_mapping_refuse_entity_id_overflow)
----------------------------------------------------------------------
Traceback (most recent call last):
  File "<packet>/scratch/mutants/X1-no-default-zero/tree/scripts/entity_selftest.py", line 406, in test
    self.mapping_refuse(doc, f'milan.entity.{field}: {message}')
    ~~~~~~~~~~~~~~~~~~~^^^^^^^^^^^^^^^^^^^^^^^^^^^^^^^^^^^^^^^^^
  File "<packet>/scratch/mutants/X1-no-default-zero/tree/scripts/entity_selftest.py", line 208, in mapping_refuse
    self.assertEqual(str(caught.exception), message)
    ~~~~~~~~~~~~~~~~^^^^^^^^^^^^^^^^^^^^^^^^^^^^^^^^
AssertionError: 'milan.entity.firmware_rev: expected a non-negative integer' != 'milan.entity.entity_id: expected at most 16 hexadecima[39 chars]eros'
- milan.entity.firmware_rev: expected a non-negative integer
+ milan.entity.entity_id: expected at most 16 hexadecimal digits (64 bits), including leading zeros


======================================================================
FAIL: test_mapping_refuse_entity_id_prefix_only (__main__.EntityTests.test_mapping_refuse_entity_id_prefix_only)
----------------------------------------------------------------------
Traceback (most recent call last):
  File "<packet>/scratch/mutants/X1-no-default-zero/tree/scripts/entity_selftest.py", line 406, in test
    self.mapping_refuse(doc, f'milan.entity.{field}: {message}')
    ~~~~~~~~~~~~~~~~~~~^^^^^^^^^^^^^^^^^^^^^^^^^^^^^^^^^^^^^^^^^
  File "<packet>/scratch/mutants/X1-no-default-zero/tree/scripts/entity_selftest.py", line 208, in mapping_refuse
    self.assertEqual(str(caught.exception), message)
    ~~~~~~~~~~~~~~~~^^^^^^^^^^^^^^^^^^^^^^^^^^^^^^^^
AssertionError: 'milan.entity.firmware_rev: expected a non-negative integer' != 'milan.entity.entity_id: expected hexadecimal digits wi[71 chars]pace'
- milan.entity.firmware_rev: expected a non-negative integer
+ milan.entity.entity_id: expected hexadecimal digits with optional 0x and single underscores between digits; no sign or whitespace


======================================================================
FAIL: test_mapping_refuse_entity_id_prefix_underscore (__main__.EntityTests.test_mapping_refuse_entity_id_prefix_underscore)
----------------------------------------------------------------------
Traceback (most recent call last):
  File "<packet>/scratch/mutants/X1-no-default-zero/tree/scripts/entity_selftest.py", line 406, in test
    self.mapping_refuse(doc, f'milan.entity.{field}: {message}')
    ~~~~~~~~~~~~~~~~~~~^^^^^^^^^^^^^^^^^^^^^^^^^^^^^^^^^^^^^^^^^
  File "<packet>/scratch/mutants/X1-no-default-zero/tree/scripts/entity_selftest.py", line 208, in mapping_refuse
    self.assertEqual(str(caught.exception), message)
    ~~~~~~~~~~~~~~~~^^^^^^^^^^^^^^^^^^^^^^^^^^^^^^^^
AssertionError: 'milan.entity.firmware_rev: expected a non-negative integer' != 'milan.entity.entity_id: expected hexadecimal digits wi[71 chars]pace'
- milan.entity.firmware_rev: expected a non-negative integer
+ milan.entity.entity_id: expected hexadecimal digits with optional 0x and single underscores between digits; no sign or whitespace


======================================================================
FAIL: test_mapping_refuse_entity_id_separator (__main__.EntityTests.test_mapping_refuse_entity_id_separator)
----------------------------------------------------------------------
Traceback (most recent call last):
  File "<packet>/scratch/mutants/X1-no-default-zero/tree/scripts/entity_selftest.py", line 406, in test
    self.mapping_refuse(doc, f'milan.entity.{field}: {message}')
    ~~~~~~~~~~~~~~~~~~~^^^^^^^^^^^^^^^^^^^^^^^^^^^^^^^^^^^^^^^^^
  File "<packet>/scratch/mutants/X1-no-default-zero/tree/scripts/entity_selftest.py", line 208, in mapping_refuse
    self.assertEqual(str(caught.exception), message)
    ~~~~~~~~~~~~~~~~^^^^^^^^^^^^^^^^^^^^^^^^^^^^^^^^
AssertionError: 'milan.entity.firmware_rev: expected a non-negative integer' != 'milan.entity.entity_id: expected hexadecimal digits wi[71 chars]pace'
- milan.entity.firmware_rev: expected a non-negative integer
+ milan.entity.entity_id: expected hexadecimal digits with optional 0x and single underscores between digits; no sign or whitespace


======================================================================
FAIL: test_mapping_refuse_entity_id_sign (__main__.EntityTests.test_mapping_refuse_entity_id_sign)
----------------------------------------------------------------------
Traceback (most recent call last):
  File "<packet>/scratch/mutants/X1-no-default-zero/tree/scripts/entity_selftest.py", line 406, in test
    self.mapping_refuse(doc, f'milan.entity.{field}: {message}')
    ~~~~~~~~~~~~~~~~~~~^^^^^^^^^^^^^^^^^^^^^^^^^^^^^^^^^^^^^^^^^
  File "<packet>/scratch/mutants/X1-no-default-zero/tree/scripts/entity_selftest.py", line 208, in mapping_refuse
    self.assertEqual(str(caught.exception), message)
    ~~~~~~~~~~~~~~~~^^^^^^^^^^^^^^^^^^^^^^^^^^^^^^^^
AssertionError: 'milan.entity.firmware_rev: expected a non-negative integer' != 'milan.entity.entity_id: expected hexadecimal digits wi[71 chars]pace'
- milan.entity.firmware_rev: expected a non-negative integer
+ milan.entity.entity_id: expected hexadecimal digits with optional 0x and single underscores between digits; no sign or whitespace


======================================================================
FAIL: test_mapping_refuse_entity_id_trailing_space (__main__.EntityTests.test_mapping_refuse_entity_id_trailing_space)
----------------------------------------------------------------------
Traceback (most recent call last):
  File "<packet>/scratch/mutants/X1-no-default-zero/tree/scripts/entity_selftest.py", line 406, in test
    self.mapping_refuse(doc, f'milan.entity.{field}: {message}')
    ~~~~~~~~~~~~~~~~~~~^^^^^^^^^^^^^^^^^^^^^^^^^^^^^^^^^^^^^^^^^
  File "<packet>/scratch/mutants/X1-no-default-zero/tree/scripts/entity_selftest.py", line 208, in mapping_refuse
    self.assertEqual(str(caught.exception), message)
    ~~~~~~~~~~~~~~~~^^^^^^^^^^^^^^^^^^^^^^^^^^^^^^^^
AssertionError: 'milan.entity.firmware_rev: expected a non-negative integer' != 'milan.entity.entity_id: expected hexadecimal digits wi[71 chars]pace'
- milan.entity.firmware_rev: expected a non-negative integer
+ milan.entity.entity_id: expected hexadecimal digits with optional 0x and single underscores between digits; no sign or whitespace


======================================================================
FAIL: test_mapping_refuse_entity_id_trailing_underscore (__main__.EntityTests.test_mapping_refuse_entity_id_trailing_underscore)
----------------------------------------------------------------------
Traceback (most recent call last):
  File "<packet>/scratch/mutants/X1-no-default-zero/tree/scripts/entity_selftest.py", line 406, in test
    self.mapping_refuse(doc, f'milan.entity.{field}: {message}')
    ~~~~~~~~~~~~~~~~~~~^^^^^^^^^^^^^^^^^^^^^^^^^^^^^^^^^^^^^^^^^
  File "<packet>/scratch/mutants/X1-no-default-zero/tree/scripts/entity_selftest.py", line 208, in mapping_refuse
    self.assertEqual(str(caught.exception), message)
    ~~~~~~~~~~~~~~~~^^^^^^^^^^^^^^^^^^^^^^^^^^^^^^^^
AssertionError: 'milan.entity.firmware_rev: expected a non-negative integer' != 'milan.entity.entity_id: expected hexadecimal digits wi[71 chars]pace'
- milan.entity.firmware_rev: expected a non-negative integer
+ milan.entity.entity_id: expected hexadecimal digits with optional 0x and single underscores between digits; no sign or whitespace


======================================================================
FAIL: test_mapping_refuse_entity_id_unicode (__main__.EntityTests.test_mapping_refuse_entity_id_unicode)
----------------------------------------------------------------------
Traceback (most recent call last):
  File "<packet>/scratch/mutants/X1-no-default-zero/tree/scripts/entity_selftest.py", line 406, in test
    self.mapping_refuse(doc, f'milan.entity.{field}: {message}')
    ~~~~~~~~~~~~~~~~~~~^^^^^^^^^^^^^^^^^^^^^^^^^^^^^^^^^^^^^^^^^
  File "<packet>/scratch/mutants/X1-no-default-zero/tree/scripts/entity_selftest.py", line 208, in mapping_refuse
    self.assertEqual(str(caught.exception), message)
    ~~~~~~~~~~~~~~~~^^^^^^^^^^^^^^^^^^^^^^^^^^^^^^^^
AssertionError: 'milan.entity.firmware_rev: expected a non-negative integer' != 'milan.entity.entity_id: expected hexadecimal digits wi[71 chars]pace'
- milan.entity.firmware_rev: expected a non-negative integer
+ milan.entity.entity_id: expected hexadecimal digits with optional 0x and single underscores between digits; no sign or whitespace


======================================================================
FAIL: test_mapping_refuse_entity_id_wide_underscores (__main__.EntityTests.test_mapping_refuse_entity_id_wide_underscores)
----------------------------------------------------------------------
Traceback (most recent call last):
  File "<packet>/scratch/mutants/X1-no-default-zero/tree/scripts/entity_selftest.py", line 406, in test
    self.mapping_refuse(doc, f'milan.entity.{field}: {message}')
    ~~~~~~~~~~~~~~~~~~~^^^^^^^^^^^^^^^^^^^^^^^^^^^^^^^^^^^^^^^^^
  File "<packet>/scratch/mutants/X1-no-default-zero/tree/scripts/entity_selftest.py", line 208, in mapping_refuse
    self.assertEqual(str(caught.exception), message)
    ~~~~~~~~~~~~~~~~^^^^^^^^^^^^^^^^^^^^^^^^^^^^^^^^
AssertionError: 'milan.entity.firmware_rev: expected a non-negative integer' != 'milan.entity.entity_id: expected at most 16 hexadecima[39 chars]eros'
- milan.entity.firmware_rev: expected a non-negative integer
+ milan.entity.entity_id: expected at most 16 hexadecimal digits (64 bits), including leading zeros


======================================================================
FAIL: test_mapping_refuse_entity_model_id_boolean (__main__.EntityTests.test_mapping_refuse_entity_model_id_boolean)
----------------------------------------------------------------------
Traceback (most recent call last):
  File "<packet>/scratch/mutants/X1-no-default-zero/tree/scripts/entity_selftest.py", line 406, in test
    self.mapping_refuse(doc, f'milan.entity.{field}: {message}')
    ~~~~~~~~~~~~~~~~~~~^^^^^^^^^^^^^^^^^^^^^^^^^^^^^^^^^^^^^^^^^
  File "<packet>/scratch/mutants/X1-no-default-zero/tree/scripts/entity_selftest.py", line 208, in mapping_refuse
    self.assertEqual(str(caught.exception), message)
    ~~~~~~~~~~~~~~~~^^^^^^^^^^^^^^^^^^^^^^^^^^^^^^^^
AssertionError: 'milan.entity.firmware_rev: expected a non-negative integer' != 'milan.entity.entity_model_id: quote the hexadecimal value as a YAML string'
- milan.entity.firmware_rev: expected a non-negative integer
+ milan.entity.entity_model_id: quote the hexadecimal value as a YAML string


======================================================================
FAIL: test_mapping_refuse_entity_model_id_double_underscore (__main__.EntityTests.test_mapping_refuse_entity_model_id_double_underscore)
----------------------------------------------------------------------
Traceback (most recent call last):
  File "<packet>/scratch/mutants/X1-no-default-zero/tree/scripts/entity_selftest.py", line 406, in test
    self.mapping_refuse(doc, f'milan.entity.{field}: {message}')
    ~~~~~~~~~~~~~~~~~~~^^^^^^^^^^^^^^^^^^^^^^^^^^^^^^^^^^^^^^^^^
  File "<packet>/scratch/mutants/X1-no-default-zero/tree/scripts/entity_selftest.py", line 208, in mapping_refuse
    self.assertEqual(str(caught.exception), message)
    ~~~~~~~~~~~~~~~~^^^^^^^^^^^^^^^^^^^^^^^^^^^^^^^^
AssertionError: 'milan.entity.firmware_rev: expected a non-negative integer' != 'milan.entity.entity_model_id: expected hexadecimal dig[77 chars]pace'
- milan.entity.firmware_rev: expected a non-negative integer
+ milan.entity.entity_model_id: expected hexadecimal digits with optional 0x and single underscores between digits; no sign or whitespace


======================================================================
FAIL: test_mapping_refuse_entity_model_id_empty (__main__.EntityTests.test_mapping_refuse_entity_model_id_empty)
----------------------------------------------------------------------
Traceback (most recent call last):
  File "<packet>/scratch/mutants/X1-no-default-zero/tree/scripts/entity_selftest.py", line 406, in test
    self.mapping_refuse(doc, f'milan.entity.{field}: {message}')
    ~~~~~~~~~~~~~~~~~~~^^^^^^^^^^^^^^^^^^^^^^^^^^^^^^^^^^^^^^^^^
  File "<packet>/scratch/mutants/X1-no-default-zero/tree/scripts/entity_selftest.py", line 208, in mapping_refuse
    self.assertEqual(str(caught.exception), message)
    ~~~~~~~~~~~~~~~~^^^^^^^^^^^^^^^^^^^^^^^^^^^^^^^^
AssertionError: 'milan.entity.firmware_rev: expected a non-negative integer' != 'milan.entity.entity_model_id: expected hexadecimal dig[77 chars]pace'
- milan.entity.firmware_rev: expected a non-negative integer
+ milan.entity.entity_model_id: expected hexadecimal digits with optional 0x and single underscores between digits; no sign or whitespace


======================================================================
FAIL: test_mapping_refuse_entity_model_id_extra_zero (__main__.EntityTests.test_mapping_refuse_entity_model_id_extra_zero)
----------------------------------------------------------------------
Traceback (most recent call last):
  File "<packet>/scratch/mutants/X1-no-default-zero/tree/scripts/entity_selftest.py", line 406, in test
    self.mapping_refuse(doc, f'milan.entity.{field}: {message}')
    ~~~~~~~~~~~~~~~~~~~^^^^^^^^^^^^^^^^^^^^^^^^^^^^^^^^^^^^^^^^^
  File "<packet>/scratch/mutants/X1-no-default-zero/tree/scripts/entity_selftest.py", line 208, in mapping_refuse
    self.assertEqual(str(caught.exception), message)
    ~~~~~~~~~~~~~~~~^^^^^^^^^^^^^^^^^^^^^^^^^^^^^^^^
AssertionError: 'milan.entity.firmware_rev: expected a non-negative integer' != 'milan.entity.entity_model_id: expected at most 16 hexa[45 chars]eros'
- milan.entity.firmware_rev: expected a non-negative integer
+ milan.entity.entity_model_id: expected at most 16 hexadecimal digits (64 bits), including leading zeros


======================================================================
FAIL: test_mapping_refuse_entity_model_id_float (__main__.EntityTests.test_mapping_refuse_entity_model_id_float)
----------------------------------------------------------------------
Traceback (most recent call last):
  File "<packet>/scratch/mutants/X1-no-default-zero/tree/scripts/entity_selftest.py", line 406, in test
    self.mapping_refuse(doc, f'milan.entity.{field}: {message}')
    ~~~~~~~~~~~~~~~~~~~^^^^^^^^^^^^^^^^^^^^^^^^^^^^^^^^^^^^^^^^^
  File "<packet>/scratch/mutants/X1-no-default-zero/tree/scripts/entity_selftest.py", line 208, in mapping_refuse
    self.assertEqual(str(caught.exception), message)
    ~~~~~~~~~~~~~~~~^^^^^^^^^^^^^^^^^^^^^^^^^^^^^^^^
AssertionError: 'milan.entity.firmware_rev: expected a non-negative integer' != 'milan.entity.entity_model_id: quote the hexadecimal value as a YAML string'
- milan.entity.firmware_rev: expected a non-negative integer
+ milan.entity.entity_model_id: quote the hexadecimal value as a YAML string


======================================================================
FAIL: test_mapping_refuse_entity_model_id_integer (__main__.EntityTests.test_mapping_refuse_entity_model_id_integer)
----------------------------------------------------------------------
Traceback (most recent call last):
  File "<packet>/scratch/mutants/X1-no-default-zero/tree/scripts/entity_selftest.py", line 406, in test
    self.mapping_refuse(doc, f'milan.entity.{field}: {message}')
    ~~~~~~~~~~~~~~~~~~~^^^^^^^^^^^^^^^^^^^^^^^^^^^^^^^^^^^^^^^^^
  File "<packet>/scratch/mutants/X1-no-default-zero/tree/scripts/entity_selftest.py", line 208, in mapping_refuse
    self.assertEqual(str(caught.exception), message)
    ~~~~~~~~~~~~~~~~^^^^^^^^^^^^^^^^^^^^^^^^^^^^^^^^
AssertionError: 'milan.entity.firmware_rev: expected a non-negative integer' != 'milan.entity.entity_model_id: quote the hexadecimal value as a YAML string'
- milan.entity.firmware_rev: expected a non-negative integer
+ milan.entity.entity_model_id: quote the hexadecimal value as a YAML string


======================================================================
FAIL: test_mapping_refuse_entity_model_id_leading_space (__main__.EntityTests.test_mapping_refuse_entity_model_id_leading_space)
----------------------------------------------------------------------
Traceback (most recent call last):
  File "<packet>/scratch/mutants/X1-no-default-zero/tree/scripts/entity_selftest.py", line 406, in test
    self.mapping_refuse(doc, f'milan.entity.{field}: {message}')
    ~~~~~~~~~~~~~~~~~~~^^^^^^^^^^^^^^^^^^^^^^^^^^^^^^^^^^^^^^^^^
  File "<packet>/scratch/mutants/X1-no-default-zero/tree/scripts/entity_selftest.py", line 208, in mapping_refuse
    self.assertEqual(str(caught.exception), message)
    ~~~~~~~~~~~~~~~~^^^^^^^^^^^^^^^^^^^^^^^^^^^^^^^^
AssertionError: 'milan.entity.firmware_rev: expected a non-negative integer' != 'milan.entity.entity_model_id: expected hexadecimal dig[77 chars]pace'
- milan.entity.firmware_rev: expected a non-negative integer
+ milan.entity.entity_model_id: expected hexadecimal digits with optional 0x and single underscores between digits; no sign or whitespace


======================================================================
FAIL: test_mapping_refuse_entity_model_id_leading_underscore (__main__.EntityTests.test_mapping_refuse_entity_model_id_leading_underscore)
----------------------------------------------------------------------
Traceback (most recent call last):
  File "<packet>/scratch/mutants/X1-no-default-zero/tree/scripts/entity_selftest.py", line 406, in test
    self.mapping_refuse(doc, f'milan.entity.{field}: {message}')
    ~~~~~~~~~~~~~~~~~~~^^^^^^^^^^^^^^^^^^^^^^^^^^^^^^^^^^^^^^^^^
  File "<packet>/scratch/mutants/X1-no-default-zero/tree/scripts/entity_selftest.py", line 208, in mapping_refuse
    self.assertEqual(str(caught.exception), message)
    ~~~~~~~~~~~~~~~~^^^^^^^^^^^^^^^^^^^^^^^^^^^^^^^^
AssertionError: 'milan.entity.firmware_rev: expected a non-negative integer' != 'milan.entity.entity_model_id: expected hexadecimal dig[77 chars]pace'
- milan.entity.firmware_rev: expected a non-negative integer
+ milan.entity.entity_model_id: expected hexadecimal digits with optional 0x and single underscores between digits; no sign or whitespace


======================================================================
FAIL: test_mapping_refuse_entity_model_id_list (__main__.EntityTests.test_mapping_refuse_entity_model_id_list)
----------------------------------------------------------------------
Traceback (most recent call last):
  File "<packet>/scratch/mutants/X1-no-default-zero/tree/scripts/entity_selftest.py", line 406, in test
    self.mapping_refuse(doc, f'milan.entity.{field}: {message}')
    ~~~~~~~~~~~~~~~~~~~^^^^^^^^^^^^^^^^^^^^^^^^^^^^^^^^^^^^^^^^^
  File "<packet>/scratch/mutants/X1-no-default-zero/tree/scripts/entity_selftest.py", line 208, in mapping_refuse
    self.assertEqual(str(caught.exception), message)
    ~~~~~~~~~~~~~~~~^^^^^^^^^^^^^^^^^^^^^^^^^^^^^^^^
AssertionError: 'milan.entity.firmware_rev: expected a non-negative integer' != 'milan.entity.entity_model_id: quote the hexadecimal value as a YAML string'
- milan.entity.firmware_rev: expected a non-negative integer
+ milan.entity.entity_model_id: quote the hexadecimal value as a YAML string


======================================================================
FAIL: test_mapping_refuse_entity_model_id_mapping (__main__.EntityTests.test_mapping_refuse_entity_model_id_mapping)
----------------------------------------------------------------------
Traceback (most recent call last):
  File "<packet>/scratch/mutants/X1-no-default-zero/tree/scripts/entity_selftest.py", line 406, in test
    self.mapping_refuse(doc, f'milan.entity.{field}: {message}')
    ~~~~~~~~~~~~~~~~~~~^^^^^^^^^^^^^^^^^^^^^^^^^^^^^^^^^^^^^^^^^
  File "<packet>/scratch/mutants/X1-no-default-zero/tree/scripts/entity_selftest.py", line 208, in mapping_refuse
    self.assertEqual(str(caught.exception), message)
    ~~~~~~~~~~~~~~~~^^^^^^^^^^^^^^^^^^^^^^^^^^^^^^^^
AssertionError: 'milan.entity.firmware_rev: expected a non-negative integer' != 'milan.entity.entity_model_id: quote the hexadecimal value as a YAML string'
- milan.entity.firmware_rev: expected a non-negative integer
+ milan.entity.entity_model_id: quote the hexadecimal value as a YAML string


======================================================================
FAIL: test_mapping_refuse_entity_model_id_negative (__main__.EntityTests.test_mapping_refuse_entity_model_id_negative)
----------------------------------------------------------------------
Traceback (most recent call last):
  File "<packet>/scratch/mutants/X1-no-default-zero/tree/scripts/entity_selftest.py", line 406, in test
    self.mapping_refuse(doc, f'milan.entity.{field}: {message}')
    ~~~~~~~~~~~~~~~~~~~^^^^^^^^^^^^^^^^^^^^^^^^^^^^^^^^^^^^^^^^^
  File "<packet>/scratch/mutants/X1-no-default-zero/tree/scripts/entity_selftest.py", line 208, in mapping_refuse
    self.assertEqual(str(caught.exception), message)
    ~~~~~~~~~~~~~~~~^^^^^^^^^^^^^^^^^^^^^^^^^^^^^^^^
AssertionError: 'milan.entity.firmware_rev: expected a non-negative integer' != 'milan.entity.entity_model_id: expected hexadecimal dig[77 chars]pace'
- milan.entity.firmware_rev: expected a non-negative integer
+ milan.entity.entity_model_id: expected hexadecimal digits with optional 0x and single underscores between digits; no sign or whitespace


======================================================================
FAIL: test_mapping_refuse_entity_model_id_newline (__main__.EntityTests.test_mapping_refuse_entity_model_id_newline)
----------------------------------------------------------------------
Traceback (most recent call last):
  File "<packet>/scratch/mutants/X1-no-default-zero/tree/scripts/entity_selftest.py", line 406, in test
    self.mapping_refuse(doc, f'milan.entity.{field}: {message}')
    ~~~~~~~~~~~~~~~~~~~^^^^^^^^^^^^^^^^^^^^^^^^^^^^^^^^^^^^^^^^^
  File "<packet>/scratch/mutants/X1-no-default-zero/tree/scripts/entity_selftest.py", line 208, in mapping_refuse
    self.assertEqual(str(caught.exception), message)
    ~~~~~~~~~~~~~~~~^^^^^^^^^^^^^^^^^^^^^^^^^^^^^^^^
AssertionError: 'milan.entity.firmware_rev: expected a non-negative integer' != 'milan.entity.entity_model_id: expected hexadecimal dig[77 chars]pace'
- milan.entity.firmware_rev: expected a non-negative integer
+ milan.entity.entity_model_id: expected hexadecimal digits with optional 0x and single underscores between digits; no sign or whitespace


======================================================================
FAIL: test_mapping_refuse_entity_model_id_nonhex (__main__.EntityTests.test_mapping_refuse_entity_model_id_nonhex)
----------------------------------------------------------------------
Traceback (most recent call last):
  File "<packet>/scratch/mutants/X1-no-default-zero/tree/scripts/entity_selftest.py", line 406, in test
    self.mapping_refuse(doc, f'milan.entity.{field}: {message}')
    ~~~~~~~~~~~~~~~~~~~^^^^^^^^^^^^^^^^^^^^^^^^^^^^^^^^^^^^^^^^^
  File "<packet>/scratch/mutants/X1-no-default-zero/tree/scripts/entity_selftest.py", line 208, in mapping_refuse
    self.assertEqual(str(caught.exception), message)
    ~~~~~~~~~~~~~~~~^^^^^^^^^^^^^^^^^^^^^^^^^^^^^^^^
AssertionError: 'milan.entity.firmware_rev: expected a non-negative integer' != 'milan.entity.entity_model_id: expected hexadecimal dig[77 chars]pace'
- milan.entity.firmware_rev: expected a non-negative integer
+ milan.entity.entity_model_id: expected hexadecimal digits with optional 0x and single underscores between digits; no sign or whitespace


======================================================================
FAIL: test_mapping_refuse_entity_model_id_null (__main__.EntityTests.test_mapping_refuse_entity_model_id_null)
----------------------------------------------------------------------
Traceback (most recent call last):
  File "<packet>/scratch/mutants/X1-no-default-zero/tree/scripts/entity_selftest.py", line 406, in test
    self.mapping_refuse(doc, f'milan.entity.{field}: {message}')
    ~~~~~~~~~~~~~~~~~~~^^^^^^^^^^^^^^^^^^^^^^^^^^^^^^^^^^^^^^^^^
  File "<packet>/scratch/mutants/X1-no-default-zero/tree/scripts/entity_selftest.py", line 208, in mapping_refuse
    self.assertEqual(str(caught.exception), message)
    ~~~~~~~~~~~~~~~~^^^^^^^^^^^^^^^^^^^^^^^^^^^^^^^^
AssertionError: 'milan.entity.firmware_rev: expected a non-negative integer' != 'milan.entity.entity_model_id: quote the hexadecimal value as a YAML string'
- milan.entity.firmware_rev: expected a non-negative integer
+ milan.entity.entity_model_id: quote the hexadecimal value as a YAML string


======================================================================
FAIL: test_mapping_refuse_entity_model_id_overflow (__main__.EntityTests.test_mapping_refuse_entity_model_id_overflow)
----------------------------------------------------------------------
Traceback (most recent call last):
  File "<packet>/scratch/mutants/X1-no-default-zero/tree/scripts/entity_selftest.py", line 406, in test
    self.mapping_refuse(doc, f'milan.entity.{field}: {message}')
    ~~~~~~~~~~~~~~~~~~~^^^^^^^^^^^^^^^^^^^^^^^^^^^^^^^^^^^^^^^^^
  File "<packet>/scratch/mutants/X1-no-default-zero/tree/scripts/entity_selftest.py", line 208, in mapping_refuse
    self.assertEqual(str(caught.exception), message)
    ~~~~~~~~~~~~~~~~^^^^^^^^^^^^^^^^^^^^^^^^^^^^^^^^
AssertionError: 'milan.entity.firmware_rev: expected a non-negative integer' != 'milan.entity.entity_model_id: expected at most 16 hexa[45 chars]eros'
- milan.entity.firmware_rev: expected a non-negative integer
+ milan.entity.entity_model_id: expected at most 16 hexadecimal digits (64 bits), including leading zeros


======================================================================
FAIL: test_mapping_refuse_entity_model_id_prefix_only (__main__.EntityTests.test_mapping_refuse_entity_model_id_prefix_only)
----------------------------------------------------------------------
Traceback (most recent call last):
  File "<packet>/scratch/mutants/X1-no-default-zero/tree/scripts/entity_selftest.py", line 406, in test
    self.mapping_refuse(doc, f'milan.entity.{field}: {message}')
    ~~~~~~~~~~~~~~~~~~~^^^^^^^^^^^^^^^^^^^^^^^^^^^^^^^^^^^^^^^^^
  File "<packet>/scratch/mutants/X1-no-default-zero/tree/scripts/entity_selftest.py", line 208, in mapping_refuse
    self.assertEqual(str(caught.exception), message)
    ~~~~~~~~~~~~~~~~^^^^^^^^^^^^^^^^^^^^^^^^^^^^^^^^
AssertionError: 'milan.entity.firmware_rev: expected a non-negative integer' != 'milan.entity.entity_model_id: expected hexadecimal dig[77 chars]pace'
- milan.entity.firmware_rev: expected a non-negative integer
+ milan.entity.entity_model_id: expected hexadecimal digits with optional 0x and single underscores between digits; no sign or whitespace


======================================================================
FAIL: test_mapping_refuse_entity_model_id_prefix_underscore (__main__.EntityTests.test_mapping_refuse_entity_model_id_prefix_underscore)
----------------------------------------------------------------------
Traceback (most recent call last):
  File "<packet>/scratch/mutants/X1-no-default-zero/tree/scripts/entity_selftest.py", line 406, in test
    self.mapping_refuse(doc, f'milan.entity.{field}: {message}')
    ~~~~~~~~~~~~~~~~~~~^^^^^^^^^^^^^^^^^^^^^^^^^^^^^^^^^^^^^^^^^
  File "<packet>/scratch/mutants/X1-no-default-zero/tree/scripts/entity_selftest.py", line 208, in mapping_refuse
    self.assertEqual(str(caught.exception), message)
    ~~~~~~~~~~~~~~~~^^^^^^^^^^^^^^^^^^^^^^^^^^^^^^^^
AssertionError: 'milan.entity.firmware_rev: expected a non-negative integer' != 'milan.entity.entity_model_id: expected hexadecimal dig[77 chars]pace'
- milan.entity.firmware_rev: expected a non-negative integer
+ milan.entity.entity_model_id: expected hexadecimal digits with optional 0x and single underscores between digits; no sign or whitespace


======================================================================
FAIL: test_mapping_refuse_entity_model_id_separator (__main__.EntityTests.test_mapping_refuse_entity_model_id_separator)
----------------------------------------------------------------------
Traceback (most recent call last):
  File "<packet>/scratch/mutants/X1-no-default-zero/tree/scripts/entity_selftest.py", line 406, in test
    self.mapping_refuse(doc, f'milan.entity.{field}: {message}')
    ~~~~~~~~~~~~~~~~~~~^^^^^^^^^^^^^^^^^^^^^^^^^^^^^^^^^^^^^^^^^
  File "<packet>/scratch/mutants/X1-no-default-zero/tree/scripts/entity_selftest.py", line 208, in mapping_refuse
    self.assertEqual(str(caught.exception), message)
    ~~~~~~~~~~~~~~~~^^^^^^^^^^^^^^^^^^^^^^^^^^^^^^^^
AssertionError: 'milan.entity.firmware_rev: expected a non-negative integer' != 'milan.entity.entity_model_id: expected hexadecimal dig[77 chars]pace'
- milan.entity.firmware_rev: expected a non-negative integer
+ milan.entity.entity_model_id: expected hexadecimal digits with optional 0x and single underscores between digits; no sign or whitespace


======================================================================
FAIL: test_mapping_refuse_entity_model_id_sign (__main__.EntityTests.test_mapping_refuse_entity_model_id_sign)
----------------------------------------------------------------------
Traceback (most recent call last):
  File "<packet>/scratch/mutants/X1-no-default-zero/tree/scripts/entity_selftest.py", line 406, in test
    self.mapping_refuse(doc, f'milan.entity.{field}: {message}')
    ~~~~~~~~~~~~~~~~~~~^^^^^^^^^^^^^^^^^^^^^^^^^^^^^^^^^^^^^^^^^
  File "<packet>/scratch/mutants/X1-no-default-zero/tree/scripts/entity_selftest.py", line 208, in mapping_refuse
    self.assertEqual(str(caught.exception), message)
    ~~~~~~~~~~~~~~~~^^^^^^^^^^^^^^^^^^^^^^^^^^^^^^^^
AssertionError: 'milan.entity.firmware_rev: expected a non-negative integer' != 'milan.entity.entity_model_id: expected hexadecimal dig[77 chars]pace'
- milan.entity.firmware_rev: expected a non-negative integer
+ milan.entity.entity_model_id: expected hexadecimal digits with optional 0x and single underscores between digits; no sign or whitespace


======================================================================
FAIL: test_mapping_refuse_entity_model_id_trailing_space (__main__.EntityTests.test_mapping_refuse_entity_model_id_trailing_space)
----------------------------------------------------------------------
Traceback (most recent call last):
  File "<packet>/scratch/mutants/X1-no-default-zero/tree/scripts/entity_selftest.py", line 406, in test
    self.mapping_refuse(doc, f'milan.entity.{field}: {message}')
    ~~~~~~~~~~~~~~~~~~~^^^^^^^^^^^^^^^^^^^^^^^^^^^^^^^^^^^^^^^^^
  File "<packet>/scratch/mutants/X1-no-default-zero/tree/scripts/entity_selftest.py", line 208, in mapping_refuse
    self.assertEqual(str(caught.exception), message)
    ~~~~~~~~~~~~~~~~^^^^^^^^^^^^^^^^^^^^^^^^^^^^^^^^
AssertionError: 'milan.entity.firmware_rev: expected a non-negative integer' != 'milan.entity.entity_model_id: expected hexadecimal dig[77 chars]pace'
- milan.entity.firmware_rev: expected a non-negative integer
+ milan.entity.entity_model_id: expected hexadecimal digits with optional 0x and single underscores between digits; no sign or whitespace


======================================================================
FAIL: test_mapping_refuse_entity_model_id_trailing_underscore (__main__.EntityTests.test_mapping_refuse_entity_model_id_trailing_underscore)
----------------------------------------------------------------------
Traceback (most recent call last):
  File "<packet>/scratch/mutants/X1-no-default-zero/tree/scripts/entity_selftest.py", line 406, in test
    self.mapping_refuse(doc, f'milan.entity.{field}: {message}')
    ~~~~~~~~~~~~~~~~~~~^^^^^^^^^^^^^^^^^^^^^^^^^^^^^^^^^^^^^^^^^
  File "<packet>/scratch/mutants/X1-no-default-zero/tree/scripts/entity_selftest.py", line 208, in mapping_refuse
    self.assertEqual(str(caught.exception), message)
    ~~~~~~~~~~~~~~~~^^^^^^^^^^^^^^^^^^^^^^^^^^^^^^^^
AssertionError: 'milan.entity.firmware_rev: expected a non-negative integer' != 'milan.entity.entity_model_id: expected hexadecimal dig[77 chars]pace'
- milan.entity.firmware_rev: expected a non-negative integer
+ milan.entity.entity_model_id: expected hexadecimal digits with optional 0x and single underscores between digits; no sign or whitespace


======================================================================
FAIL: test_mapping_refuse_entity_model_id_unicode (__main__.EntityTests.test_mapping_refuse_entity_model_id_unicode)
----------------------------------------------------------------------
Traceback (most recent call last):
  File "<packet>/scratch/mutants/X1-no-default-zero/tree/scripts/entity_selftest.py", line 406, in test
    self.mapping_refuse(doc, f'milan.entity.{field}: {message}')
    ~~~~~~~~~~~~~~~~~~~^^^^^^^^^^^^^^^^^^^^^^^^^^^^^^^^^^^^^^^^^
  File "<packet>/scratch/mutants/X1-no-default-zero/tree/scripts/entity_selftest.py", line 208, in mapping_refuse
    self.assertEqual(str(caught.exception), message)
    ~~~~~~~~~~~~~~~~^^^^^^^^^^^^^^^^^^^^^^^^^^^^^^^^
AssertionError: 'milan.entity.firmware_rev: expected a non-negative integer' != 'milan.entity.entity_model_id: expected hexadecimal dig[77 chars]pace'
- milan.entity.firmware_rev: expected a non-negative integer
+ milan.entity.entity_model_id: expected hexadecimal digits with optional 0x and single underscores between digits; no sign or whitespace


======================================================================
FAIL: test_mapping_refuse_entity_model_id_wide_underscores (__main__.EntityTests.test_mapping_refuse_entity_model_id_wide_underscores)
----------------------------------------------------------------------
Traceback (most recent call last):
  File "<packet>/scratch/mutants/X1-no-default-zero/tree/scripts/entity_selftest.py", line 406, in test
    self.mapping_refuse(doc, f'milan.entity.{field}: {message}')
    ~~~~~~~~~~~~~~~~~~~^^^^^^^^^^^^^^^^^^^^^^^^^^^^^^^^^^^^^^^^^
  File "<packet>/scratch/mutants/X1-no-default-zero/tree/scripts/entity_selftest.py", line 208, in mapping_refuse
    self.assertEqual(str(caught.exception), message)
    ~~~~~~~~~~~~~~~~^^^^^^^^^^^^^^^^^^^^^^^^^^^^^^^^
AssertionError: 'milan.entity.firmware_rev: expected a non-negative integer' != 'milan.entity.entity_model_id: expected at most 16 hexa[45 chars]eros'
- milan.entity.firmware_rev: expected a non-negative integer
+ milan.entity.entity_model_id: expected at most 16 hexadecimal digits (64 bits), including leading zeros


======================================================================
FAIL: test_mapping_refuse_model_id_pin_boolean (__main__.EntityTests.test_mapping_refuse_model_id_pin_boolean)
----------------------------------------------------------------------
Traceback (most recent call last):
  File "<packet>/scratch/mutants/X1-no-default-zero/tree/scripts/entity_selftest.py", line 406, in test
    self.mapping_refuse(doc, f'milan.entity.{field}: {message}')
    ~~~~~~~~~~~~~~~~~~~^^^^^^^^^^^^^^^^^^^^^^^^^^^^^^^^^^^^^^^^^
  File "<packet>/scratch/mutants/X1-no-default-zero/tree/scripts/entity_selftest.py", line 208, in mapping_refuse
    self.assertEqual(str(caught.exception), message)
    ~~~~~~~~~~~~~~~~^^^^^^^^^^^^^^^^^^^^^^^^^^^^^^^^
AssertionError: 'milan.entity.firmware_rev: expected a non-negative integer' != 'milan.entity.model_id_pin: quote the hexadecimal value as a YAML string'
- milan.entity.firmware_rev: expected a non-negative integer
+ milan.entity.model_id_pin: quote the hexadecimal value as a YAML string


======================================================================
FAIL: test_mapping_refuse_model_id_pin_double_underscore (__main__.EntityTests.test_mapping_refuse_model_id_pin_double_underscore)
----------------------------------------------------------------------
Traceback (most recent call last):
  File "<packet>/scratch/mutants/X1-no-default-zero/tree/scripts/entity_selftest.py", line 406, in test
    self.mapping_refuse(doc, f'milan.entity.{field}: {message}')
    ~~~~~~~~~~~~~~~~~~~^^^^^^^^^^^^^^^^^^^^^^^^^^^^^^^^^^^^^^^^^
  File "<packet>/scratch/mutants/X1-no-default-zero/tree/scripts/entity_selftest.py", line 208, in mapping_refuse
    self.assertEqual(str(caught.exception), message)
    ~~~~~~~~~~~~~~~~^^^^^^^^^^^^^^^^^^^^^^^^^^^^^^^^
AssertionError: 'milan.entity.firmware_rev: expected a non-negative integer' != 'milan.entity.model_id_pin: expected hexadecimal digits[74 chars]pace'
- milan.entity.firmware_rev: expected a non-negative integer
+ milan.entity.model_id_pin: expected hexadecimal digits with optional 0x and single underscores between digits; no sign or whitespace


======================================================================
FAIL: test_mapping_refuse_model_id_pin_empty (__main__.EntityTests.test_mapping_refuse_model_id_pin_empty)
----------------------------------------------------------------------
Traceback (most recent call last):
  File "<packet>/scratch/mutants/X1-no-default-zero/tree/scripts/entity_selftest.py", line 406, in test
    self.mapping_refuse(doc, f'milan.entity.{field}: {message}')
    ~~~~~~~~~~~~~~~~~~~^^^^^^^^^^^^^^^^^^^^^^^^^^^^^^^^^^^^^^^^^
  File "<packet>/scratch/mutants/X1-no-default-zero/tree/scripts/entity_selftest.py", line 208, in mapping_refuse
    self.assertEqual(str(caught.exception), message)
    ~~~~~~~~~~~~~~~~^^^^^^^^^^^^^^^^^^^^^^^^^^^^^^^^
AssertionError: 'milan.entity.firmware_rev: expected a non-negative integer' != 'milan.entity.model_id_pin: expected hexadecimal digits[74 chars]pace'
- milan.entity.firmware_rev: expected a non-negative integer
+ milan.entity.model_id_pin: expected hexadecimal digits with optional 0x and single underscores between digits; no sign or whitespace


======================================================================
FAIL: test_mapping_refuse_model_id_pin_extra_zero (__main__.EntityTests.test_mapping_refuse_model_id_pin_extra_zero)
----------------------------------------------------------------------
Traceback (most recent call last):
  File "<packet>/scratch/mutants/X1-no-default-zero/tree/scripts/entity_selftest.py", line 406, in test
    self.mapping_refuse(doc, f'milan.entity.{field}: {message}')
    ~~~~~~~~~~~~~~~~~~~^^^^^^^^^^^^^^^^^^^^^^^^^^^^^^^^^^^^^^^^^
  File "<packet>/scratch/mutants/X1-no-default-zero/tree/scripts/entity_selftest.py", line 208, in mapping_refuse
    self.assertEqual(str(caught.exception), message)
    ~~~~~~~~~~~~~~~~^^^^^^^^^^^^^^^^^^^^^^^^^^^^^^^^
AssertionError: 'milan.entity.firmware_rev: expected a non-negative integer' != 'milan.entity.model_id_pin: expected at most 16 hexadec[42 chars]eros'
- milan.entity.firmware_rev: expected a non-negative integer
+ milan.entity.model_id_pin: expected at most 16 hexadecimal digits (64 bits), including leading zeros


======================================================================
FAIL: test_mapping_refuse_model_id_pin_float (__main__.EntityTests.test_mapping_refuse_model_id_pin_float)
----------------------------------------------------------------------
Traceback (most recent call last):
  File "<packet>/scratch/mutants/X1-no-default-zero/tree/scripts/entity_selftest.py", line 406, in test
    self.mapping_refuse(doc, f'milan.entity.{field}: {message}')
    ~~~~~~~~~~~~~~~~~~~^^^^^^^^^^^^^^^^^^^^^^^^^^^^^^^^^^^^^^^^^
  File "<packet>/scratch/mutants/X1-no-default-zero/tree/scripts/entity_selftest.py", line 208, in mapping_refuse
    self.assertEqual(str(caught.exception), message)
    ~~~~~~~~~~~~~~~~^^^^^^^^^^^^^^^^^^^^^^^^^^^^^^^^
AssertionError: 'milan.entity.firmware_rev: expected a non-negative integer' != 'milan.entity.model_id_pin: quote the hexadecimal value as a YAML string'
- milan.entity.firmware_rev: expected a non-negative integer
+ milan.entity.model_id_pin: quote the hexadecimal value as a YAML string


======================================================================
FAIL: test_mapping_refuse_model_id_pin_integer (__main__.EntityTests.test_mapping_refuse_model_id_pin_integer)
----------------------------------------------------------------------
Traceback (most recent call last):
  File "<packet>/scratch/mutants/X1-no-default-zero/tree/scripts/entity_selftest.py", line 406, in test
    self.mapping_refuse(doc, f'milan.entity.{field}: {message}')
    ~~~~~~~~~~~~~~~~~~~^^^^^^^^^^^^^^^^^^^^^^^^^^^^^^^^^^^^^^^^^
  File "<packet>/scratch/mutants/X1-no-default-zero/tree/scripts/entity_selftest.py", line 208, in mapping_refuse
    self.assertEqual(str(caught.exception), message)
    ~~~~~~~~~~~~~~~~^^^^^^^^^^^^^^^^^^^^^^^^^^^^^^^^
AssertionError: 'milan.entity.firmware_rev: expected a non-negative integer' != 'milan.entity.model_id_pin: quote the hexadecimal value as a YAML string'
- milan.entity.firmware_rev: expected a non-negative integer
+ milan.entity.model_id_pin: quote the hexadecimal value as a YAML string


======================================================================
FAIL: test_mapping_refuse_model_id_pin_leading_space (__main__.EntityTests.test_mapping_refuse_model_id_pin_leading_space)
----------------------------------------------------------------------
Traceback (most recent call last):
  File "<packet>/scratch/mutants/X1-no-default-zero/tree/scripts/entity_selftest.py", line 406, in test
    self.mapping_refuse(doc, f'milan.entity.{field}: {message}')
    ~~~~~~~~~~~~~~~~~~~^^^^^^^^^^^^^^^^^^^^^^^^^^^^^^^^^^^^^^^^^
  File "<packet>/scratch/mutants/X1-no-default-zero/tree/scripts/entity_selftest.py", line 208, in mapping_refuse
    self.assertEqual(str(caught.exception), message)
    ~~~~~~~~~~~~~~~~^^^^^^^^^^^^^^^^^^^^^^^^^^^^^^^^
AssertionError: 'milan.entity.firmware_rev: expected a non-negative integer' != 'milan.entity.model_id_pin: expected hexadecimal digits[74 chars]pace'
- milan.entity.firmware_rev: expected a non-negative integer
+ milan.entity.model_id_pin: expected hexadecimal digits with optional 0x and single underscores between digits; no sign or whitespace


======================================================================
FAIL: test_mapping_refuse_model_id_pin_leading_underscore (__main__.EntityTests.test_mapping_refuse_model_id_pin_leading_underscore)
----------------------------------------------------------------------
Traceback (most recent call last):
  File "<packet>/scratch/mutants/X1-no-default-zero/tree/scripts/entity_selftest.py", line 406, in test
    self.mapping_refuse(doc, f'milan.entity.{field}: {message}')
    ~~~~~~~~~~~~~~~~~~~^^^^^^^^^^^^^^^^^^^^^^^^^^^^^^^^^^^^^^^^^
  File "<packet>/scratch/mutants/X1-no-default-zero/tree/scripts/entity_selftest.py", line 208, in mapping_refuse
    self.assertEqual(str(caught.exception), message)
    ~~~~~~~~~~~~~~~~^^^^^^^^^^^^^^^^^^^^^^^^^^^^^^^^
AssertionError: 'milan.entity.firmware_rev: expected a non-negative integer' != 'milan.entity.model_id_pin: expected hexadecimal digits[74 chars]pace'
- milan.entity.firmware_rev: expected a non-negative integer
+ milan.entity.model_id_pin: expected hexadecimal digits with optional 0x and single underscores between digits; no sign or whitespace


======================================================================
FAIL: test_mapping_refuse_model_id_pin_list (__main__.EntityTests.test_mapping_refuse_model_id_pin_list)
----------------------------------------------------------------------
Traceback (most recent call last):
  File "<packet>/scratch/mutants/X1-no-default-zero/tree/scripts/entity_selftest.py", line 406, in test
    self.mapping_refuse(doc, f'milan.entity.{field}: {message}')
    ~~~~~~~~~~~~~~~~~~~^^^^^^^^^^^^^^^^^^^^^^^^^^^^^^^^^^^^^^^^^
  File "<packet>/scratch/mutants/X1-no-default-zero/tree/scripts/entity_selftest.py", line 208, in mapping_refuse
    self.assertEqual(str(caught.exception), message)
    ~~~~~~~~~~~~~~~~^^^^^^^^^^^^^^^^^^^^^^^^^^^^^^^^
AssertionError: 'milan.entity.firmware_rev: expected a non-negative integer' != 'milan.entity.model_id_pin: quote the hexadecimal value as a YAML string'
- milan.entity.firmware_rev: expected a non-negative integer
+ milan.entity.model_id_pin: quote the hexadecimal value as a YAML string


======================================================================
FAIL: test_mapping_refuse_model_id_pin_mapping (__main__.EntityTests.test_mapping_refuse_model_id_pin_mapping)
----------------------------------------------------------------------
Traceback (most recent call last):
  File "<packet>/scratch/mutants/X1-no-default-zero/tree/scripts/entity_selftest.py", line 406, in test
    self.mapping_refuse(doc, f'milan.entity.{field}: {message}')
    ~~~~~~~~~~~~~~~~~~~^^^^^^^^^^^^^^^^^^^^^^^^^^^^^^^^^^^^^^^^^
  File "<packet>/scratch/mutants/X1-no-default-zero/tree/scripts/entity_selftest.py", line 208, in mapping_refuse
    self.assertEqual(str(caught.exception), message)
    ~~~~~~~~~~~~~~~~^^^^^^^^^^^^^^^^^^^^^^^^^^^^^^^^
AssertionError: 'milan.entity.firmware_rev: expected a non-negative integer' != 'milan.entity.model_id_pin: quote the hexadecimal value as a YAML string'
- milan.entity.firmware_rev: expected a non-negative integer
+ milan.entity.model_id_pin: quote the hexadecimal value as a YAML string


======================================================================
FAIL: test_mapping_refuse_model_id_pin_negative (__main__.EntityTests.test_mapping_refuse_model_id_pin_negative)
----------------------------------------------------------------------
Traceback (most recent call last):
  File "<packet>/scratch/mutants/X1-no-default-zero/tree/scripts/entity_selftest.py", line 406, in test
    self.mapping_refuse(doc, f'milan.entity.{field}: {message}')
    ~~~~~~~~~~~~~~~~~~~^^^^^^^^^^^^^^^^^^^^^^^^^^^^^^^^^^^^^^^^^
  File "<packet>/scratch/mutants/X1-no-default-zero/tree/scripts/entity_selftest.py", line 208, in mapping_refuse
    self.assertEqual(str(caught.exception), message)
    ~~~~~~~~~~~~~~~~^^^^^^^^^^^^^^^^^^^^^^^^^^^^^^^^
AssertionError: 'milan.entity.firmware_rev: expected a non-negative integer' != 'milan.entity.model_id_pin: expected hexadecimal digits[74 chars]pace'
- milan.entity.firmware_rev: expected a non-negative integer
+ milan.entity.model_id_pin: expected hexadecimal digits with optional 0x and single underscores between digits; no sign or whitespace


======================================================================
FAIL: test_mapping_refuse_model_id_pin_newline (__main__.EntityTests.test_mapping_refuse_model_id_pin_newline)
----------------------------------------------------------------------
Traceback (most recent call last):
  File "<packet>/scratch/mutants/X1-no-default-zero/tree/scripts/entity_selftest.py", line 406, in test
    self.mapping_refuse(doc, f'milan.entity.{field}: {message}')
    ~~~~~~~~~~~~~~~~~~~^^^^^^^^^^^^^^^^^^^^^^^^^^^^^^^^^^^^^^^^^
  File "<packet>/scratch/mutants/X1-no-default-zero/tree/scripts/entity_selftest.py", line 208, in mapping_refuse
    self.assertEqual(str(caught.exception), message)
    ~~~~~~~~~~~~~~~~^^^^^^^^^^^^^^^^^^^^^^^^^^^^^^^^
AssertionError: 'milan.entity.firmware_rev: expected a non-negative integer' != 'milan.entity.model_id_pin: expected hexadecimal digits[74 chars]pace'
- milan.entity.firmware_rev: expected a non-negative integer
+ milan.entity.model_id_pin: expected hexadecimal digits with optional 0x and single underscores between digits; no sign or whitespace


======================================================================
FAIL: test_mapping_refuse_model_id_pin_nonhex (__main__.EntityTests.test_mapping_refuse_model_id_pin_nonhex)
----------------------------------------------------------------------
Traceback (most recent call last):
  File "<packet>/scratch/mutants/X1-no-default-zero/tree/scripts/entity_selftest.py", line 406, in test
    self.mapping_refuse(doc, f'milan.entity.{field}: {message}')
    ~~~~~~~~~~~~~~~~~~~^^^^^^^^^^^^^^^^^^^^^^^^^^^^^^^^^^^^^^^^^
  File "<packet>/scratch/mutants/X1-no-default-zero/tree/scripts/entity_selftest.py", line 208, in mapping_refuse
    self.assertEqual(str(caught.exception), message)
    ~~~~~~~~~~~~~~~~^^^^^^^^^^^^^^^^^^^^^^^^^^^^^^^^
AssertionError: 'milan.entity.firmware_rev: expected a non-negative integer' != 'milan.entity.model_id_pin: expected hexadecimal digits[74 chars]pace'
- milan.entity.firmware_rev: expected a non-negative integer
+ milan.entity.model_id_pin: expected hexadecimal digits with optional 0x and single underscores between digits; no sign or whitespace


======================================================================
FAIL: test_mapping_refuse_model_id_pin_null (__main__.EntityTests.test_mapping_refuse_model_id_pin_null)
----------------------------------------------------------------------
Traceback (most recent call last):
  File "<packet>/scratch/mutants/X1-no-default-zero/tree/scripts/entity_selftest.py", line 406, in test
    self.mapping_refuse(doc, f'milan.entity.{field}: {message}')
    ~~~~~~~~~~~~~~~~~~~^^^^^^^^^^^^^^^^^^^^^^^^^^^^^^^^^^^^^^^^^
  File "<packet>/scratch/mutants/X1-no-default-zero/tree/scripts/entity_selftest.py", line 208, in mapping_refuse
    self.assertEqual(str(caught.exception), message)
    ~~~~~~~~~~~~~~~~^^^^^^^^^^^^^^^^^^^^^^^^^^^^^^^^
AssertionError: 'milan.entity.firmware_rev: expected a non-negative integer' != 'milan.entity.model_id_pin: quote the hexadecimal value as a YAML string'
- milan.entity.firmware_rev: expected a non-negative integer
+ milan.entity.model_id_pin: quote the hexadecimal value as a YAML string


======================================================================
FAIL: test_mapping_refuse_model_id_pin_overflow (__main__.EntityTests.test_mapping_refuse_model_id_pin_overflow)
----------------------------------------------------------------------
Traceback (most recent call last):
  File "<packet>/scratch/mutants/X1-no-default-zero/tree/scripts/entity_selftest.py", line 406, in test
    self.mapping_refuse(doc, f'milan.entity.{field}: {message}')
    ~~~~~~~~~~~~~~~~~~~^^^^^^^^^^^^^^^^^^^^^^^^^^^^^^^^^^^^^^^^^
  File "<packet>/scratch/mutants/X1-no-default-zero/tree/scripts/entity_selftest.py", line 208, in mapping_refuse
    self.assertEqual(str(caught.exception), message)
    ~~~~~~~~~~~~~~~~^^^^^^^^^^^^^^^^^^^^^^^^^^^^^^^^
AssertionError: 'milan.entity.firmware_rev: expected a non-negative integer' != 'milan.entity.model_id_pin: expected at most 16 hexadec[42 chars]eros'
- milan.entity.firmware_rev: expected a non-negative integer
+ milan.entity.model_id_pin: expected at most 16 hexadecimal digits (64 bits), including leading zeros


======================================================================
FAIL: test_mapping_refuse_model_id_pin_prefix_only (__main__.EntityTests.test_mapping_refuse_model_id_pin_prefix_only)
----------------------------------------------------------------------
Traceback (most recent call last):
  File "<packet>/scratch/mutants/X1-no-default-zero/tree/scripts/entity_selftest.py", line 406, in test
    self.mapping_refuse(doc, f'milan.entity.{field}: {message}')
    ~~~~~~~~~~~~~~~~~~~^^^^^^^^^^^^^^^^^^^^^^^^^^^^^^^^^^^^^^^^^
  File "<packet>/scratch/mutants/X1-no-default-zero/tree/scripts/entity_selftest.py", line 208, in mapping_refuse
    self.assertEqual(str(caught.exception), message)
    ~~~~~~~~~~~~~~~~^^^^^^^^^^^^^^^^^^^^^^^^^^^^^^^^
AssertionError: 'milan.entity.firmware_rev: expected a non-negative integer' != 'milan.entity.model_id_pin: expected hexadecimal digits[74 chars]pace'
- milan.entity.firmware_rev: expected a non-negative integer
+ milan.entity.model_id_pin: expected hexadecimal digits with optional 0x and single underscores between digits; no sign or whitespace


======================================================================
FAIL: test_mapping_refuse_model_id_pin_prefix_underscore (__main__.EntityTests.test_mapping_refuse_model_id_pin_prefix_underscore)
----------------------------------------------------------------------
Traceback (most recent call last):
  File "<packet>/scratch/mutants/X1-no-default-zero/tree/scripts/entity_selftest.py", line 406, in test
    self.mapping_refuse(doc, f'milan.entity.{field}: {message}')
    ~~~~~~~~~~~~~~~~~~~^^^^^^^^^^^^^^^^^^^^^^^^^^^^^^^^^^^^^^^^^
  File "<packet>/scratch/mutants/X1-no-default-zero/tree/scripts/entity_selftest.py", line 208, in mapping_refuse
    self.assertEqual(str(caught.exception), message)
    ~~~~~~~~~~~~~~~~^^^^^^^^^^^^^^^^^^^^^^^^^^^^^^^^
AssertionError: 'milan.entity.firmware_rev: expected a non-negative integer' != 'milan.entity.model_id_pin: expected hexadecimal digits[74 chars]pace'
- milan.entity.firmware_rev: expected a non-negative integer
+ milan.entity.model_id_pin: expected hexadecimal digits with optional 0x and single underscores between digits; no sign or whitespace


======================================================================
FAIL: test_mapping_refuse_model_id_pin_separator (__main__.EntityTests.test_mapping_refuse_model_id_pin_separator)
----------------------------------------------------------------------
Traceback (most recent call last):
  File "<packet>/scratch/mutants/X1-no-default-zero/tree/scripts/entity_selftest.py", line 406, in test
    self.mapping_refuse(doc, f'milan.entity.{field}: {message}')
    ~~~~~~~~~~~~~~~~~~~^^^^^^^^^^^^^^^^^^^^^^^^^^^^^^^^^^^^^^^^^
  File "<packet>/scratch/mutants/X1-no-default-zero/tree/scripts/entity_selftest.py", line 208, in mapping_refuse
    self.assertEqual(str(caught.exception), message)
    ~~~~~~~~~~~~~~~~^^^^^^^^^^^^^^^^^^^^^^^^^^^^^^^^
AssertionError: 'milan.entity.firmware_rev: expected a non-negative integer' != 'milan.entity.model_id_pin: expected hexadecimal digits[74 chars]pace'
- milan.entity.firmware_rev: expected a non-negative integer
+ milan.entity.model_id_pin: expected hexadecimal digits with optional 0x and single underscores between digits; no sign or whitespace


======================================================================
FAIL: test_mapping_refuse_model_id_pin_sign (__main__.EntityTests.test_mapping_refuse_model_id_pin_sign)
----------------------------------------------------------------------
Traceback (most recent call last):
  File "<packet>/scratch/mutants/X1-no-default-zero/tree/scripts/entity_selftest.py", line 406, in test
    self.mapping_refuse(doc, f'milan.entity.{field}: {message}')
    ~~~~~~~~~~~~~~~~~~~^^^^^^^^^^^^^^^^^^^^^^^^^^^^^^^^^^^^^^^^^
  File "<packet>/scratch/mutants/X1-no-default-zero/tree/scripts/entity_selftest.py", line 208, in mapping_refuse
    self.assertEqual(str(caught.exception), message)
    ~~~~~~~~~~~~~~~~^^^^^^^^^^^^^^^^^^^^^^^^^^^^^^^^
AssertionError: 'milan.entity.firmware_rev: expected a non-negative integer' != 'milan.entity.model_id_pin: expected hexadecimal digits[74 chars]pace'
- milan.entity.firmware_rev: expected a non-negative integer
+ milan.entity.model_id_pin: expected hexadecimal digits with optional 0x and single underscores between digits; no sign or whitespace


======================================================================
FAIL: test_mapping_refuse_model_id_pin_trailing_space (__main__.EntityTests.test_mapping_refuse_model_id_pin_trailing_space)
----------------------------------------------------------------------
Traceback (most recent call last):
  File "<packet>/scratch/mutants/X1-no-default-zero/tree/scripts/entity_selftest.py", line 406, in test
    self.mapping_refuse(doc, f'milan.entity.{field}: {message}')
    ~~~~~~~~~~~~~~~~~~~^^^^^^^^^^^^^^^^^^^^^^^^^^^^^^^^^^^^^^^^^
  File "<packet>/scratch/mutants/X1-no-default-zero/tree/scripts/entity_selftest.py", line 208, in mapping_refuse
    self.assertEqual(str(caught.exception), message)
    ~~~~~~~~~~~~~~~~^^^^^^^^^^^^^^^^^^^^^^^^^^^^^^^^
AssertionError: 'milan.entity.firmware_rev: expected a non-negative integer' != 'milan.entity.model_id_pin: expected hexadecimal digits[74 chars]pace'
- milan.entity.firmware_rev: expected a non-negative integer
+ milan.entity.model_id_pin: expected hexadecimal digits with optional 0x and single underscores between digits; no sign or whitespace


======================================================================
FAIL: test_mapping_refuse_model_id_pin_trailing_underscore (__main__.EntityTests.test_mapping_refuse_model_id_pin_trailing_underscore)
----------------------------------------------------------------------
Traceback (most recent call last):
  File "<packet>/scratch/mutants/X1-no-default-zero/tree/scripts/entity_selftest.py", line 406, in test
    self.mapping_refuse(doc, f'milan.entity.{field}: {message}')
    ~~~~~~~~~~~~~~~~~~~^^^^^^^^^^^^^^^^^^^^^^^^^^^^^^^^^^^^^^^^^
  File "<packet>/scratch/mutants/X1-no-default-zero/tree/scripts/entity_selftest.py", line 208, in mapping_refuse
    self.assertEqual(str(caught.exception), message)
    ~~~~~~~~~~~~~~~~^^^^^^^^^^^^^^^^^^^^^^^^^^^^^^^^
AssertionError: 'milan.entity.firmware_rev: expected a non-negative integer' != 'milan.entity.model_id_pin: expected hexadecimal digits[74 chars]pace'
- milan.entity.firmware_rev: expected a non-negative integer
+ milan.entity.model_id_pin: expected hexadecimal digits with optional 0x and single underscores between digits; no sign or whitespace


======================================================================
FAIL: test_mapping_refuse_model_id_pin_unicode (__main__.EntityTests.test_mapping_refuse_model_id_pin_unicode)
----------------------------------------------------------------------
Traceback (most recent call last):
  File "<packet>/scratch/mutants/X1-no-default-zero/tree/scripts/entity_selftest.py", line 406, in test
    self.mapping_refuse(doc, f'milan.entity.{field}: {message}')
    ~~~~~~~~~~~~~~~~~~~^^^^^^^^^^^^^^^^^^^^^^^^^^^^^^^^^^^^^^^^^
  File "<packet>/scratch/mutants/X1-no-default-zero/tree/scripts/entity_selftest.py", line 208, in mapping_refuse
    self.assertEqual(str(caught.exception), message)
    ~~~~~~~~~~~~~~~~^^^^^^^^^^^^^^^^^^^^^^^^^^^^^^^^
AssertionError: 'milan.entity.firmware_rev: expected a non-negative integer' != 'milan.entity.model_id_pin: expected hexadecimal digits[74 chars]pace'
- milan.entity.firmware_rev: expected a non-negative integer
+ milan.entity.model_id_pin: expected hexadecimal digits with optional 0x and single underscores between digits; no sign or whitespace


======================================================================
FAIL: test_mapping_refuse_model_id_pin_wide_underscores (__main__.EntityTests.test_mapping_refuse_model_id_pin_wide_underscores)
----------------------------------------------------------------------
Traceback (most recent call last):
  File "<packet>/scratch/mutants/X1-no-default-zero/tree/scripts/entity_selftest.py", line 406, in test
    self.mapping_refuse(doc, f'milan.entity.{field}: {message}')
    ~~~~~~~~~~~~~~~~~~~^^^^^^^^^^^^^^^^^^^^^^^^^^^^^^^^^^^^^^^^^
  File "<packet>/scratch/mutants/X1-no-default-zero/tree/scripts/entity_selftest.py", line 208, in mapping_refuse
    self.assertEqual(str(caught.exception), message)
    ~~~~~~~~~~~~~~~~^^^^^^^^^^^^^^^^^^^^^^^^^^^^^^^^
AssertionError: 'milan.entity.firmware_rev: expected a non-negative integer' != 'milan.entity.model_id_pin: expected at most 16 hexadec[42 chars]eros'
- milan.entity.firmware_rev: expected a non-negative integer
+ milan.entity.model_id_pin: expected at most 16 hexadecimal digits (64 bits), including leading zeros


======================================================================
FAIL: test_mapping_refuse_vendor_oui_boolean (__main__.EntityTests.test_mapping_refuse_vendor_oui_boolean)
----------------------------------------------------------------------
Traceback (most recent call last):
  File "<packet>/scratch/mutants/X1-no-default-zero/tree/scripts/entity_selftest.py", line 406, in test
    self.mapping_refuse(doc, f'milan.entity.{field}: {message}')
    ~~~~~~~~~~~~~~~~~~~^^^^^^^^^^^^^^^^^^^^^^^^^^^^^^^^^^^^^^^^^
  File "<packet>/scratch/mutants/X1-no-default-zero/tree/scripts/entity_selftest.py", line 208, in mapping_refuse
    self.assertEqual(str(caught.exception), message)
    ~~~~~~~~~~~~~~~~^^^^^^^^^^^^^^^^^^^^^^^^^^^^^^^^
AssertionError: 'milan.entity.firmware_rev: expected a non-negative integer' != 'milan.entity.vendor_oui: quote the hexadecimal value as a YAML string'
- milan.entity.firmware_rev: expected a non-negative integer
+ milan.entity.vendor_oui: quote the hexadecimal value as a YAML string


======================================================================
FAIL: test_mapping_refuse_vendor_oui_double_underscore (__main__.EntityTests.test_mapping_refuse_vendor_oui_double_underscore)
----------------------------------------------------------------------
Traceback (most recent call last):
  File "<packet>/scratch/mutants/X1-no-default-zero/tree/scripts/entity_selftest.py", line 406, in test
    self.mapping_refuse(doc, f'milan.entity.{field}: {message}')
    ~~~~~~~~~~~~~~~~~~~^^^^^^^^^^^^^^^^^^^^^^^^^^^^^^^^^^^^^^^^^
  File "<packet>/scratch/mutants/X1-no-default-zero/tree/scripts/entity_selftest.py", line 208, in mapping_refuse
    self.assertEqual(str(caught.exception), message)
    ~~~~~~~~~~~~~~~~^^^^^^^^^^^^^^^^^^^^^^^^^^^^^^^^
AssertionError: 'milan.entity.firmware_rev: expected a non-negative integer' != 'milan.entity.vendor_oui: expected hexadecimal digits w[72 chars]pace'
- milan.entity.firmware_rev: expected a non-negative integer
+ milan.entity.vendor_oui: expected hexadecimal digits with optional 0x and single underscores between digits; no sign or whitespace


======================================================================
FAIL: test_mapping_refuse_vendor_oui_empty (__main__.EntityTests.test_mapping_refuse_vendor_oui_empty)
----------------------------------------------------------------------
Traceback (most recent call last):
  File "<packet>/scratch/mutants/X1-no-default-zero/tree/scripts/entity_selftest.py", line 406, in test
    self.mapping_refuse(doc, f'milan.entity.{field}: {message}')
    ~~~~~~~~~~~~~~~~~~~^^^^^^^^^^^^^^^^^^^^^^^^^^^^^^^^^^^^^^^^^
  File "<packet>/scratch/mutants/X1-no-default-zero/tree/scripts/entity_selftest.py", line 208, in mapping_refuse
    self.assertEqual(str(caught.exception), message)
    ~~~~~~~~~~~~~~~~^^^^^^^^^^^^^^^^^^^^^^^^^^^^^^^^
AssertionError: 'milan.entity.firmware_rev: expected a non-negative integer' != 'milan.entity.vendor_oui: expected hexadecimal digits w[72 chars]pace'
- milan.entity.firmware_rev: expected a non-negative integer
+ milan.entity.vendor_oui: expected hexadecimal digits with optional 0x and single underscores between digits; no sign or whitespace


======================================================================
FAIL: test_mapping_refuse_vendor_oui_extra_zero (__main__.EntityTests.test_mapping_refuse_vendor_oui_extra_zero)
----------------------------------------------------------------------
Traceback (most recent call last):
  File "<packet>/scratch/mutants/X1-no-default-zero/tree/scripts/entity_selftest.py", line 406, in test
    self.mapping_refuse(doc, f'milan.entity.{field}: {message}')
    ~~~~~~~~~~~~~~~~~~~^^^^^^^^^^^^^^^^^^^^^^^^^^^^^^^^^^^^^^^^^
  File "<packet>/scratch/mutants/X1-no-default-zero/tree/scripts/entity_selftest.py", line 208, in mapping_refuse
    self.assertEqual(str(caught.exception), message)
    ~~~~~~~~~~~~~~~~^^^^^^^^^^^^^^^^^^^^^^^^^^^^^^^^
AssertionError: 'milan.entity.firmware_rev: expected a non-negative integer' != 'milan.entity.vendor_oui: expected at most 6 hexadecima[39 chars]eros'
- milan.entity.firmware_rev: expected a non-negative integer
+ milan.entity.vendor_oui: expected at most 6 hexadecimal digits (24 bits), including leading zeros


======================================================================
FAIL: test_mapping_refuse_vendor_oui_float (__main__.EntityTests.test_mapping_refuse_vendor_oui_float)
----------------------------------------------------------------------
Traceback (most recent call last):
  File "<packet>/scratch/mutants/X1-no-default-zero/tree/scripts/entity_selftest.py", line 406, in test
    self.mapping_refuse(doc, f'milan.entity.{field}: {message}')
    ~~~~~~~~~~~~~~~~~~~^^^^^^^^^^^^^^^^^^^^^^^^^^^^^^^^^^^^^^^^^
  File "<packet>/scratch/mutants/X1-no-default-zero/tree/scripts/entity_selftest.py", line 208, in mapping_refuse
    self.assertEqual(str(caught.exception), message)
    ~~~~~~~~~~~~~~~~^^^^^^^^^^^^^^^^^^^^^^^^^^^^^^^^
AssertionError: 'milan.entity.firmware_rev: expected a non-negative integer' != 'milan.entity.vendor_oui: quote the hexadecimal value as a YAML string'
- milan.entity.firmware_rev: expected a non-negative integer
+ milan.entity.vendor_oui: quote the hexadecimal value as a YAML string


======================================================================
FAIL: test_mapping_refuse_vendor_oui_integer (__main__.EntityTests.test_mapping_refuse_vendor_oui_integer)
----------------------------------------------------------------------
Traceback (most recent call last):
  File "<packet>/scratch/mutants/X1-no-default-zero/tree/scripts/entity_selftest.py", line 406, in test
    self.mapping_refuse(doc, f'milan.entity.{field}: {message}')
    ~~~~~~~~~~~~~~~~~~~^^^^^^^^^^^^^^^^^^^^^^^^^^^^^^^^^^^^^^^^^
  File "<packet>/scratch/mutants/X1-no-default-zero/tree/scripts/entity_selftest.py", line 208, in mapping_refuse
    self.assertEqual(str(caught.exception), message)
    ~~~~~~~~~~~~~~~~^^^^^^^^^^^^^^^^^^^^^^^^^^^^^^^^
AssertionError: 'milan.entity.firmware_rev: expected a non-negative integer' != 'milan.entity.vendor_oui: quote the hexadecimal value as a YAML string'
- milan.entity.firmware_rev: expected a non-negative integer
+ milan.entity.vendor_oui: quote the hexadecimal value as a YAML string


======================================================================
FAIL: test_mapping_refuse_vendor_oui_leading_space (__main__.EntityTests.test_mapping_refuse_vendor_oui_leading_space)
----------------------------------------------------------------------
Traceback (most recent call last):
  File "<packet>/scratch/mutants/X1-no-default-zero/tree/scripts/entity_selftest.py", line 406, in test
    self.mapping_refuse(doc, f'milan.entity.{field}: {message}')
    ~~~~~~~~~~~~~~~~~~~^^^^^^^^^^^^^^^^^^^^^^^^^^^^^^^^^^^^^^^^^
  File "<packet>/scratch/mutants/X1-no-default-zero/tree/scripts/entity_selftest.py", line 208, in mapping_refuse
    self.assertEqual(str(caught.exception), message)
    ~~~~~~~~~~~~~~~~^^^^^^^^^^^^^^^^^^^^^^^^^^^^^^^^
AssertionError: 'milan.entity.firmware_rev: expected a non-negative integer' != 'milan.entity.vendor_oui: expected hexadecimal digits w[72 chars]pace'
- milan.entity.firmware_rev: expected a non-negative integer
+ milan.entity.vendor_oui: expected hexadecimal digits with optional 0x and single underscores between digits; no sign or whitespace


======================================================================
FAIL: test_mapping_refuse_vendor_oui_leading_underscore (__main__.EntityTests.test_mapping_refuse_vendor_oui_leading_underscore)
----------------------------------------------------------------------
Traceback (most recent call last):
  File "<packet>/scratch/mutants/X1-no-default-zero/tree/scripts/entity_selftest.py", line 406, in test
    self.mapping_refuse(doc, f'milan.entity.{field}: {message}')
    ~~~~~~~~~~~~~~~~~~~^^^^^^^^^^^^^^^^^^^^^^^^^^^^^^^^^^^^^^^^^
  File "<packet>/scratch/mutants/X1-no-default-zero/tree/scripts/entity_selftest.py", line 208, in mapping_refuse
    self.assertEqual(str(caught.exception), message)
    ~~~~~~~~~~~~~~~~^^^^^^^^^^^^^^^^^^^^^^^^^^^^^^^^
AssertionError: 'milan.entity.firmware_rev: expected a non-negative integer' != 'milan.entity.vendor_oui: expected hexadecimal digits w[72 chars]pace'
- milan.entity.firmware_rev: expected a non-negative integer
+ milan.entity.vendor_oui: expected hexadecimal digits with optional 0x and single underscores between digits; no sign or whitespace


======================================================================
FAIL: test_mapping_refuse_vendor_oui_list (__main__.EntityTests.test_mapping_refuse_vendor_oui_list)
----------------------------------------------------------------------
Traceback (most recent call last):
  File "<packet>/scratch/mutants/X1-no-default-zero/tree/scripts/entity_selftest.py", line 406, in test
    self.mapping_refuse(doc, f'milan.entity.{field}: {message}')
    ~~~~~~~~~~~~~~~~~~~^^^^^^^^^^^^^^^^^^^^^^^^^^^^^^^^^^^^^^^^^
  File "<packet>/scratch/mutants/X1-no-default-zero/tree/scripts/entity_selftest.py", line 208, in mapping_refuse
    self.assertEqual(str(caught.exception), message)
    ~~~~~~~~~~~~~~~~^^^^^^^^^^^^^^^^^^^^^^^^^^^^^^^^
AssertionError: 'milan.entity.firmware_rev: expected a non-negative integer' != 'milan.entity.vendor_oui: quote the hexadecimal value as a YAML string'
- milan.entity.firmware_rev: expected a non-negative integer
+ milan.entity.vendor_oui: quote the hexadecimal value as a YAML string


======================================================================
FAIL: test_mapping_refuse_vendor_oui_mapping (__main__.EntityTests.test_mapping_refuse_vendor_oui_mapping)
----------------------------------------------------------------------
Traceback (most recent call last):
  File "<packet>/scratch/mutants/X1-no-default-zero/tree/scripts/entity_selftest.py", line 406, in test
    self.mapping_refuse(doc, f'milan.entity.{field}: {message}')
    ~~~~~~~~~~~~~~~~~~~^^^^^^^^^^^^^^^^^^^^^^^^^^^^^^^^^^^^^^^^^
  File "<packet>/scratch/mutants/X1-no-default-zero/tree/scripts/entity_selftest.py", line 208, in mapping_refuse
    self.assertEqual(str(caught.exception), message)
    ~~~~~~~~~~~~~~~~^^^^^^^^^^^^^^^^^^^^^^^^^^^^^^^^
AssertionError: 'milan.entity.firmware_rev: expected a non-negative integer' != 'milan.entity.vendor_oui: quote the hexadecimal value as a YAML string'
- milan.entity.firmware_rev: expected a non-negative integer
+ milan.entity.vendor_oui: quote the hexadecimal value as a YAML string


======================================================================
FAIL: test_mapping_refuse_vendor_oui_negative (__main__.EntityTests.test_mapping_refuse_vendor_oui_negative)
----------------------------------------------------------------------
Traceback (most recent call last):
  File "<packet>/scratch/mutants/X1-no-default-zero/tree/scripts/entity_selftest.py", line 406, in test
    self.mapping_refuse(doc, f'milan.entity.{field}: {message}')
    ~~~~~~~~~~~~~~~~~~~^^^^^^^^^^^^^^^^^^^^^^^^^^^^^^^^^^^^^^^^^
  File "<packet>/scratch/mutants/X1-no-default-zero/tree/scripts/entity_selftest.py", line 208, in mapping_refuse
    self.assertEqual(str(caught.exception), message)
    ~~~~~~~~~~~~~~~~^^^^^^^^^^^^^^^^^^^^^^^^^^^^^^^^
AssertionError: 'milan.entity.firmware_rev: expected a non-negative integer' != 'milan.entity.vendor_oui: expected hexadecimal digits w[72 chars]pace'
- milan.entity.firmware_rev: expected a non-negative integer
+ milan.entity.vendor_oui: expected hexadecimal digits with optional 0x and single underscores between digits; no sign or whitespace


======================================================================
FAIL: test_mapping_refuse_vendor_oui_newline (__main__.EntityTests.test_mapping_refuse_vendor_oui_newline)
----------------------------------------------------------------------
Traceback (most recent call last):
  File "<packet>/scratch/mutants/X1-no-default-zero/tree/scripts/entity_selftest.py", line 406, in test
    self.mapping_refuse(doc, f'milan.entity.{field}: {message}')
    ~~~~~~~~~~~~~~~~~~~^^^^^^^^^^^^^^^^^^^^^^^^^^^^^^^^^^^^^^^^^
  File "<packet>/scratch/mutants/X1-no-default-zero/tree/scripts/entity_selftest.py", line 208, in mapping_refuse
    self.assertEqual(str(caught.exception), message)
    ~~~~~~~~~~~~~~~~^^^^^^^^^^^^^^^^^^^^^^^^^^^^^^^^
AssertionError: 'milan.entity.firmware_rev: expected a non-negative integer' != 'milan.entity.vendor_oui: expected hexadecimal digits w[72 chars]pace'
- milan.entity.firmware_rev: expected a non-negative integer
+ milan.entity.vendor_oui: expected hexadecimal digits with optional 0x and single underscores between digits; no sign or whitespace


======================================================================
FAIL: test_mapping_refuse_vendor_oui_nonhex (__main__.EntityTests.test_mapping_refuse_vendor_oui_nonhex)
----------------------------------------------------------------------
Traceback (most recent call last):
  File "<packet>/scratch/mutants/X1-no-default-zero/tree/scripts/entity_selftest.py", line 406, in test
    self.mapping_refuse(doc, f'milan.entity.{field}: {message}')
    ~~~~~~~~~~~~~~~~~~~^^^^^^^^^^^^^^^^^^^^^^^^^^^^^^^^^^^^^^^^^
  File "<packet>/scratch/mutants/X1-no-default-zero/tree/scripts/entity_selftest.py", line 208, in mapping_refuse
    self.assertEqual(str(caught.exception), message)
    ~~~~~~~~~~~~~~~~^^^^^^^^^^^^^^^^^^^^^^^^^^^^^^^^
AssertionError: 'milan.entity.firmware_rev: expected a non-negative integer' != 'milan.entity.vendor_oui: expected hexadecimal digits w[72 chars]pace'
- milan.entity.firmware_rev: expected a non-negative integer
+ milan.entity.vendor_oui: expected hexadecimal digits with optional 0x and single underscores between digits; no sign or whitespace


======================================================================
FAIL: test_mapping_refuse_vendor_oui_null (__main__.EntityTests.test_mapping_refuse_vendor_oui_null)
----------------------------------------------------------------------
Traceback (most recent call last):
  File "<packet>/scratch/mutants/X1-no-default-zero/tree/scripts/entity_selftest.py", line 406, in test
    self.mapping_refuse(doc, f'milan.entity.{field}: {message}')
    ~~~~~~~~~~~~~~~~~~~^^^^^^^^^^^^^^^^^^^^^^^^^^^^^^^^^^^^^^^^^
  File "<packet>/scratch/mutants/X1-no-default-zero/tree/scripts/entity_selftest.py", line 208, in mapping_refuse
    self.assertEqual(str(caught.exception), message)
    ~~~~~~~~~~~~~~~~^^^^^^^^^^^^^^^^^^^^^^^^^^^^^^^^
AssertionError: 'milan.entity.firmware_rev: expected a non-negative integer' != 'milan.entity.vendor_oui: quote the hexadecimal value as a YAML string'
- milan.entity.firmware_rev: expected a non-negative integer
+ milan.entity.vendor_oui: quote the hexadecimal value as a YAML string


======================================================================
FAIL: test_mapping_refuse_vendor_oui_overflow (__main__.EntityTests.test_mapping_refuse_vendor_oui_overflow)
----------------------------------------------------------------------
Traceback (most recent call last):
  File "<packet>/scratch/mutants/X1-no-default-zero/tree/scripts/entity_selftest.py", line 406, in test
    self.mapping_refuse(doc, f'milan.entity.{field}: {message}')
    ~~~~~~~~~~~~~~~~~~~^^^^^^^^^^^^^^^^^^^^^^^^^^^^^^^^^^^^^^^^^
  File "<packet>/scratch/mutants/X1-no-default-zero/tree/scripts/entity_selftest.py", line 208, in mapping_refuse
    self.assertEqual(str(caught.exception), message)
    ~~~~~~~~~~~~~~~~^^^^^^^^^^^^^^^^^^^^^^^^^^^^^^^^
AssertionError: 'milan.entity.firmware_rev: expected a non-negative integer' != 'milan.entity.vendor_oui: expected at most 6 hexadecima[39 chars]eros'
- milan.entity.firmware_rev: expected a non-negative integer
+ milan.entity.vendor_oui: expected at most 6 hexadecimal digits (24 bits), including leading zeros


======================================================================
FAIL: test_mapping_refuse_vendor_oui_prefix_only (__main__.EntityTests.test_mapping_refuse_vendor_oui_prefix_only)
----------------------------------------------------------------------
Traceback (most recent call last):
  File "<packet>/scratch/mutants/X1-no-default-zero/tree/scripts/entity_selftest.py", line 406, in test
    self.mapping_refuse(doc, f'milan.entity.{field}: {message}')
    ~~~~~~~~~~~~~~~~~~~^^^^^^^^^^^^^^^^^^^^^^^^^^^^^^^^^^^^^^^^^
  File "<packet>/scratch/mutants/X1-no-default-zero/tree/scripts/entity_selftest.py", line 208, in mapping_refuse
    self.assertEqual(str(caught.exception), message)
    ~~~~~~~~~~~~~~~~^^^^^^^^^^^^^^^^^^^^^^^^^^^^^^^^
AssertionError: 'milan.entity.firmware_rev: expected a non-negative integer' != 'milan.entity.vendor_oui: expected hexadecimal digits w[72 chars]pace'
- milan.entity.firmware_rev: expected a non-negative integer
+ milan.entity.vendor_oui: expected hexadecimal digits with optional 0x and single underscores between digits; no sign or whitespace


======================================================================
FAIL: test_mapping_refuse_vendor_oui_prefix_underscore (__main__.EntityTests.test_mapping_refuse_vendor_oui_prefix_underscore)
----------------------------------------------------------------------
Traceback (most recent call last):
  File "<packet>/scratch/mutants/X1-no-default-zero/tree/scripts/entity_selftest.py", line 406, in test
    self.mapping_refuse(doc, f'milan.entity.{field}: {message}')
    ~~~~~~~~~~~~~~~~~~~^^^^^^^^^^^^^^^^^^^^^^^^^^^^^^^^^^^^^^^^^
  File "<packet>/scratch/mutants/X1-no-default-zero/tree/scripts/entity_selftest.py", line 208, in mapping_refuse
    self.assertEqual(str(caught.exception), message)
    ~~~~~~~~~~~~~~~~^^^^^^^^^^^^^^^^^^^^^^^^^^^^^^^^
AssertionError: 'milan.entity.firmware_rev: expected a non-negative integer' != 'milan.entity.vendor_oui: expected hexadecimal digits w[72 chars]pace'
- milan.entity.firmware_rev: expected a non-negative integer
+ milan.entity.vendor_oui: expected hexadecimal digits with optional 0x and single underscores between digits; no sign or whitespace


======================================================================
FAIL: test_mapping_refuse_vendor_oui_separator (__main__.EntityTests.test_mapping_refuse_vendor_oui_separator)
----------------------------------------------------------------------
Traceback (most recent call last):
  File "<packet>/scratch/mutants/X1-no-default-zero/tree/scripts/entity_selftest.py", line 406, in test
    self.mapping_refuse(doc, f'milan.entity.{field}: {message}')
    ~~~~~~~~~~~~~~~~~~~^^^^^^^^^^^^^^^^^^^^^^^^^^^^^^^^^^^^^^^^^
  File "<packet>/scratch/mutants/X1-no-default-zero/tree/scripts/entity_selftest.py", line 208, in mapping_refuse
    self.assertEqual(str(caught.exception), message)
    ~~~~~~~~~~~~~~~~^^^^^^^^^^^^^^^^^^^^^^^^^^^^^^^^
AssertionError: 'milan.entity.firmware_rev: expected a non-negative integer' != 'milan.entity.vendor_oui: expected hexadecimal digits w[72 chars]pace'
- milan.entity.firmware_rev: expected a non-negative integer
+ milan.entity.vendor_oui: expected hexadecimal digits with optional 0x and single underscores between digits; no sign or whitespace


======================================================================
FAIL: test_mapping_refuse_vendor_oui_sign (__main__.EntityTests.test_mapping_refuse_vendor_oui_sign)
----------------------------------------------------------------------
Traceback (most recent call last):
  File "<packet>/scratch/mutants/X1-no-default-zero/tree/scripts/entity_selftest.py", line 406, in test
    self.mapping_refuse(doc, f'milan.entity.{field}: {message}')
    ~~~~~~~~~~~~~~~~~~~^^^^^^^^^^^^^^^^^^^^^^^^^^^^^^^^^^^^^^^^^
  File "<packet>/scratch/mutants/X1-no-default-zero/tree/scripts/entity_selftest.py", line 208, in mapping_refuse
    self.assertEqual(str(caught.exception), message)
    ~~~~~~~~~~~~~~~~^^^^^^^^^^^^^^^^^^^^^^^^^^^^^^^^
AssertionError: 'milan.entity.firmware_rev: expected a non-negative integer' != 'milan.entity.vendor_oui: expected hexadecimal digits w[72 chars]pace'
- milan.entity.firmware_rev: expected a non-negative integer
+ milan.entity.vendor_oui: expected hexadecimal digits with optional 0x and single underscores between digits; no sign or whitespace


======================================================================
FAIL: test_mapping_refuse_vendor_oui_trailing_space (__main__.EntityTests.test_mapping_refuse_vendor_oui_trailing_space)
----------------------------------------------------------------------
Traceback (most recent call last):
  File "<packet>/scratch/mutants/X1-no-default-zero/tree/scripts/entity_selftest.py", line 406, in test
    self.mapping_refuse(doc, f'milan.entity.{field}: {message}')
    ~~~~~~~~~~~~~~~~~~~^^^^^^^^^^^^^^^^^^^^^^^^^^^^^^^^^^^^^^^^^
  File "<packet>/scratch/mutants/X1-no-default-zero/tree/scripts/entity_selftest.py", line 208, in mapping_refuse
    self.assertEqual(str(caught.exception), message)
    ~~~~~~~~~~~~~~~~^^^^^^^^^^^^^^^^^^^^^^^^^^^^^^^^
AssertionError: 'milan.entity.firmware_rev: expected a non-negative integer' != 'milan.entity.vendor_oui: expected hexadecimal digits w[72 chars]pace'
- milan.entity.firmware_rev: expected a non-negative integer
+ milan.entity.vendor_oui: expected hexadecimal digits with optional 0x and single underscores between digits; no sign or whitespace


======================================================================
FAIL: test_mapping_refuse_vendor_oui_trailing_underscore (__main__.EntityTests.test_mapping_refuse_vendor_oui_trailing_underscore)
----------------------------------------------------------------------
Traceback (most recent call last):
  File "<packet>/scratch/mutants/X1-no-default-zero/tree/scripts/entity_selftest.py", line 406, in test
    self.mapping_refuse(doc, f'milan.entity.{field}: {message}')
    ~~~~~~~~~~~~~~~~~~~^^^^^^^^^^^^^^^^^^^^^^^^^^^^^^^^^^^^^^^^^
  File "<packet>/scratch/mutants/X1-no-default-zero/tree/scripts/entity_selftest.py", line 208, in mapping_refuse
    self.assertEqual(str(caught.exception), message)
    ~~~~~~~~~~~~~~~~^^^^^^^^^^^^^^^^^^^^^^^^^^^^^^^^
AssertionError: 'milan.entity.firmware_rev: expected a non-negative integer' != 'milan.entity.vendor_oui: expected hexadecimal digits w[72 chars]pace'
- milan.entity.firmware_rev: expected a non-negative integer
+ milan.entity.vendor_oui: expected hexadecimal digits with optional 0x and single underscores between digits; no sign or whitespace


======================================================================
FAIL: test_mapping_refuse_vendor_oui_unicode (__main__.EntityTests.test_mapping_refuse_vendor_oui_unicode)
----------------------------------------------------------------------
Traceback (most recent call last):
  File "<packet>/scratch/mutants/X1-no-default-zero/tree/scripts/entity_selftest.py", line 406, in test
    self.mapping_refuse(doc, f'milan.entity.{field}: {message}')
    ~~~~~~~~~~~~~~~~~~~^^^^^^^^^^^^^^^^^^^^^^^^^^^^^^^^^^^^^^^^^
  File "<packet>/scratch/mutants/X1-no-default-zero/tree/scripts/entity_selftest.py", line 208, in mapping_refuse
    self.assertEqual(str(caught.exception), message)
    ~~~~~~~~~~~~~~~~^^^^^^^^^^^^^^^^^^^^^^^^^^^^^^^^
AssertionError: 'milan.entity.firmware_rev: expected a non-negative integer' != 'milan.entity.vendor_oui: expected hexadecimal digits w[72 chars]pace'
- milan.entity.firmware_rev: expected a non-negative integer
+ milan.entity.vendor_oui: expected hexadecimal digits with optional 0x and single underscores between digits; no sign or whitespace


======================================================================
FAIL: test_mapping_refuse_vendor_oui_wide_underscores (__main__.EntityTests.test_mapping_refuse_vendor_oui_wide_underscores)
----------------------------------------------------------------------
Traceback (most recent call last):
  File "<packet>/scratch/mutants/X1-no-default-zero/tree/scripts/entity_selftest.py", line 406, in test
    self.mapping_refuse(doc, f'milan.entity.{field}: {message}')
    ~~~~~~~~~~~~~~~~~~~^^^^^^^^^^^^^^^^^^^^^^^^^^^^^^^^^^^^^^^^^
  File "<packet>/scratch/mutants/X1-no-default-zero/tree/scripts/entity_selftest.py", line 208, in mapping_refuse
    self.assertEqual(str(caught.exception), message)
    ~~~~~~~~~~~~~~~~^^^^^^^^^^^^^^^^^^^^^^^^^^^^^^^^
AssertionError: 'milan.entity.firmware_rev: expected a non-negative integer' != 'milan.entity.vendor_oui: expected at most 6 hexadecima[39 chars]eros'
- milan.entity.firmware_rev: expected a non-negative integer
+ milan.entity.vendor_oui: expected at most 6 hexadecimal digits (24 bits), including leading zeros


======================================================================
FAIL: test_mapping_reserved_models (__main__.EntityTests.test_mapping_reserved_models) (field='entity_model_id', value='0')
----------------------------------------------------------------------
Traceback (most recent call last):
  File "<packet>/scratch/mutants/X1-no-default-zero/tree/scripts/entity_selftest.py", line 265, in test_mapping_reserved_models
    self.mapping_refuse(doc, f'milan.entity.{field}: model identity must not be zero or all ones')
    ~~~~~~~~~~~~~~~~~~~^^^^^^^^^^^^^^^^^^^^^^^^^^^^^^^^^^^^^^^^^^^^^^^^^^^^^^^^^^^^^^^^^^^^^^^^^^^
  File "<packet>/scratch/mutants/X1-no-default-zero/tree/scripts/entity_selftest.py", line 208, in mapping_refuse
    self.assertEqual(str(caught.exception), message)
    ~~~~~~~~~~~~~~~~^^^^^^^^^^^^^^^^^^^^^^^^^^^^^^^^
AssertionError: 'milan.entity.firmware_rev: expected a non-negative integer' != 'milan.entity.entity_model_id: model identity must not be zero or all ones'
- milan.entity.firmware_rev: expected a non-negative integer
+ milan.entity.entity_model_id: model identity must not be zero or all ones


======================================================================
FAIL: test_mapping_reserved_models (__main__.EntityTests.test_mapping_reserved_models) (field='entity_model_id', value='FFFFFFFFFFFFFFFF')
----------------------------------------------------------------------
Traceback (most recent call last):
  File "<packet>/scratch/mutants/X1-no-default-zero/tree/scripts/entity_selftest.py", line 265, in test_mapping_reserved_models
    self.mapping_refuse(doc, f'milan.entity.{field}: model identity must not be zero or all ones')
    ~~~~~~~~~~~~~~~~~~~^^^^^^^^^^^^^^^^^^^^^^^^^^^^^^^^^^^^^^^^^^^^^^^^^^^^^^^^^^^^^^^^^^^^^^^^^^^
  File "<packet>/scratch/mutants/X1-no-default-zero/tree/scripts/entity_selftest.py", line 208, in mapping_refuse
    self.assertEqual(str(caught.exception), message)
    ~~~~~~~~~~~~~~~~^^^^^^^^^^^^^^^^^^^^^^^^^^^^^^^^
AssertionError: 'milan.entity.firmware_rev: expected a non-negative integer' != 'milan.entity.entity_model_id: model identity must not be zero or all ones'
- milan.entity.firmware_rev: expected a non-negative integer
+ milan.entity.entity_model_id: model identity must not be zero or all ones


======================================================================
FAIL: test_mapping_reserved_models (__main__.EntityTests.test_mapping_reserved_models) (field='model_id_pin', value='0')
----------------------------------------------------------------------
Traceback (most recent call last):
  File "<packet>/scratch/mutants/X1-no-default-zero/tree/scripts/entity_selftest.py", line 265, in test_mapping_reserved_models
    self.mapping_refuse(doc, f'milan.entity.{field}: model identity must not be zero or all ones')
    ~~~~~~~~~~~~~~~~~~~^^^^^^^^^^^^^^^^^^^^^^^^^^^^^^^^^^^^^^^^^^^^^^^^^^^^^^^^^^^^^^^^^^^^^^^^^^^
  File "<packet>/scratch/mutants/X1-no-default-zero/tree/scripts/entity_selftest.py", line 208, in mapping_refuse
    self.assertEqual(str(caught.exception), message)
    ~~~~~~~~~~~~~~~~^^^^^^^^^^^^^^^^^^^^^^^^^^^^^^^^
AssertionError: 'milan.entity.firmware_rev: expected a non-negative integer' != 'milan.entity.model_id_pin: model identity must not be zero or all ones'
- milan.entity.firmware_rev: expected a non-negative integer
+ milan.entity.model_id_pin: model identity must not be zero or all ones


======================================================================
FAIL: test_mapping_reserved_models (__main__.EntityTests.test_mapping_reserved_models) (field='model_id_pin', value='FFFFFFFFFFFFFFFF')
----------------------------------------------------------------------
Traceback (most recent call last):
  File "<packet>/scratch/mutants/X1-no-default-zero/tree/scripts/entity_selftest.py", line 265, in test_mapping_reserved_models
    self.mapping_refuse(doc, f'milan.entity.{field}: model identity must not be zero or all ones')
    ~~~~~~~~~~~~~~~~~~~^^^^^^^^^^^^^^^^^^^^^^^^^^^^^^^^^^^^^^^^^^^^^^^^^^^^^^^^^^^^^^^^^^^^^^^^^^^
  File "<packet>/scratch/mutants/X1-no-default-zero/tree/scripts/entity_selftest.py", line 208, in mapping_refuse
    self.assertEqual(str(caught.exception), message)
    ~~~~~~~~~~~~~~~~^^^^^^^^^^^^^^^^^^^^^^^^^^^^^^^^
AssertionError: 'milan.entity.firmware_rev: expected a non-negative integer' != 'milan.entity.model_id_pin: model identity must not be zero or all ones'
- milan.entity.firmware_rev: expected a non-negative integer
+ milan.entity.model_id_pin: model identity must not be zero or all ones


----------------------------------------------------------------------
Ran 196 tests in 0.779s

FAILED (failures=141, errors=50)
