[  2%] Building C object CMakeFiles/tsn_test.dir/src/adp.c.o
[  8%] Building C object CMakeFiles/tsn_debug.dir/src/adp.c.o
[  8%] Building C object CMakeFiles/tsn_debug.dir/src/maap.c.o
[ 11%] Building C object CMakeFiles/tsn.dir/src/adp.c.o
[ 14%] Building C object CMakeFiles/tsn_test.dir/src/acmp.c.o
[ 17%] Building C object CMakeFiles/tsn.dir/src/acmp.c.o
[ 20%] Building C object CMakeFiles/tsn.dir/src/maap.c.o
[ 23%] Linking C static library libtsn_debug.a
[ 23%] Built target tsn_debug
[ 26%] Building C object CMakeFiles/tsn_test.dir/src/maap.c.o
[ 29%] Building CXX object CMakeFiles/adp_debug.dir/tests/test_adp_reentry.cpp.o
[ 32%] Building CXX object CMakeFiles/adp_debug.dir/tests/main.cpp.o
[ 35%] Linking C static library libtsn_test.a
[ 38%] Linking C static library libtsn.a
[ 38%] Built target tsn_test
[ 38%] Built target tsn
[ 41%] Building CXX object CMakeFiles/maap_debug.dir/tests/test_maap_debug.cpp.o
[ 44%] Building CXX object CMakeFiles/adp_tests.dir/tests/test_adp.cpp.o
In file included from $SOURCE/tests/test_adp_reentry.cpp:3:
In file included from $PACKET/scratch/gtest/include/gtest/gtest.h:54:
In file included from /usr/lib64/gcc/x86_64-pc-linux-gnu/16/../../../../include/c++/16/iomanip:47:
In file included from /usr/lib64/gcc/x86_64-pc-linux-gnu/16/../../../../include/c++/16/bits/ios_base.h:43:
In file included from /usr/lib64/gcc/x86_64-pc-linux-gnu/16/../../../../include/c++/16/bits/locale_classes.h:43:
In file included from /usr/lib64/gcc/x86_64-pc-linux-gnu/16/../../../../include/c++/16/string:51:
/usr/lib64/gcc/x86_64-pc-linux-gnu/16/../../../../include/c++/16/bits/stl_iterator.h:1337:19: error: member access into incomplete type 'const __normal_iterator<const char *, basic_string<char>>'
 1337 |         -> decltype(__lhs.base() - __rhs.base())
      |                          ^
/usr/lib64/gcc/x86_64-pc-linux-gnu/16/../../../../include/c++/16/bits/basic_string.h:4018:37: note: in instantiation of template class '__gnu_cxx::__normal_iterator<const char *, std::basic_string<char>>' requested here
 4018 |     { return std::move(__rhs.insert(0, __lhs)); }
      |                                     ^
/usr/lib64/gcc/x86_64-pc-linux-gnu/16/../../../../include/c++/16/system_error:568:36: note: in instantiation of function template specialization 'std::operator+<char, std::char_traits<char>, std::allocator<char>>' requested here
  568 |     : runtime_error(__what + (": " + __ec.message())), _M_code(__ec) { }
      |                                    ^
/usr/lib64/gcc/x86_64-pc-linux-gnu/16/../../../../include/c++/16/bits/stl_iterator.h:1026:11: note: definition of '__gnu_cxx::__normal_iterator<const char *, std::basic_string<char>>' is not complete until the closing '}'
 1026 |     class __normal_iterator
      |           ^
/usr/lib64/gcc/x86_64-pc-linux-gnu/16/../../../../include/c++/16/bits/stl_iterator.h:1337:19: error: member access into incomplete type 'const __normal_iterator<char *, basic_string<char>>'
 1337 |         -> decltype(__lhs.base() - __rhs.base())
      |                          ^
/usr/lib64/gcc/x86_64-pc-linux-gnu/16/../../../../include/c++/16/bits/basic_string.h:1071:7: note: in instantiation of template class '__gnu_cxx::__normal_iterator<char *, std::basic_string<char>>' requested here
 1071 |       begin() _GLIBCXX_NOEXCEPT
      |       ^
/usr/lib64/gcc/x86_64-pc-linux-gnu/16/../../../../include/c++/16/bits/locale_facets_nonio.tcc:323:27: note: in instantiation of member function 'std::basic_string<char>::begin' requested here
  323 |               __res.insert(__res.begin(), '-');
      |                                  ^
/usr/lib64/gcc/x86_64-pc-linux-gnu/16/../../../../include/c++/16/bits/stl_iterator.h:1026:11: note: definition of '__gnu_cxx::__normal_iterator<char *, std::basic_string<char>>' is not complete until the closing '}'
 1026 |     class __normal_iterator
      |           ^
In file included from $SOURCE/tests/test_adp_reentry.cpp:3:
In file included from $PACKET/scratch/gtest/include/gtest/gtest.h:56:
In file included from /usr/lib64/gcc/x86_64-pc-linux-gnu/16/../../../../include/c++/16/memory:83:
In file included from /usr/lib64/gcc/x86_64-pc-linux-gnu/16/../../../../include/c++/16/bits/shared_ptr_atomic.h:33:
In file included from /usr/lib64/gcc/x86_64-pc-linux-gnu/16/../../../../include/c++/16/bits/atomic_base.h:43:
/usr/lib64/gcc/x86_64-pc-linux-gnu/16/../../../../include/c++/16/bits/atomic_wait.h:55:24: error: use of undeclared identifier '__builtin_popcountg'
   55 |         = is_scalar_v<_Tp> && __builtin_popcountg(sizeof(_Tp)) == 1
      |                               ^
In file included from $SOURCE/tests/test_adp.cpp:4:
In file included from $PACKET/scratch/gtest/include/gtest/gtest.h:54:
In file included from /usr/lib64/gcc/x86_64-pc-linux-gnu/16/../../../../include/c++/16/iomanip:47:
In file included from /usr/lib64/gcc/x86_64-pc-linux-gnu/16/../../../../include/c++/16/bits/ios_base.h:43:
In file included from /usr/lib64/gcc/x86_64-pc-linux-gnu/16/../../../../include/c++/16/bits/locale_classes.h:43:
In file included from /usr/lib64/gcc/x86_64-pc-linux-gnu/16/../../../../include/c++/16/string:51:
/usr/lib64/gcc/x86_64-pc-linux-gnu/16/../../../../include/c++/16/bits/stl_iterator.h:1337:19: error: member access into incomplete type 'const __normal_iterator<const char *, basic_string<char>>'
 1337 |         -> decltype(__lhs.base() - __rhs.base())
      |                          ^
/usr/lib64/gcc/x86_64-pc-linux-gnu/16/../../../../include/c++/16/bits/basic_string.h:4018:37: note: in instantiation of template class '__gnu_cxx::__normal_iterator<const char *, std::basic_string<char>>' requested here
 4018 |     { return std::move(__rhs.insert(0, __lhs)); }
      |                                     ^
/usr/lib64/gcc/x86_64-pc-linux-gnu/16/../../../../include/c++/16/system_error:568:36: note: in instantiation of function template specialization 'std::operator+<char, std::char_traits<char>, std::allocator<char>>' requested here
  568 |     : runtime_error(__what + (": " + __ec.message())), _M_code(__ec) { }
      |                                    ^
/usr/lib64/gcc/x86_64-pc-linux-gnu/16/../../../../include/c++/16/bits/stl_iterator.h:1026:11: note: definition of '__gnu_cxx::__normal_iterator<const char *, std::basic_string<char>>' is not complete until the closing '}'
 1026 |     class __normal_iterator
      |           ^
In file included from $SOURCE/tests/test_maap_debug.cpp:3:
In file included from $PACKET/scratch/gtest/include/gtest/gtest.h:54:
In file included from /usr/lib64/gcc/x86_64-pc-linux-gnu/16/../../../../include/c++/16/iomanip:47:
In file included from /usr/lib64/gcc/x86_64-pc-linux-gnu/16/../../../../include/c++/16/bits/ios_base.h:43:
In file included from /usr/lib64/gcc/x86_64-pc-linux-gnu/16/../../../../include/c++/16/bits/locale_classes.h:43:
In file included from /usr/lib64/gcc/x86_64-pc-linux-gnu/16/../../../../include/c++/16/string:51:
/usr/lib64/gcc/x86_64-pc-linux-gnu/16/../../../../include/c++/16/bits/stl_iterator.h:1337:19: error: member access into incomplete type 'const __normal_iterator<const char *, basic_string<char>>'
 1337 |         -> decltype(__lhs.base() - __rhs.base())
      |                          ^
/usr/lib64/gcc/x86_64-pc-linux-gnu/16/../../../../include/c++/16/bits/basic_string.h:4018:37: note: in instantiation of template class '__gnu_cxx::__normal_iterator<const char *, std::basic_string<char>>' requested here
 4018 |     { return std::move(__rhs.insert(0, __lhs)); }
      |                                     ^
/usr/lib64/gcc/x86_64-pc-linux-gnu/16/../../../../include/c++/16/system_error:568:36: note: in instantiation of function template specialization 'std::operator+<char, std::char_traits<char>, std::allocator<char>>' requested here
  568 |     : runtime_error(__what + (": " + __ec.message())), _M_code(__ec) { }
      |                                    ^
/usr/lib64/gcc/x86_64-pc-linux-gnu/16/../../../../include/c++/16/bits/stl_iterator.h:1026:11: note: definition of '__gnu_cxx::__normal_iterator<const char *, std::basic_string<char>>' is not complete until the closing '}'
 1026 |     class __normal_iterator
      |           ^
/usr/lib64/gcc/x86_64-pc-linux-gnu/16/../../../../include/c++/16/bits/stl_iterator.h:1337:19: error: member access into incomplete type 'const __normal_iterator<char *, basic_string<char>>'
 1337 |         -> decltype(__lhs.base() - __rhs.base())
      |                          ^
/usr/lib64/gcc/x86_64-pc-linux-gnu/16/../../../../include/c++/16/bits/basic_string.h:1071:7: note: in instantiation of template class '__gnu_cxx::__normal_iterator<char *, std::basic_string<char>>' requested here
 1071 |       begin() _GLIBCXX_NOEXCEPT
      |       ^
/usr/lib64/gcc/x86_64-pc-linux-gnu/16/../../../../include/c++/16/bits/locale_facets_nonio.tcc:323:27: note: in instantiation of member function 'std::basic_string<char>::begin' requested here
  323 |               __res.insert(__res.begin(), '-');
      |                                  ^
/usr/lib64/gcc/x86_64-pc-linux-gnu/16/../../../../include/c++/16/bits/stl_iterator.h:1026:11: note: definition of '__gnu_cxx::__normal_iterator<char *, std::basic_string<char>>' is not complete until the closing '}'
 1026 |     class __normal_iterator
      |           ^
In file included from $SOURCE/tests/main.cpp:3:
In file included from $PACKET/scratch/gtest/include/gmock/gmock.h:56:
In file included from $PACKET/scratch/gtest/include/gmock/gmock-actions.h:137:
In file included from /usr/lib64/gcc/x86_64-pc-linux-gnu/16/../../../../include/c++/16/algorithm:62:
In file included from /usr/lib64/gcc/x86_64-pc-linux-gnu/16/../../../../include/c++/16/bits/stl_algobase.h:66:
/usr/lib64/gcc/x86_64-pc-linux-gnu/16/../../../../include/c++/16/bits/stl_iterator.h:1337:19: error: member access into incomplete type 'const __normal_iterator<const char *, basic_string<char>>'
 1337 |         -> decltype(__lhs.base() - __rhs.base())
      |                          ^
/usr/lib64/gcc/x86_64-pc-linux-gnu/16/../../../../include/c++/16/bits/basic_string.h:4018:37: note: in instantiation of template class '__gnu_cxx::__normal_iterator<const char *, std::basic_string<char>>' requested here
 4018 |     { return std::move(__rhs.insert(0, __lhs)); }
      |                                     ^
/usr/lib64/gcc/x86_64-pc-linux-gnu/16/../../../../include/c++/16/system_error:568:36: note: in instantiation of function template specialization 'std::operator+<char, std::char_traits<char>, std::allocator<char>>' requested here
  568 |     : runtime_error(__what + (": " + __ec.message())), _M_code(__ec) { }
      |                                    ^
/usr/lib64/gcc/x86_64-pc-linux-gnu/16/../../../../include/c++/16/bits/stl_iterator.h:1026:11: note: definition of '__gnu_cxx::__normal_iterator<const char *, std::basic_string<char>>' is not complete until the closing '}'
 1026 |     class __normal_iterator
      |           ^
/usr/lib64/gcc/x86_64-pc-linux-gnu/16/../../../../include/c++/16/bits/stl_iterator.h:1337:19: error: member access into incomplete type 'const __normal_iterator<char *, basic_string<char>>'
 1337 |         -> decltype(__lhs.base() - __rhs.base())
      |                          ^
/usr/lib64/gcc/x86_64-pc-linux-gnu/16/../../../../include/c++/16/bits/basic_string.h:1071:7: note: in instantiation of template class '__gnu_cxx::__normal_iterator<char *, std::basic_string<char>>' requested here
 1071 |       begin() _GLIBCXX_NOEXCEPT
      |       ^
/usr/lib64/gcc/x86_64-pc-linux-gnu/16/../../../../include/c++/16/bits/locale_facets_nonio.tcc:323:27: note: in instantiation of member function 'std::basic_string<char>::begin' requested here
  323 |               __res.insert(__res.begin(), '-');
      |                                  ^
/usr/lib64/gcc/x86_64-pc-linux-gnu/16/../../../../include/c++/16/bits/stl_iterator.h:1026:11: note: definition of '__gnu_cxx::__normal_iterator<char *, std::basic_string<char>>' is not complete until the closing '}'
 1026 |     class __normal_iterator
      |           ^
In file included from $SOURCE/tests/main.cpp:3:
In file included from $PACKET/scratch/gtest/include/gmock/gmock.h:56:
In file included from $PACKET/scratch/gtest/include/gmock/gmock-actions.h:139:
In file included from /usr/lib64/gcc/x86_64-pc-linux-gnu/16/../../../../include/c++/16/memory:83:
In file included from /usr/lib64/gcc/x86_64-pc-linux-gnu/16/../../../../include/c++/16/bits/shared_ptr_atomic.h:33:
In file included from /usr/lib64/gcc/x86_64-pc-linux-gnu/16/../../../../include/c++/16/bits/atomic_base.h:43:
/usr/lib64/gcc/x86_64-pc-linux-gnu/16/../../../../include/c++/16/bits/atomic_wait.h:55:24: error: use of undeclared identifier '__builtin_popcountg'
   55 |         = is_scalar_v<_Tp> && __builtin_popcountg(sizeof(_Tp)) == 1
      |                               ^
In file included from $SOURCE/tests/test_adp.cpp:4:
In file included from $PACKET/scratch/gtest/include/gtest/gtest.h:56:
In file included from /usr/lib64/gcc/x86_64-pc-linux-gnu/16/../../../../include/c++/16/memory:83:
In file included from /usr/lib64/gcc/x86_64-pc-linux-gnu/16/../../../../include/c++/16/bits/shared_ptr_atomic.h:33:
In file included from /usr/lib64/gcc/x86_64-pc-linux-gnu/16/../../../../include/c++/16/bits/atomic_base.h:43:
/usr/lib64/gcc/x86_64-pc-linux-gnu/16/../../../../include/c++/16/bits/atomic_wait.h:55:24: error: use of undeclared identifier '__builtin_popcountg'
   55 |         = is_scalar_v<_Tp> && __builtin_popcountg(sizeof(_Tp)) == 1
      |                               ^
In file included from $SOURCE/tests/test_maap_debug.cpp:3:
In file included from $PACKET/scratch/gtest/include/gtest/gtest.h:56:
In file included from /usr/lib64/gcc/x86_64-pc-linux-gnu/16/../../../../include/c++/16/memory:83:
In file included from /usr/lib64/gcc/x86_64-pc-linux-gnu/16/../../../../include/c++/16/bits/shared_ptr_atomic.h:33:
In file included from /usr/lib64/gcc/x86_64-pc-linux-gnu/16/../../../../include/c++/16/bits/atomic_base.h:43:
/usr/lib64/gcc/x86_64-pc-linux-gnu/16/../../../../include/c++/16/bits/atomic_wait.h:55:24: error: use of undeclared identifier '__builtin_popcountg'
   55 |         = is_scalar_v<_Tp> && __builtin_popcountg(sizeof(_Tp)) == 1
      |                               ^
In file included from $SOURCE/tests/main.cpp:3:
In file included from $PACKET/scratch/gtest/include/gmock/gmock.h:56:
In file included from $PACKET/scratch/gtest/include/gmock/gmock-actions.h:137:
In file included from /usr/lib64/gcc/x86_64-pc-linux-gnu/16/../../../../include/c++/16/algorithm:62:
In file included from /usr/lib64/gcc/x86_64-pc-linux-gnu/16/../../../../include/c++/16/bits/stl_algobase.h:66:
/usr/lib64/gcc/x86_64-pc-linux-gnu/16/../../../../include/c++/16/bits/stl_iterator.h:1337:19: error: member access into incomplete type 'const __normal_iterator<char *, basic_string<char>>'
 1337 |         -> decltype(__lhs.base() - __rhs.base())
      |                          ^
/usr/lib64/gcc/x86_64-pc-linux-gnu/16/../../../../include/c++/16/bits/basic_string.h:1071:7: note: in instantiation of template class '__gnu_cxx::__normal_iterator<char *, std::basic_string<char>>' requested here
 1071 |       begin() _GLIBCXX_NOEXCEPT
      |       ^
/usr/lib64/gcc/x86_64-pc-linux-gnu/16/../../../../include/c++/16/bits/locale_facets_nonio.tcc:323:27: note: in instantiation of member function 'std::basic_string<char>::begin' requested here
  323 |               __res.insert(__res.begin(), '-');
      |                                  ^
/usr/lib64/gcc/x86_64-pc-linux-gnu/16/../../../../include/c++/16/bits/stl_iterator.h:1026:11: note: definition of '__gnu_cxx::__normal_iterator<char *, std::basic_string<char>>' is not complete until the closing '}'
 1026 |     class __normal_iterator
      |           ^
In file included from $SOURCE/tests/test_adp_reentry.cpp:3:
In file included from $PACKET/scratch/gtest/include/gtest/gtest.h:54:
In file included from /usr/lib64/gcc/x86_64-pc-linux-gnu/16/../../../../include/c++/16/iomanip:47:
In file included from /usr/lib64/gcc/x86_64-pc-linux-gnu/16/../../../../include/c++/16/bits/ios_base.h:43:
In file included from /usr/lib64/gcc/x86_64-pc-linux-gnu/16/../../../../include/c++/16/bits/locale_classes.h:43:
In file included from /usr/lib64/gcc/x86_64-pc-linux-gnu/16/../../../../include/c++/16/string:51:
/usr/lib64/gcc/x86_64-pc-linux-gnu/16/../../../../include/c++/16/bits/stl_iterator.h:1337:19: error: member access into incomplete type 'const __normal_iterator<const basic_string<char> *, vector<basic_string<char>>>'
 1337 |         -> decltype(__lhs.base() - __rhs.base())
      |                          ^
/usr/lib64/gcc/x86_64-pc-linux-gnu/16/../../../../include/c++/16/bits/stl_vector.h:998:7: note: in instantiation of template class '__gnu_cxx::__normal_iterator<const std::basic_string<char> *, std::vector<std::basic_string<char>>>' requested here
  998 |       begin() const _GLIBCXX_NOEXCEPT
      |       ^
/usr/lib64/gcc/x86_64-pc-linux-gnu/16/../../../../include/c++/16/bits/stl_vector.h:1214:16: note: in instantiation of member function 'std::vector<std::basic_string<char>>::begin' requested here
 1214 |       { return begin() == end(); }
      |                ^
/usr/lib64/gcc/x86_64-pc-linux-gnu/16/../../../../include/c++/16/bits/stl_vector.h:1360:2: note: in instantiation of member function 'std::vector<std::basic_string<char>>::empty' requested here
 1360 |         __glibcxx_requires_nonempty();
      |         ^
/usr/lib64/gcc/x86_64-pc-linux-gnu/16/../../../../include/c++/16/debug/assertions.h:42:27: note: expanded from macro '__glibcxx_requires_nonempty'
   42 |   __glibcxx_assert(!this->empty())
      |                           ^
/usr/lib64/gcc/x86_64-pc-linux-gnu/16/../../../../include/c++/16/bits/vector.tcc:129:9: note: in instantiation of member function 'std::vector<std::basic_string<char>>::back' requested here
  129 |         return back();
      |                ^
/usr/lib64/gcc/x86_64-pc-linux-gnu/16/../../../../include/c++/16/bits/stl_vector.h:1424:9: note: in instantiation of function template specialization 'std::vector<std::basic_string<char>>::emplace_back<std::basic_string<char>>' requested here
 1424 |       { emplace_back(std::move(__x)); }
      |         ^
$PACKET/scratch/gtest/include/gtest/gtest-printers.h:1130:12: note: in instantiation of member function 'std::vector<std::basic_string<char>>::push_back' requested here
 1130 |   strings->push_back(ss.str());
      |            ^
/usr/lib64/gcc/x86_64-pc-linux-gnu/16/../../../../include/c++/16/bits/stl_iterator.h:1026:11: note: definition of '__gnu_cxx::__normal_iterator<const std::basic_string<char> *, std::vector<std::basic_string<char>>>' is not complete until the closing '}'
 1026 |     class __normal_iterator
      |           ^
/usr/lib64/gcc/x86_64-pc-linux-gnu/16/../../../../include/c++/16/bits/stl_iterator.h:1337:19: error: member access into incomplete type 'const __normal_iterator<basic_string<char> *, vector<basic_string<char>>>'
 1337 |         -> decltype(__lhs.base() - __rhs.base())
      |                          ^
/usr/lib64/gcc/x86_64-pc-linux-gnu/16/../../../../include/c++/16/bits/stl_vector.h:1008:7: note: in instantiation of template class '__gnu_cxx::__normal_iterator<std::basic_string<char> *, std::vector<std::basic_string<char>>>' requested here
 1008 |       end() _GLIBCXX_NOEXCEPT
      |       ^
/usr/lib64/gcc/x86_64-pc-linux-gnu/16/../../../../include/c++/16/bits/stl_vector.h:1361:11: note: in instantiation of member function 'std::vector<std::basic_string<char>>::end' requested here
 1361 |         return *(end() - 1);
      |                  ^
/usr/lib64/gcc/x86_64-pc-linux-gnu/16/../../../../include/c++/16/bits/vector.tcc:129:9: note: in instantiation of member function 'std::vector<std::basic_string<char>>::back' requested here
  129 |         return back();
      |                ^
/usr/lib64/gcc/x86_64-pc-linux-gnu/16/../../../../include/c++/16/bits/stl_vector.h:1424:9: note: in instantiation of function template specialization 'std::vector<std::basic_string<char>>::emplace_back<std::basic_string<char>>' requested here
 1424 |       { emplace_back(std::move(__x)); }
      |         ^
$PACKET/scratch/gtest/include/gtest/gtest-printers.h:1130:12: note: in instantiation of member function 'std::vector<std::basic_string<char>>::push_back' requested here
 1130 |   strings->push_back(ss.str());
      |            ^
/usr/lib64/gcc/x86_64-pc-linux-gnu/16/../../../../include/c++/16/bits/stl_iterator.h:1026:11: note: definition of '__gnu_cxx::__normal_iterator<std::basic_string<char> *, std::vector<std::basic_string<char>>>' is not complete until the closing '}'
 1026 |     class __normal_iterator
      |           ^
/usr/lib64/gcc/x86_64-pc-linux-gnu/16/../../../../include/c++/16/bits/stl_iterator.h:1337:19: error: member access into incomplete type 'const __normal_iterator<ParameterizedTestSuiteInfoBase **, vector<ParameterizedTestSuiteInfoBase *>>'
 1337 |         -> decltype(__lhs.base() - __rhs.base())
      |                          ^
/usr/lib64/gcc/x86_64-pc-linux-gnu/16/../../../../include/c++/16/bits/stl_vector.h:988:7: note: in instantiation of template class '__gnu_cxx::__normal_iterator<testing::internal::ParameterizedTestSuiteInfoBase **, std::vector<testing::internal::ParameterizedTestSuiteInfoBase *>>' requested here
  988 |       begin() _GLIBCXX_NOEXCEPT
      |       ^
$PACKET/scratch/gtest/include/gtest/internal/gtest-param-util.h:696:32: note: in instantiation of member function 'std::vector<testing::internal::ParameterizedTestSuiteInfoBase *>::begin' requested here
  696 |     for (auto& test_suite_info : test_suite_infos_) {
      |                                ^
/usr/lib64/gcc/x86_64-pc-linux-gnu/16/../../../../include/c++/16/bits/stl_iterator.h:1026:11: note: definition of '__gnu_cxx::__normal_iterator<testing::internal::ParameterizedTestSuiteInfoBase **, std::vector<testing::internal::ParameterizedTestSuiteInfoBase *>>' is not complete until the closing '}'
 1026 |     class __normal_iterator
      |           ^
/usr/lib64/gcc/x86_64-pc-linux-gnu/16/../../../../include/c++/16/bits/stl_iterator.h:1337:19: error: member access into incomplete type 'const __normal_iterator<const basic_string<char> *, vector<basic_string<char>>>'
 1337 |         -> decltype(__lhs.base() - __rhs.base())
      |                          ^
/usr/lib64/gcc/x86_64-pc-linux-gnu/16/../../../../include/c++/16/bits/stl_vector.h:998:7: note: in instantiation of template class '__gnu_cxx::__normal_iterator<const std::basic_string<char> *, std::vector<std::basic_string<char>>>' requested here
  998 |       begin() const _GLIBCXX_NOEXCEPT
      |       ^
/usr/lib64/gcc/x86_64-pc-linux-gnu/16/../../../../include/c++/16/bits/stl_vector.h:1214:16: note: in instantiation of member function 'std::vector<std::basic_string<char>>::begin' requested here
 1214 |       { return begin() == end(); }
      |                ^
/usr/lib64/gcc/x86_64-pc-linux-gnu/16/../../../../include/c++/16/bits/stl_vector.h:1360:2: note: in instantiation of member function 'std::vector<std::basic_string<char>>::empty' requested here
 1360 |         __glibcxx_requires_nonempty();
      |         ^
/usr/lib64/gcc/x86_64-pc-linux-gnu/16/../../../../include/c++/16/debug/assertions.h:42:27: note: expanded from macro '__glibcxx_requires_nonempty'
   42 |   __glibcxx_assert(!this->empty())
      |                           ^
/usr/lib64/gcc/x86_64-pc-linux-gnu/16/../../../../include/c++/16/bits/vector.tcc:129:9: note: in instantiation of member function 'std::vector<std::basic_string<char>>::back' requested here
  129 |         return back();
      |                ^
/usr/lib64/gcc/x86_64-pc-linux-gnu/16/../../../../include/c++/16/bits/stl_vector.h:1424:9: note: in instantiation of function template specialization 'std::vector<std::basic_string<char>>::emplace_back<std::basic_string<char>>' requested here
 1424 |       { emplace_back(std::move(__x)); }
      |         ^
$PACKET/scratch/gtest/include/gtest/gtest-printers.h:1130:12: note: in instantiation of member function 'std::vector<std::basic_string<char>>::push_back' requested here
 1130 |   strings->push_back(ss.str());
      |            ^
/usr/lib64/gcc/x86_64-pc-linux-gnu/16/../../../../include/c++/16/bits/stl_iterator.h:1026:11: note: definition of '__gnu_cxx::__normal_iterator<const std::basic_string<char> *, std::vector<std::basic_string<char>>>' is not complete until the closing '}'
 1026 |     class __normal_iterator
      |           ^
/usr/lib64/gcc/x86_64-pc-linux-gnu/16/../../../../include/c++/16/bits/stl_iterator.h:1337:19: error: member access into incomplete type 'const __normal_iterator<basic_string<char> *, vector<basic_string<char>>>'
 1337 |         -> decltype(__lhs.base() - __rhs.base())
      |                          ^
/usr/lib64/gcc/x86_64-pc-linux-gnu/16/../../../../include/c++/16/bits/stl_vector.h:1008:7: note: in instantiation of template class '__gnu_cxx::__normal_iterator<std::basic_string<char> *, std::vector<std::basic_string<char>>>' requested here
 1008 |       end() _GLIBCXX_NOEXCEPT
      |       ^
/usr/lib64/gcc/x86_64-pc-linux-gnu/16/../../../../include/c++/16/bits/stl_vector.h:1361:11: note: in instantiation of member function 'std::vector<std::basic_string<char>>::end' requested here
 1361 |         return *(end() - 1);
      |                  ^
/usr/lib64/gcc/x86_64-pc-linux-gnu/16/../../../../include/c++/16/bits/vector.tcc:129:9: note: in instantiation of member function 'std::vector<std::basic_string<char>>::back' requested here
  129 |         return back();
      |                ^
/usr/lib64/gcc/x86_64-pc-linux-gnu/16/../../../../include/c++/16/bits/stl_vector.h:1424:9: note: in instantiation of function template specialization 'std::vector<std::basic_string<char>>::emplace_back<std::basic_string<char>>' requested here
 1424 |       { emplace_back(std::move(__x)); }
      |         ^
$PACKET/scratch/gtest/include/gtest/gtest-printers.h:1130:12: note: in instantiation of member function 'std::vector<std::basic_string<char>>::push_back' requested here
 1130 |   strings->push_back(ss.str());
      |            ^
/usr/lib64/gcc/x86_64-pc-linux-gnu/16/../../../../include/c++/16/bits/stl_iterator.h:1026:11: note: definition of '__gnu_cxx::__normal_iterator<std::basic_string<char> *, std::vector<std::basic_string<char>>>' is not complete until the closing '}'
 1026 |     class __normal_iterator
      |           ^
/usr/lib64/gcc/x86_64-pc-linux-gnu/16/../../../../include/c++/16/bits/stl_iterator.h:1337:19: error: member access into incomplete type 'const __normal_iterator<ParameterizedTestSuiteInfoBase **, vector<ParameterizedTestSuiteInfoBase *>>'
 1337 |         -> decltype(__lhs.base() - __rhs.base())
      |                          ^
/usr/lib64/gcc/x86_64-pc-linux-gnu/16/../../../../include/c++/16/bits/stl_vector.h:988:7: note: in instantiation of template class '__gnu_cxx::__normal_iterator<testing::internal::ParameterizedTestSuiteInfoBase **, std::vector<testing::internal::ParameterizedTestSuiteInfoBase *>>' requested here
  988 |       begin() _GLIBCXX_NOEXCEPT
      |       ^
$PACKET/scratch/gtest/include/gtest/internal/gtest-param-util.h:696:32: note: in instantiation of member function 'std::vector<testing::internal::ParameterizedTestSuiteInfoBase *>::begin' requested here
  696 |     for (auto& test_suite_info : test_suite_infos_) {
      |                                ^
/usr/lib64/gcc/x86_64-pc-linux-gnu/16/../../../../include/c++/16/bits/stl_iterator.h:1026:11: note: definition of '__gnu_cxx::__normal_iterator<testing::internal::ParameterizedTestSuiteInfoBase **, std::vector<testing::internal::ParameterizedTestSuiteInfoBase *>>' is not complete until the closing '}'
 1026 |     class __normal_iterator
      |           ^
In file included from $SOURCE/tests/test_adp_reentry.cpp:3:
In file included from $PACKET/scratch/gtest/include/gtest/gtest.h:56:
In file included from /usr/lib64/gcc/x86_64-pc-linux-gnu/16/../../../../include/c++/16/memory:83:
In file included from /usr/lib64/gcc/x86_64-pc-linux-gnu/16/../../../../include/c++/16/bits/shared_ptr_atomic.h:33:
In file included from /usr/lib64/gcc/x86_64-pc-linux-gnu/16/../../../../include/c++/16/bits/atomic_base.h:43:
/usr/lib64/gcc/x86_64-pc-linux-gnu/16/../../../../include/c++/16/bits/atomic_wait.h:398:29: error: no matching constructor for initialization of '__detail::__wait_args'
  398 |       __detail::__wait_args __args{ __addr, __bare_wait };
      |                             ^     ~~~~~~~~~~~~~~~~~~~~~~~
/usr/lib64/gcc/x86_64-pc-linux-gnu/16/../../../../include/c++/16/bits/atomic_base.h:270:12: note: in instantiation of function template specialization 'std::__atomic_notify_address<bool>' requested here
  270 |     { std::__atomic_notify_address(&_M_i, false); }
      |            ^
/usr/lib64/gcc/x86_64-pc-linux-gnu/16/../../../../include/c++/16/bits/atomic_wait.h:221:2: note: candidate template ignored: substitution failure [with _Tp = bool]
  221 |         __wait_args(const _Tp* __addr, bool __bare_wait = false) noexcept
      |         ^
/usr/lib64/gcc/x86_64-pc-linux-gnu/16/../../../../include/c++/16/bits/atomic_wait.h:239:7: note: candidate constructor not viable: requires 1 argument, but 2 were provided
  239 |       __wait_args(const __wait_args&) noexcept = default;
      |       ^           ~~~~~~~~~~~~~~~~~~
/usr/lib64/gcc/x86_64-pc-linux-gnu/16/../../../../include/c++/16/bits/atomic_wait.h:231:7: note: candidate constructor not viable: requires at least 3 arguments, but 2 were provided
  231 |       __wait_args(const __platform_wait_t* __addr, __platform_wait_t __old,
      |       ^           ~~~~~~~~~~~~~~~~~~~~~~~~~~~~~~~~~~~~~~~~~~~~~~~~~~~~~~~~~
  232 |                   int __order, bool __bare_wait = false) noexcept
      |                   ~~~~~~~~~~~~~~~~~~~~~~~~~~~~~~~~~~~~~
/usr/lib64/gcc/x86_64-pc-linux-gnu/16/../../../../include/c++/16/bits/atomic_wait.h:358:29: error: no matching constructor for initialization of '__detail::__wait_args'
  358 |       __detail::__wait_args __args{ __addr, __bare_wait };
      |                             ^     ~~~~~~~~~~~~~~~~~~~~~~~
/usr/lib64/gcc/x86_64-pc-linux-gnu/16/../../../../include/c++/16/bits/atomic_wait.h:390:12: note: in instantiation of function template specialization 'std::__atomic_wait_address<bool, (lambda at /usr/lib64/gcc/x86_64-pc-linux-gnu/16/../../../../include/c++/16/bits/atomic_wait.h:388:20) &, (lambda at /usr/lib64/gcc/x86_64-pc-linux-gnu/16/../../../../include/c++/16/bits/atomic_base.h:627:7)>' requested here
  390 |       std::__atomic_wait_address(__addr, __pfn, forward<_ValFn>(__vfn));
      |            ^
/usr/lib64/gcc/x86_64-pc-linux-gnu/16/../../../../include/c++/16/bits/atomic_base.h:626:7: note: in instantiation of function template specialization 'std::__atomic_wait_address_v<bool, (lambda at /usr/lib64/gcc/x86_64-pc-linux-gnu/16/../../../../include/c++/16/bits/atomic_base.h:627:7)>' requested here
  626 |         std::__atomic_wait_address_v(&_M_i, __old,
      |              ^
/usr/lib64/gcc/x86_64-pc-linux-gnu/16/../../../../include/c++/16/atomic:180:15: note: in instantiation of member function 'std::__atomic_base<bool>::wait' requested here
  180 |     { _M_base.wait(__old, __m); }
      |               ^
/usr/lib64/gcc/x86_64-pc-linux-gnu/16/../../../../include/c++/16/bits/atomic_wait.h:221:2: note: candidate template ignored: substitution failure [with _Tp = bool]
  221 |         __wait_args(const _Tp* __addr, bool __bare_wait = false) noexcept
      |         ^
/usr/lib64/gcc/x86_64-pc-linux-gnu/16/../../../../include/c++/16/bits/atomic_wait.h:239:7: note: candidate constructor not viable: requires 1 argument, but 2 were provided
  239 |       __wait_args(const __wait_args&) noexcept = default;
      |       ^           ~~~~~~~~~~~~~~~~~~
/usr/lib64/gcc/x86_64-pc-linux-gnu/16/../../../../include/c++/16/bits/atomic_wait.h:231:7: note: candidate constructor not viable: requires at least 3 arguments, but 2 were provided
  231 |       __wait_args(const __platform_wait_t* __addr, __platform_wait_t __old,
      |       ^           ~~~~~~~~~~~~~~~~~~~~~~~~~~~~~~~~~~~~~~~~~~~~~~~~~~~~~~~~~
  232 |                   int __order, bool __bare_wait = false) noexcept
      |                   ~~~~~~~~~~~~~~~~~~~~~~~~~~~~~~~~~~~~~
In file included from $SOURCE/tests/test_adp_reentry.cpp:3:
In file included from $PACKET/scratch/gtest/include/gtest/gtest.h:64:
In file included from $PACKET/scratch/gtest/include/gtest/gtest-assertion-result.h:46:
In file included from $PACKET/scratch/gtest/include/gtest/gtest-message.h:57:
In file included from $PACKET/scratch/gtest/include/gtest/internal/gtest-port.h:820:
In file included from /usr/lib64/gcc/x86_64-pc-linux-gnu/16/../../../../include/c++/16/condition_variable:51:
In file included from /usr/lib64/gcc/x86_64-pc-linux-gnu/16/../../../../include/c++/16/stop_token:41:
In file included from /usr/lib64/gcc/x86_64-pc-linux-gnu/16/../../../../include/c++/16/semaphore:42:
In file included from /usr/lib64/gcc/x86_64-pc-linux-gnu/16/../../../../include/c++/16/bits/semaphore_base.h:42:
/usr/lib64/gcc/x86_64-pc-linux-gnu/16/../../../../include/c++/16/bits/atomic_timed_wait.h:188:29: error: no matching constructor for initialization of '__detail::__wait_args'
  188 |       __detail::__wait_args __args{ __addr, __bare_wait };
      |                             ^     ~~~~~~~~~~~~~~~~~~~~~~~
/usr/lib64/gcc/x86_64-pc-linux-gnu/16/../../../../include/c++/16/bits/semaphore_base.h:114:16: note: in instantiation of function template specialization 'std::__atomic_wait_address_for<long, std::__semaphore_impl::_Available &, (lambda at /usr/lib64/gcc/x86_64-pc-linux-gnu/16/../../../../include/c++/16/bits/semaphore_base.h:104:20) &, long, std::ratio<1, 1000000000>>' requested here
  114 |       if (std::__atomic_wait_address_for(&_M_counter, __is_available,
      |                ^
/usr/lib64/gcc/x86_64-pc-linux-gnu/16/../../../../include/c++/16/bits/atomic_wait.h:221:2: note: candidate template ignored: substitution failure [with _Tp = long]
  221 |         __wait_args(const _Tp* __addr, bool __bare_wait = false) noexcept
      |         ^
/usr/lib64/gcc/x86_64-pc-linux-gnu/16/../../../../include/c++/16/bits/atomic_wait.h:239:7: note: candidate constructor not viable: requires 1 argument, but 2 were provided
  239 |       __wait_args(const __wait_args&) noexcept = default;
      |       ^           ~~~~~~~~~~~~~~~~~~
/usr/lib64/gcc/x86_64-pc-linux-gnu/16/../../../../include/c++/16/bits/atomic_wait.h:231:7: note: candidate constructor not viable: requires at least 3 arguments, but 2 were provided
  231 |       __wait_args(const __platform_wait_t* __addr, __platform_wait_t __old,
      |       ^           ~~~~~~~~~~~~~~~~~~~~~~~~~~~~~~~~~~~~~~~~~~~~~~~~~~~~~~~~~
  232 |                   int __order, bool __bare_wait = false) noexcept
      |                   ~~~~~~~~~~~~~~~~~~~~~~~~~~~~~~~~~~~~~
/usr/lib64/gcc/x86_64-pc-linux-gnu/16/../../../../include/c++/16/bits/atomic_wait.h:398:29: error: no matching constructor for initialization of '__detail::__wait_args'
  398 |       __detail::__wait_args __args{ __addr, __bare_wait };
      |                             ^     ~~~~~~~~~~~~~~~~~~~~~~~
/usr/lib64/gcc/x86_64-pc-linux-gnu/16/../../../../include/c++/16/bits/semaphore_base.h:149:2: note: in instantiation of function template specialization 'std::__atomic_notify_address<long>' requested here
  149 |         __atomic_notify_address(&_M_counter, true, true);
      |         ^
/usr/lib64/gcc/x86_64-pc-linux-gnu/16/../../../../include/c++/16/bits/atomic_wait.h:221:2: note: candidate template ignored: substitution failure [with _Tp = long]
  221 |         __wait_args(const _Tp* __addr, bool __bare_wait = false) noexcept
      |         ^
/usr/lib64/gcc/x86_64-pc-linux-gnu/16/../../../../include/c++/16/bits/atomic_wait.h:239:7: note: candidate constructor not viable: requires 1 argument, but 2 were provided
  239 |       __wait_args(const __wait_args&) noexcept = default;
      |       ^           ~~~~~~~~~~~~~~~~~~
/usr/lib64/gcc/x86_64-pc-linux-gnu/16/../../../../include/c++/16/bits/atomic_wait.h:231:7: note: candidate constructor not viable: requires at least 3 arguments, but 2 were provided
  231 |       __wait_args(const __platform_wait_t* __addr, __platform_wait_t __old,
      |       ^           ~~~~~~~~~~~~~~~~~~~~~~~~~~~~~~~~~~~~~~~~~~~~~~~~~~~~~~~~~
  232 |                   int __order, bool __bare_wait = false) noexcept
      |                   ~~~~~~~~~~~~~~~~~~~~~~~~~~~~~~~~~~~~~
In file included from $SOURCE/tests/test_adp.cpp:4:
In file included from $PACKET/scratch/gtest/include/gtest/gtest.h:54:
In file included from /usr/lib64/gcc/x86_64-pc-linux-gnu/16/../../../../include/c++/16/iomanip:47:
In file included from /usr/lib64/gcc/x86_64-pc-linux-gnu/16/../../../../include/c++/16/bits/ios_base.h:43:
In file included from /usr/lib64/gcc/x86_64-pc-linux-gnu/16/../../../../include/c++/16/bits/locale_classes.h:43:
In file included from /usr/lib64/gcc/x86_64-pc-linux-gnu/16/../../../../include/c++/16/string:51:
/usr/lib64/gcc/x86_64-pc-linux-gnu/16/../../../../include/c++/16/bits/stl_iterator.h:1337:19: error: member access into incomplete type 'const __normal_iterator<const basic_string<char> *, vector<basic_string<char>>>'
 1337 |         -> decltype(__lhs.base() - __rhs.base())
      |                          ^
/usr/lib64/gcc/x86_64-pc-linux-gnu/16/../../../../include/c++/16/bits/stl_vector.h:998:7: note: in instantiation of template class '__gnu_cxx::__normal_iterator<const std::basic_string<char> *, std::vector<std::basic_string<char>>>' requested here
  998 |       begin() const _GLIBCXX_NOEXCEPT
      |       ^
/usr/lib64/gcc/x86_64-pc-linux-gnu/16/../../../../include/c++/16/bits/stl_vector.h:1214:16: note: in instantiation of member function 'std::vector<std::basic_string<char>>::begin' requested here
 1214 |       { return begin() == end(); }
      |                ^
/usr/lib64/gcc/x86_64-pc-linux-gnu/16/../../../../include/c++/16/bits/stl_vector.h:1360:2: note: in instantiation of member function 'std::vector<std::basic_string<char>>::empty' requested here
 1360 |         __glibcxx_requires_nonempty();
      |         ^
/usr/lib64/gcc/x86_64-pc-linux-gnu/16/../../../../include/c++/16/debug/assertions.h:42:27: note: expanded from macro '__glibcxx_requires_nonempty'
   42 |   __glibcxx_assert(!this->empty())
      |                           ^
/usr/lib64/gcc/x86_64-pc-linux-gnu/16/../../../../include/c++/16/bits/vector.tcc:129:9: note: in instantiation of member function 'std::vector<std::basic_string<char>>::back' requested here
  129 |         return back();
      |                ^
/usr/lib64/gcc/x86_64-pc-linux-gnu/16/../../../../include/c++/16/bits/stl_vector.h:1424:9: note: in instantiation of function template specialization 'std::vector<std::basic_string<char>>::emplace_back<std::basic_string<char>>' requested here
 1424 |       { emplace_back(std::move(__x)); }
      |         ^
$PACKET/scratch/gtest/include/gtest/gtest-printers.h:1130:12: note: in instantiation of member function 'std::vector<std::basic_string<char>>::push_back' requested here
 1130 |   strings->push_back(ss.str());
      |            ^
/usr/lib64/gcc/x86_64-pc-linux-gnu/16/../../../../include/c++/16/bits/stl_iterator.h:1026:11: note: definition of '__gnu_cxx::__normal_iterator<const std::basic_string<char> *, std::vector<std::basic_string<char>>>' is not complete until the closing '}'
 1026 |     class __normal_iterator
      |           ^
/usr/lib64/gcc/x86_64-pc-linux-gnu/16/../../../../include/c++/16/bits/stl_iterator.h:1337:19: error: member access into incomplete type 'const __normal_iterator<basic_string<char> *, vector<basic_string<char>>>'
 1337 |         -> decltype(__lhs.base() - __rhs.base())
      |                          ^
/usr/lib64/gcc/x86_64-pc-linux-gnu/16/../../../../include/c++/16/bits/stl_vector.h:1008:7: note: in instantiation of template class '__gnu_cxx::__normal_iterator<std::basic_string<char> *, std::vector<std::basic_string<char>>>' requested here
 1008 |       end() _GLIBCXX_NOEXCEPT
      |       ^
/usr/lib64/gcc/x86_64-pc-linux-gnu/16/../../../../include/c++/16/bits/stl_vector.h:1361:11: note: in instantiation of member function 'std::vector<std::basic_string<char>>::end' requested here
 1361 |         return *(end() - 1);
      |                  ^
/usr/lib64/gcc/x86_64-pc-linux-gnu/16/../../../../include/c++/16/bits/vector.tcc:129:9: note: in instantiation of member function 'std::vector<std::basic_string<char>>::back' requested here
  129 |         return back();
      |                ^
/usr/lib64/gcc/x86_64-pc-linux-gnu/16/../../../../include/c++/16/bits/stl_vector.h:1424:9: note: in instantiation of function template specialization 'std::vector<std::basic_string<char>>::emplace_back<std::basic_string<char>>' requested here
 1424 |       { emplace_back(std::move(__x)); }
      |         ^
$PACKET/scratch/gtest/include/gtest/gtest-printers.h:1130:12: note: in instantiation of member function 'std::vector<std::basic_string<char>>::push_back' requested here
 1130 |   strings->push_back(ss.str());
      |            ^
/usr/lib64/gcc/x86_64-pc-linux-gnu/16/../../../../include/c++/16/bits/stl_iterator.h:1026:11: note: definition of '__gnu_cxx::__normal_iterator<std::basic_string<char> *, std::vector<std::basic_string<char>>>' is not complete until the closing '}'
 1026 |     class __normal_iterator
      |           ^
In file included from $SOURCE/tests/test_maap_debug.cpp:3:
In file included from $PACKET/scratch/gtest/include/gtest/gtest.h:54:
In file included from /usr/lib64/gcc/x86_64-pc-linux-gnu/16/../../../../include/c++/16/iomanip:47:
In file included from /usr/lib64/gcc/x86_64-pc-linux-gnu/16/../../../../include/c++/16/bits/ios_base.h:43:
In file included from /usr/lib64/gcc/x86_64-pc-linux-gnu/16/../../../../include/c++/16/bits/locale_classes.h:43:
In file included from /usr/lib64/gcc/x86_64-pc-linux-gnu/16/../../../../include/c++/16/string:51:
/usr/lib64/gcc/x86_64-pc-linux-gnu/16/../../../../include/c++/16/bits/stl_iterator.h:1337:19: error: member access into incomplete type 'const __normal_iterator<const basic_string<char> *, vector<basic_string<char>>>'
 1337 |         -> decltype(__lhs.base() - __rhs.base())
      |                          ^
/usr/lib64/gcc/x86_64-pc-linux-gnu/16/../../../../include/c++/16/bits/stl_vector.h:998:7: note: in instantiation of template class '__gnu_cxx::__normal_iterator<const std::basic_string<char> *, std::vector<std::basic_string<char>>>' requested here
  998 |       begin() const _GLIBCXX_NOEXCEPT
      |       ^
/usr/lib64/gcc/x86_64-pc-linux-gnu/16/../../../../include/c++/16/bits/stl_vector.h:1214:16: note: in instantiation of member function 'std::vector<std::basic_string<char>>::begin' requested here
 1214 |       { return begin() == end(); }
      |                ^
/usr/lib64/gcc/x86_64-pc-linux-gnu/16/../../../../include/c++/16/bits/stl_vector.h:1360:2: note: in instantiation of member function 'std::vector<std::basic_string<char>>::empty' requested here
 1360 |         __glibcxx_requires_nonempty();
      |         ^
/usr/lib64/gcc/x86_64-pc-linux-gnu/16/../../../../include/c++/16/debug/assertions.h:42:27: note: expanded from macro '__glibcxx_requires_nonempty'
   42 |   __glibcxx_assert(!this->empty())
      |                           ^
/usr/lib64/gcc/x86_64-pc-linux-gnu/16/../../../../include/c++/16/bits/vector.tcc:129:9: note: in instantiation of member function 'std::vector<std::basic_string<char>>::back' requested here
  129 |         return back();
      |                ^
/usr/lib64/gcc/x86_64-pc-linux-gnu/16/../../../../include/c++/16/bits/stl_vector.h:1424:9: note: in instantiation of function template specialization 'std::vector<std::basic_string<char>>::emplace_back<std::basic_string<char>>' requested here
 1424 |       { emplace_back(std::move(__x)); }
      |         ^
$PACKET/scratch/gtest/include/gtest/gtest-printers.h:1130:12: note: in instantiation of member function 'std::vector<std::basic_string<char>>::push_back' requested here
 1130 |   strings->push_back(ss.str());
      |            ^
/usr/lib64/gcc/x86_64-pc-linux-gnu/16/../../../../include/c++/16/bits/stl_iterator.h:1026:11: note: definition of '__gnu_cxx::__normal_iterator<const std::basic_string<char> *, std::vector<std::basic_string<char>>>' is not complete until the closing '}'
 1026 |     class __normal_iterator
      |           ^
/usr/lib64/gcc/x86_64-pc-linux-gnu/16/../../../../include/c++/16/bits/stl_iterator.h:1337:19: error: member access into incomplete type 'const __normal_iterator<basic_string<char> *, vector<basic_string<char>>>'
 1337 |         -> decltype(__lhs.base() - __rhs.base())
      |                          ^
/usr/lib64/gcc/x86_64-pc-linux-gnu/16/../../../../include/c++/16/bits/stl_vector.h:1008:7: note: in instantiation of template class '__gnu_cxx::__normal_iterator<std::basic_string<char> *, std::vector<std::basic_string<char>>>' requested here
 1008 |       end() _GLIBCXX_NOEXCEPT
      |       ^
/usr/lib64/gcc/x86_64-pc-linux-gnu/16/../../../../include/c++/16/bits/stl_vector.h:1361:11: note: in instantiation of member function 'std::vector<std::basic_string<char>>::end' requested here
 1361 |         return *(end() - 1);
      |                  ^
/usr/lib64/gcc/x86_64-pc-linux-gnu/16/../../../../include/c++/16/bits/vector.tcc:129:9: note: in instantiation of member function 'std::vector<std::basic_string<char>>::back' requested here
  129 |         return back();
      |                ^
/usr/lib64/gcc/x86_64-pc-linux-gnu/16/../../../../include/c++/16/bits/stl_vector.h:1424:9: note: in instantiation of function template specialization 'std::vector<std::basic_string<char>>::emplace_back<std::basic_string<char>>' requested here
 1424 |       { emplace_back(std::move(__x)); }
      |         ^
$PACKET/scratch/gtest/include/gtest/gtest-printers.h:1130:12: note: in instantiation of member function 'std::vector<std::basic_string<char>>::push_back' requested here
 1130 |   strings->push_back(ss.str());
      |            ^
/usr/lib64/gcc/x86_64-pc-linux-gnu/16/../../../../include/c++/16/bits/stl_iterator.h:1026:11: note: definition of '__gnu_cxx::__normal_iterator<std::basic_string<char> *, std::vector<std::basic_string<char>>>' is not complete until the closing '}'
 1026 |     class __normal_iterator
      |           ^
/usr/lib64/gcc/x86_64-pc-linux-gnu/16/../../../../include/c++/16/bits/stl_iterator.h:1337:19: error: member access into incomplete type 'const __normal_iterator<ParameterizedTestSuiteInfoBase **, vector<ParameterizedTestSuiteInfoBase *>>'
 1337 |         -> decltype(__lhs.base() - __rhs.base())
      |                          ^
/usr/lib64/gcc/x86_64-pc-linux-gnu/16/../../../../include/c++/16/bits/stl_vector.h:988:7: note: in instantiation of template class '__gnu_cxx::__normal_iterator<testing::internal::ParameterizedTestSuiteInfoBase **, std::vector<testing::internal::ParameterizedTestSuiteInfoBase *>>' requested here
  988 |       begin() _GLIBCXX_NOEXCEPT
      |       ^
$PACKET/scratch/gtest/include/gtest/internal/gtest-param-util.h:696:32: note: in instantiation of member function 'std::vector<testing::internal::ParameterizedTestSuiteInfoBase *>::begin' requested here
  696 |     for (auto& test_suite_info : test_suite_infos_) {
      |                                ^
/usr/lib64/gcc/x86_64-pc-linux-gnu/16/../../../../include/c++/16/bits/stl_iterator.h:1026:11: note: definition of '__gnu_cxx::__normal_iterator<testing::internal::ParameterizedTestSuiteInfoBase **, std::vector<testing::internal::ParameterizedTestSuiteInfoBase *>>' is not complete until the closing '}'
 1026 |     class __normal_iterator
      |           ^
/usr/lib64/gcc/x86_64-pc-linux-gnu/16/../../../../include/c++/16/bits/stl_iterator.h:1337:19: error: member access into incomplete type 'const __normal_iterator<ParameterizedTestSuiteInfoBase **, vector<ParameterizedTestSuiteInfoBase *>>'
 1337 |         -> decltype(__lhs.base() - __rhs.base())
      |                          ^
/usr/lib64/gcc/x86_64-pc-linux-gnu/16/../../../../include/c++/16/bits/stl_vector.h:988:7: note: in instantiation of template class '__gnu_cxx::__normal_iterator<testing::internal::ParameterizedTestSuiteInfoBase **, std::vector<testing::internal::ParameterizedTestSuiteInfoBase *>>' requested here
  988 |       begin() _GLIBCXX_NOEXCEPT
      |       ^
$PACKET/scratch/gtest/include/gtest/internal/gtest-param-util.h:696:32: note: in instantiation of member function 'std::vector<testing::internal::ParameterizedTestSuiteInfoBase *>::begin' requested here
  696 |     for (auto& test_suite_info : test_suite_infos_) {
      |                                ^
/usr/lib64/gcc/x86_64-pc-linux-gnu/16/../../../../include/c++/16/bits/stl_iterator.h:1026:11: note: definition of '__gnu_cxx::__normal_iterator<testing::internal::ParameterizedTestSuiteInfoBase **, std::vector<testing::internal::ParameterizedTestSuiteInfoBase *>>' is not complete until the closing '}'
 1026 |     class __normal_iterator
      |           ^
/usr/lib64/gcc/x86_64-pc-linux-gnu/16/../../../../include/c++/16/bits/stl_iterator.h:1337:19: error: member access into incomplete type 'const __normal_iterator<unsigned long *, void>'
 1337 |         -> decltype(__lhs.base() - __rhs.base())
      |                          ^
/usr/lib64/gcc/x86_64-pc-linux-gnu/16/../../../../include/c++/16/bits/stl_uninitialized.h:1389:49: note: in instantiation of template class '__gnu_cxx::__normal_iterator<unsigned long *, void>' requested here
 1389 |               __gnu_cxx::__normal_iterator<_Tp*, void> __out(__result);
      |                                                        ^
/usr/lib64/gcc/x86_64-pc-linux-gnu/16/../../../../include/c++/16/bits/stl_uninitialized.h:1410:19: note: in instantiation of function template specialization 'std::__relocate_a_1<unsigned long, unsigned long>' requested here
 1410 |       return std::__relocate_a_1(std::__niter_base(__first),
      |                   ^
/usr/lib64/gcc/x86_64-pc-linux-gnu/16/../../../../include/c++/16/bits/vector.tcc:607:26: note: in instantiation of function template specialization 'std::__relocate_a<unsigned long *, unsigned long *, std::allocator<unsigned long>>' requested here
  607 |             __new_finish = std::__relocate_a(__old_start, __old_finish,
      |                                 ^
/usr/lib64/gcc/x86_64-pc-linux-gnu/16/../../../../include/c++/16/bits/stl_vector.h:1417:4: note: in instantiation of function template specialization 'std::vector<unsigned long>::_M_realloc_append<const unsigned long &>' requested here
 1417 |           _M_realloc_append(__x);
      |           ^
$PACKET/scratch/gtest/include/gmock/gmock-matchers.h:2742:24: note: in instantiation of member function 'std::vector<unsigned long>::push_back' requested here
 2742 |         match_elements.push_back(i);
      |                        ^
/usr/lib64/gcc/x86_64-pc-linux-gnu/16/../../../../include/c++/16/bits/stl_iterator.h:1026:11: note: definition of '__gnu_cxx::__normal_iterator<unsigned long *, void>' is not complete until the closing '}'
 1026 |     class __normal_iterator
      |           ^
/usr/lib64/gcc/x86_64-pc-linux-gnu/16/../../../../include/c++/16/bits/stl_iterator.h:1337:19: error: member access into incomplete type 'const __normal_iterator<const unsigned long *, vector<unsigned long>>'
 1337 |         -> decltype(__lhs.base() - __rhs.base())
      |                          ^
/usr/lib64/gcc/x86_64-pc-linux-gnu/16/../../../../include/c++/16/bits/stl_vector.h:998:7: note: in instantiation of template class '__gnu_cxx::__normal_iterator<const unsigned long *, std::vector<unsigned long>>' requested here
  998 |       begin() const _GLIBCXX_NOEXCEPT
      |       ^
/usr/lib64/gcc/x86_64-pc-linux-gnu/16/../../../../include/c++/16/bits/stl_vector.h:1214:16: note: in instantiation of member function 'std::vector<unsigned long>::begin' requested here
 1214 |       { return begin() == end(); }
      |                ^
$PACKET/scratch/gtest/include/gmock/gmock-matchers.h:2746:26: note: in instantiation of member function 'std::vector<unsigned long>::empty' requested here
 2746 |       if (match_elements.empty()) {
      |                          ^
/usr/lib64/gcc/x86_64-pc-linux-gnu/16/../../../../include/c++/16/bits/stl_iterator.h:1026:11: note: definition of '__gnu_cxx::__normal_iterator<const unsigned long *, std::vector<unsigned long>>' is not complete until the closing '}'
 1026 |     class __normal_iterator
      |           ^
/usr/lib64/gcc/x86_64-pc-linux-gnu/16/../../../../include/c++/16/bits/stl_iterator.h:1337:19: error: member access into incomplete type 'const __normal_iterator<unsigned long *, vector<unsigned long>>'
 1337 |         -> decltype(__lhs.base() - __rhs.base())
      |                          ^
/usr/lib64/gcc/x86_64-pc-linux-gnu/16/../../../../include/c++/16/bits/stl_vector.h:988:7: note: in instantiation of template class '__gnu_cxx::__normal_iterator<unsigned long *, std::vector<unsigned long>>' requested here
  988 |       begin() _GLIBCXX_NOEXCEPT
      |       ^
$PACKET/scratch/gtest/include/gmock/gmock-matchers.h:2753:23: note: in instantiation of member function 'std::vector<unsigned long>::begin' requested here
 2753 |         for (size_t e : match_elements) {
      |                       ^
/usr/lib64/gcc/x86_64-pc-linux-gnu/16/../../../../include/c++/16/bits/stl_iterator.h:1026:11: note: definition of '__gnu_cxx::__normal_iterator<unsigned long *, std::vector<unsigned long>>' is not complete until the closing '}'
 1026 |     class __normal_iterator
      |           ^
In file included from $SOURCE/tests/test_adp_reentry.cpp:3:
In file included from $PACKET/scratch/gtest/include/gtest/gtest.h:54:
In file included from /usr/lib64/gcc/x86_64-pc-linux-gnu/16/../../../../include/c++/16/iomanip:47:
In file included from /usr/lib64/gcc/x86_64-pc-linux-gnu/16/../../../../include/c++/16/bits/ios_base.h:43:
In file included from /usr/lib64/gcc/x86_64-pc-linux-gnu/16/../../../../include/c++/16/bits/locale_classes.h:43:
In file included from /usr/lib64/gcc/x86_64-pc-linux-gnu/16/../../../../include/c++/16/string:51:
/usr/lib64/gcc/x86_64-pc-linux-gnu/16/../../../../include/c++/16/bits/stl_iterator.h:1337:19: error: member access into incomplete type 'const __normal_iterator<ParameterizedTestSuiteInfoBase **, void>'
 1337 |         -> decltype(__lhs.base() - __rhs.base())
      |                          ^
/usr/lib64/gcc/x86_64-pc-linux-gnu/16/../../../../include/c++/16/bits/stl_uninitialized.h:1389:49: note: in instantiation of template class '__gnu_cxx::__normal_iterator<testing::internal::ParameterizedTestSuiteInfoBase **, void>' requested here
 1389 |               __gnu_cxx::__normal_iterator<_Tp*, void> __out(__result);
      |                                                        ^
/usr/lib64/gcc/x86_64-pc-linux-gnu/16/../../../../include/c++/16/bits/stl_uninitialized.h:1410:19: note: in instantiation of function template specialization 'std::__relocate_a_1<testing::internal::ParameterizedTestSuiteInfoBase *, testing::internal::ParameterizedTestSuiteInfoBase *>' requested here
 1410 |       return std::__relocate_a_1(std::__niter_base(__first),
      |                   ^
/usr/lib64/gcc/x86_64-pc-linux-gnu/16/../../../../include/c++/16/bits/vector.tcc:607:26: note: in instantiation of function template specialization 'std::__relocate_a<testing::internal::ParameterizedTestSuiteInfoBase **, testing::internal::ParameterizedTestSuiteInfoBase **, std::allocator<testing::internal::ParameterizedTestSuiteInfoBase *>>' requested here
  607 |             __new_finish = std::__relocate_a(__old_start, __old_finish,
      |                                 ^
/usr/lib64/gcc/x86_64-pc-linux-gnu/16/../../../../include/c++/16/bits/vector.tcc:127:4: note: in instantiation of function template specialization 'std::vector<testing::internal::ParameterizedTestSuiteInfoBase *>::_M_realloc_append<testing::internal::ParameterizedTestSuiteInfoBase *>' requested here
  127 |           _M_realloc_append(std::forward<_Args>(__args)...);
      |           ^
/usr/lib64/gcc/x86_64-pc-linux-gnu/16/../../../../include/c++/16/bits/stl_vector.h:1424:9: note: in instantiation of function template specialization 'std::vector<testing::internal::ParameterizedTestSuiteInfoBase *>::emplace_back<testing::internal::ParameterizedTestSuiteInfoBase *>' requested here
 1424 |       { emplace_back(std::move(__x)); }
      |         ^
$PACKET/scratch/gtest/include/gtest/internal/gtest-param-util.h:728:25: note: in instantiation of member function 'std::vector<testing::internal::ParameterizedTestSuiteInfoBase *>::push_back' requested here
  728 |       test_suite_infos_.push_back(typed_test_info);
      |                         ^
$SOURCE/tests/test_adp_reentry.cpp:188:1: note: in instantiation of function template specialization 'testing::internal::ParameterizedTestSuiteRegistry::GetTestSuitePatternHolder<(anonymous namespace)::AdpPortEntry>' requested here
  188 | TEST_P(AdpPortEntry, RefusesBeforeTouchingState) {
      | ^
$PACKET/scratch/gtest/include/gtest/gtest-param-test.h:462:12: note: expanded from macro 'TEST_P'
  462 |           .GetTestSuitePatternHolder<test_suite_name>(                         \
      |            ^
/usr/lib64/gcc/x86_64-pc-linux-gnu/16/../../../../include/c++/16/bits/stl_iterator.h:1026:11: note: definition of '__gnu_cxx::__normal_iterator<testing::internal::ParameterizedTestSuiteInfoBase **, void>' is not complete until the closing '}'
 1026 |     class __normal_iterator
      |           ^
In file included from $SOURCE/tests/test_maap_debug.cpp:3:
In file included from $PACKET/scratch/gtest/include/gtest/gtest.h:56:
In file included from /usr/lib64/gcc/x86_64-pc-linux-gnu/16/../../../../include/c++/16/memory:83:
In file included from /usr/lib64/gcc/x86_64-pc-linux-gnu/16/../../../../include/c++/16/bits/shared_ptr_atomic.h:33:
In file included from /usr/lib64/gcc/x86_64-pc-linux-gnu/16/../../../../include/c++/16/bits/atomic_base.h:43:
/usr/lib64/gcc/x86_64-pc-linux-gnu/16/../../../../include/c++/16/bits/atomic_wait.h:398:29: error: no matching constructor for initialization of '__detail::__wait_args'
  398 |       __detail::__wait_args __args{ __addr, __bare_wait };
      |                             ^     ~~~~~~~~~~~~~~~~~~~~~~~
/usr/lib64/gcc/x86_64-pc-linux-gnu/16/../../../../include/c++/16/bits/atomic_base.h:270:12: note: in instantiation of function template specialization 'std::__atomic_notify_address<bool>' requested here
  270 |     { std::__atomic_notify_address(&_M_i, false); }
      |            ^
/usr/lib64/gcc/x86_64-pc-linux-gnu/16/../../../../include/c++/16/bits/atomic_wait.h:221:2: note: candidate template ignored: substitution failure [with _Tp = bool]
  221 |         __wait_args(const _Tp* __addr, bool __bare_wait = false) noexcept
      |         ^
/usr/lib64/gcc/x86_64-pc-linux-gnu/16/../../../../include/c++/16/bits/atomic_wait.h:239:7: note: candidate constructor not viable: requires 1 argument, but 2 were provided
  239 |       __wait_args(const __wait_args&) noexcept = default;
      |       ^           ~~~~~~~~~~~~~~~~~~
/usr/lib64/gcc/x86_64-pc-linux-gnu/16/../../../../include/c++/16/bits/atomic_wait.h:231:7: note: candidate constructor not viable: requires at least 3 arguments, but 2 were provided
  231 |       __wait_args(const __platform_wait_t* __addr, __platform_wait_t __old,
      |       ^           ~~~~~~~~~~~~~~~~~~~~~~~~~~~~~~~~~~~~~~~~~~~~~~~~~~~~~~~~~
  232 |                   int __order, bool __bare_wait = false) noexcept
      |                   ~~~~~~~~~~~~~~~~~~~~~~~~~~~~~~~~~~~~~
/usr/lib64/gcc/x86_64-pc-linux-gnu/16/../../../../include/c++/16/bits/stl_iterator.h:1337:19: error: member access into incomplete type 'const __normal_iterator<ParameterizedTestSuiteInfoBase *const *, vector<ParameterizedTestSuiteInfoBase *>>'
 1337 |         -> decltype(__lhs.base() - __rhs.base())
      |                          ^
/usr/lib64/gcc/x86_64-pc-linux-gnu/16/../../../../include/c++/16/bits/stl_vector.h:998:7: note: in instantiation of template class '__gnu_cxx::__normal_iterator<testing::internal::ParameterizedTestSuiteInfoBase *const *, std::vector<testing::internal::ParameterizedTestSuiteInfoBase *>>' requested here
  998 |       begin() const _GLIBCXX_NOEXCEPT
      |       ^
/usr/lib64/gcc/x86_64-pc-linux-gnu/16/../../../../include/c++/16/bits/stl_vector.h:1214:16: note: in instantiation of member function 'std::vector<testing::internal::ParameterizedTestSuiteInfoBase *>::begin' requested here
 1214 |       { return begin() == end(); }
      |                ^
/usr/lib64/gcc/x86_64-pc-linux-gnu/16/../../../../include/c++/16/bits/stl_vector.h:1360:2: note: in instantiation of member function 'std::vector<testing::internal::ParameterizedTestSuiteInfoBase *>::empty' requested here
 1360 |         __glibcxx_requires_nonempty();
      |         ^
/usr/lib64/gcc/x86_64-pc-linux-gnu/16/../../../../include/c++/16/debug/assertions.h:42:27: note: expanded from macro '__glibcxx_requires_nonempty'
   42 |   __glibcxx_assert(!this->empty())
      |                           ^
/usr/lib64/gcc/x86_64-pc-linux-gnu/16/../../../../include/c++/16/bits/vector.tcc:129:9: note: in instantiation of member function 'std::vector<testing::internal::ParameterizedTestSuiteInfoBase *>::back' requested here
  129 |         return back();
      |                ^
/usr/lib64/gcc/x86_64-pc-linux-gnu/16/../../../../include/c++/16/bits/stl_vector.h:1424:9: note: in instantiation of function template specialization 'std::vector<testing::internal::ParameterizedTestSuiteInfoBase *>::emplace_back<testing::internal::ParameterizedTestSuiteInfoBase *>' requested here
 1424 |       { emplace_back(std::move(__x)); }
      |         ^
$PACKET/scratch/gtest/include/gtest/internal/gtest-param-util.h:728:25: note: in instantiation of member function 'std::vector<testing::internal::ParameterizedTestSuiteInfoBase *>::push_back' requested here
  728 |       test_suite_infos_.push_back(typed_test_info);
      |                         ^
$SOURCE/tests/test_adp_reentry.cpp:188:1: note: in instantiation of function template specialization 'testing::internal::ParameterizedTestSuiteRegistry::GetTestSuitePatternHolder<(anonymous namespace)::AdpPortEntry>' requested here
  188 | TEST_P(AdpPortEntry, RefusesBeforeTouchingState) {
      | ^
$PACKET/scratch/gtest/include/gtest/gtest-param-test.h:462:12: note: expanded from macro 'TEST_P'
  462 |           .GetTestSuitePatternHolder<test_suite_name>(                         \
      |            ^
/usr/lib64/gcc/x86_64-pc-linux-gnu/16/../../../../include/c++/16/bits/stl_iterator.h:1026:11: note: definition of '__gnu_cxx::__normal_iterator<testing::internal::ParameterizedTestSuiteInfoBase *const *, std::vector<testing::internal::ParameterizedTestSuiteInfoBase *>>' is not complete until the closing '}'
 1026 |     class __normal_iterator
      |           ^
/usr/lib64/gcc/x86_64-pc-linux-gnu/16/../../../../include/c++/16/bits/atomic_wait.h:358:29: error: no matching constructor for initialization of '__detail::__wait_args'
  358 |       __detail::__wait_args __args{ __addr, __bare_wait };
      |                             ^     ~~~~~~~~~~~~~~~~~~~~~~~
/usr/lib64/gcc/x86_64-pc-linux-gnu/16/../../../../include/c++/16/bits/atomic_wait.h:390:12: note: in instantiation of function template specialization 'std::__atomic_wait_address<bool, (lambda at /usr/lib64/gcc/x86_64-pc-linux-gnu/16/../../../../include/c++/16/bits/atomic_wait.h:388:20) &, (lambda at /usr/lib64/gcc/x86_64-pc-linux-gnu/16/../../../../include/c++/16/bits/atomic_base.h:627:7)>' requested here
  390 |       std::__atomic_wait_address(__addr, __pfn, forward<_ValFn>(__vfn));
      |            ^
/usr/lib64/gcc/x86_64-pc-linux-gnu/16/../../../../include/c++/16/bits/atomic_base.h:626:7: note: in instantiation of function template specialization 'std::__atomic_wait_address_v<bool, (lambda at /usr/lib64/gcc/x86_64-pc-linux-gnu/16/../../../../include/c++/16/bits/atomic_base.h:627:7)>' requested here
  626 |         std::__atomic_wait_address_v(&_M_i, __old,
      |              ^
/usr/lib64/gcc/x86_64-pc-linux-gnu/16/../../../../include/c++/16/atomic:180:15: note: in instantiation of member function 'std::__atomic_base<bool>::wait' requested here
  180 |     { _M_base.wait(__old, __m); }
      |               ^
/usr/lib64/gcc/x86_64-pc-linux-gnu/16/../../../../include/c++/16/bits/atomic_wait.h:221:2: note: candidate template ignored: substitution failure [with _Tp = bool]
  221 |         __wait_args(const _Tp* __addr, bool __bare_wait = false) noexcept
      |         ^
/usr/lib64/gcc/x86_64-pc-linux-gnu/16/../../../../include/c++/16/bits/atomic_wait.h:239:7: note: candidate constructor not viable: requires 1 argument, but 2 were provided
  239 |       __wait_args(const __wait_args&) noexcept = default;
      |       ^           ~~~~~~~~~~~~~~~~~~
/usr/lib64/gcc/x86_64-pc-linux-gnu/16/../../../../include/c++/16/bits/atomic_wait.h:231:7: note: candidate constructor not viable: requires at least 3 arguments, but 2 were provided
  231 |       __wait_args(const __platform_wait_t* __addr, __platform_wait_t __old,
      |       ^           ~~~~~~~~~~~~~~~~~~~~~~~~~~~~~~~~~~~~~~~~~~~~~~~~~~~~~~~~~
  232 |                   int __order, bool __bare_wait = false) noexcept
      |                   ~~~~~~~~~~~~~~~~~~~~~~~~~~~~~~~~~~~~~
In file included from $SOURCE/tests/test_maap_debug.cpp:3:
In file included from $PACKET/scratch/gtest/include/gtest/gtest.h:64:
In file included from $PACKET/scratch/gtest/include/gtest/gtest-assertion-result.h:46:
In file included from $PACKET/scratch/gtest/include/gtest/gtest-message.h:57:
In file included from $PACKET/scratch/gtest/include/gtest/internal/gtest-port.h:820:
In file included from /usr/lib64/gcc/x86_64-pc-linux-gnu/16/../../../../include/c++/16/condition_variable:51:
In file included from /usr/lib64/gcc/x86_64-pc-linux-gnu/16/../../../../include/c++/16/stop_token:41:
In file included from /usr/lib64/gcc/x86_64-pc-linux-gnu/16/../../../../include/c++/16/semaphore:42:
In file included from /usr/lib64/gcc/x86_64-pc-linux-gnu/16/../../../../include/c++/16/bits/semaphore_base.h:42:
/usr/lib64/gcc/x86_64-pc-linux-gnu/16/../../../../include/c++/16/bits/atomic_timed_wait.h:188:29: error: no matching constructor for initialization of '__detail::__wait_args'
  188 |       __detail::__wait_args __args{ __addr, __bare_wait };
      |                             ^     ~~~~~~~~~~~~~~~~~~~~~~~
/usr/lib64/gcc/x86_64-pc-linux-gnu/16/../../../../include/c++/16/bits/semaphore_base.h:114:16: note: in instantiation of function template specialization 'std::__atomic_wait_address_for<long, std::__semaphore_impl::_Available &, (lambda at /usr/lib64/gcc/x86_64-pc-linux-gnu/16/../../../../include/c++/16/bits/semaphore_base.h:104:20) &, long, std::ratio<1, 1000000000>>' requested here
  114 |       if (std::__atomic_wait_address_for(&_M_counter, __is_available,
      |                ^
/usr/lib64/gcc/x86_64-pc-linux-gnu/16/../../../../include/c++/16/bits/atomic_wait.h:221:2: note: candidate template ignored: substitution failure [with _Tp = long]
  221 |         __wait_args(const _Tp* __addr, bool __bare_wait = false) noexcept
      |         ^
/usr/lib64/gcc/x86_64-pc-linux-gnu/16/../../../../include/c++/16/bits/atomic_wait.h:239:7: note: candidate constructor not viable: requires 1 argument, but 2 were provided
  239 |       __wait_args(const __wait_args&) noexcept = default;
      |       ^           ~~~~~~~~~~~~~~~~~~
/usr/lib64/gcc/x86_64-pc-linux-gnu/16/../../../../include/c++/16/bits/atomic_wait.h:231:7: note: candidate constructor not viable: requires at least 3 arguments, but 2 were provided
  231 |       __wait_args(const __platform_wait_t* __addr, __platform_wait_t __old,
      |       ^           ~~~~~~~~~~~~~~~~~~~~~~~~~~~~~~~~~~~~~~~~~~~~~~~~~~~~~~~~~
  232 |                   int __order, bool __bare_wait = false) noexcept
      |                   ~~~~~~~~~~~~~~~~~~~~~~~~~~~~~~~~~~~~~
/usr/lib64/gcc/x86_64-pc-linux-gnu/16/../../../../include/c++/16/bits/atomic_wait.h:398:29: error: no matching constructor for initialization of '__detail::__wait_args'
  398 |       __detail::__wait_args __args{ __addr, __bare_wait };
      |                             ^     ~~~~~~~~~~~~~~~~~~~~~~~
/usr/lib64/gcc/x86_64-pc-linux-gnu/16/../../../../include/c++/16/bits/semaphore_base.h:149:2: note: in instantiation of function template specialization 'std::__atomic_notify_address<long>' requested here
  149 |         __atomic_notify_address(&_M_counter, true, true);
      |         ^
/usr/lib64/gcc/x86_64-pc-linux-gnu/16/../../../../include/c++/16/bits/atomic_wait.h:221:2: note: candidate template ignored: substitution failure [with _Tp = long]
  221 |         __wait_args(const _Tp* __addr, bool __bare_wait = false) noexcept
      |         ^
/usr/lib64/gcc/x86_64-pc-linux-gnu/16/../../../../include/c++/16/bits/atomic_wait.h:239:7: note: candidate constructor not viable: requires 1 argument, but 2 were provided
  239 |       __wait_args(const __wait_args&) noexcept = default;
      |       ^           ~~~~~~~~~~~~~~~~~~
/usr/lib64/gcc/x86_64-pc-linux-gnu/16/../../../../include/c++/16/bits/atomic_wait.h:231:7: note: candidate constructor not viable: requires at least 3 arguments, but 2 were provided
  231 |       __wait_args(const __platform_wait_t* __addr, __platform_wait_t __old,
      |       ^           ~~~~~~~~~~~~~~~~~~~~~~~~~~~~~~~~~~~~~~~~~~~~~~~~~~~~~~~~~
  232 |                   int __order, bool __bare_wait = false) noexcept
      |                   ~~~~~~~~~~~~~~~~~~~~~~~~~~~~~~~~~~~~~
/usr/lib64/gcc/x86_64-pc-linux-gnu/16/../../../../include/c++/16/bits/stl_iterator.h:1337:19: error: member access into incomplete type 'const __normal_iterator<const shared_ptr<TestInfo> *, vector<shared_ptr<TestInfo>>>'
 1337 |         -> decltype(__lhs.base() - __rhs.base())
      |                          ^
/usr/lib64/gcc/x86_64-pc-linux-gnu/16/../../../../include/c++/16/bits/stl_vector.h:998:7: note: in instantiation of template class '__gnu_cxx::__normal_iterator<const std::shared_ptr<testing::internal::ParameterizedTestSuiteInfo<(anonymous namespace)::AdpPortEntry>::TestInfo> *, std::vector<std::shared_ptr<testing::internal::ParameterizedTestSuiteInfo<(anonymous namespace)::AdpPortEntry>::TestInfo>>>' requested here
  998 |       begin() const _GLIBCXX_NOEXCEPT
      |       ^
/usr/lib64/gcc/x86_64-pc-linux-gnu/16/../../../../include/c++/16/bits/stl_vector.h:1214:16: note: in instantiation of member function 'std::vector<std::shared_ptr<testing::internal::ParameterizedTestSuiteInfo<(anonymous namespace)::AdpPortEntry>::TestInfo>>::begin' requested here
 1214 |       { return begin() == end(); }
      |                ^
/usr/lib64/gcc/x86_64-pc-linux-gnu/16/../../../../include/c++/16/bits/stl_vector.h:1360:2: note: in instantiation of member function 'std::vector<std::shared_ptr<testing::internal::ParameterizedTestSuiteInfo<(anonymous namespace)::AdpPortEntry>::TestInfo>>::empty' requested here
 1360 |         __glibcxx_requires_nonempty();
      |         ^
/usr/lib64/gcc/x86_64-pc-linux-gnu/16/../../../../include/c++/16/debug/assertions.h:42:27: note: expanded from macro '__glibcxx_requires_nonempty'
   42 |   __glibcxx_assert(!this->empty())
      |                           ^
/usr/lib64/gcc/x86_64-pc-linux-gnu/16/../../../../include/c++/16/bits/vector.tcc:129:9: note: in instantiation of member function 'std::vector<std::shared_ptr<testing::internal::ParameterizedTestSuiteInfo<(anonymous namespace)::AdpPortEntry>::TestInfo>>::back' requested here
  129 |         return back();
      |                ^
/usr/lib64/gcc/x86_64-pc-linux-gnu/16/../../../../include/c++/16/bits/stl_vector.h:1424:9: note: in instantiation of function template specialization 'std::vector<std::shared_ptr<testing::internal::ParameterizedTestSuiteInfo<(anonymous namespace)::AdpPortEntry>::TestInfo>>::emplace_back<std::shared_ptr<testing::internal::ParameterizedTestSuiteInfo<(anonymous namespace)::AdpPortEntry>::TestInfo>>' requested here
 1424 |       { emplace_back(std::move(__x)); }
      |         ^
$PACKET/scratch/gtest/include/gtest/internal/gtest-param-util.h:535:12: note: in instantiation of member function 'std::vector<std::shared_ptr<testing::internal::ParameterizedTestSuiteInfo<(anonymous namespace)::AdpPortEntry>::TestInfo>>::push_back' requested here
  535 |     tests_.push_back(std::shared_ptr<TestInfo>(new TestInfo(
      |            ^
$SOURCE/tests/test_adp_reentry.cpp:188:1: note: in instantiation of member function 'testing::internal::ParameterizedTestSuiteInfo<(anonymous namespace)::AdpPortEntry>::AddTestPattern' requested here
  188 | TEST_P(AdpPortEntry, RefusesBeforeTouchingState) {
      | ^
$PACKET/scratch/gtest/include/gtest/gtest-param-test.h:465:13: note: expanded from macro 'TEST_P'
  465 |           ->AddTestPattern(                                                    \
      |             ^
/usr/lib64/gcc/x86_64-pc-linux-gnu/16/../../../../include/c++/16/bits/stl_iterator.h:1026:11: note: definition of '__gnu_cxx::__normal_iterator<const std::shared_ptr<testing::internal::ParameterizedTestSuiteInfo<(anonymous namespace)::AdpPortEntry>::TestInfo> *, std::vector<std::shared_ptr<testing::internal::ParameterizedTestSuiteInfo<(anonymous namespace)::AdpPortEntry>::TestInfo>>>' is not complete until the closing '}'
 1026 |     class __normal_iterator
      |           ^
/usr/lib64/gcc/x86_64-pc-linux-gnu/16/../../../../include/c++/16/bits/stl_iterator.h:1337:19: error: member access into incomplete type 'const __normal_iterator<shared_ptr<TestInfo> *, vector<shared_ptr<TestInfo>>>'
 1337 |         -> decltype(__lhs.base() - __rhs.base())
      |                          ^
/usr/lib64/gcc/x86_64-pc-linux-gnu/16/../../../../include/c++/16/bits/stl_vector.h:1008:7: note: in instantiation of template class '__gnu_cxx::__normal_iterator<std::shared_ptr<testing::internal::ParameterizedTestSuiteInfo<(anonymous namespace)::AdpPortEntry>::TestInfo> *, std::vector<std::shared_ptr<testing::internal::ParameterizedTestSuiteInfo<(anonymous namespace)::AdpPortEntry>::TestInfo>>>' requested here
 1008 |       end() _GLIBCXX_NOEXCEPT
      |       ^
/usr/lib64/gcc/x86_64-pc-linux-gnu/16/../../../../include/c++/16/bits/stl_vector.h:1361:11: note: in instantiation of member function 'std::vector<std::shared_ptr<testing::internal::ParameterizedTestSuiteInfo<(anonymous namespace)::AdpPortEntry>::TestInfo>>::end' requested here
 1361 |         return *(end() - 1);
      |                  ^
/usr/lib64/gcc/x86_64-pc-linux-gnu/16/../../../../include/c++/16/bits/vector.tcc:129:9: note: in instantiation of member function 'std::vector<std::shared_ptr<testing::internal::ParameterizedTestSuiteInfo<(anonymous namespace)::AdpPortEntry>::TestInfo>>::back' requested here
  129 |         return back();
      |                ^
/usr/lib64/gcc/x86_64-pc-linux-gnu/16/../../../../include/c++/16/bits/stl_vector.h:1424:9: note: in instantiation of function template specialization 'std::vector<std::shared_ptr<testing::internal::ParameterizedTestSuiteInfo<(anonymous namespace)::AdpPortEntry>::TestInfo>>::emplace_back<std::shared_ptr<testing::internal::ParameterizedTestSuiteInfo<(anonymous namespace)::AdpPortEntry>::TestInfo>>' requested here
 1424 |       { emplace_back(std::move(__x)); }
      |         ^
$PACKET/scratch/gtest/include/gtest/internal/gtest-param-util.h:535:12: note: in instantiation of member function 'std::vector<std::shared_ptr<testing::internal::ParameterizedTestSuiteInfo<(anonymous namespace)::AdpPortEntry>::TestInfo>>::push_back' requested here
  535 |     tests_.push_back(std::shared_ptr<TestInfo>(new TestInfo(
      |            ^
$SOURCE/tests/test_adp_reentry.cpp:188:1: note: in instantiation of member function 'testing::internal::ParameterizedTestSuiteInfo<(anonymous namespace)::AdpPortEntry>::AddTestPattern' requested here
  188 | TEST_P(AdpPortEntry, RefusesBeforeTouchingState) {
      | ^
$PACKET/scratch/gtest/include/gtest/gtest-param-test.h:465:13: note: expanded from macro 'TEST_P'
  465 |           ->AddTestPattern(                                                    \
      |             ^
/usr/lib64/gcc/x86_64-pc-linux-gnu/16/../../../../include/c++/16/bits/stl_iterator.h:1026:11: note: definition of '__gnu_cxx::__normal_iterator<std::shared_ptr<testing::internal::ParameterizedTestSuiteInfo<(anonymous namespace)::AdpPortEntry>::TestInfo> *, std::vector<std::shared_ptr<testing::internal::ParameterizedTestSuiteInfo<(anonymous namespace)::AdpPortEntry>::TestInfo>>>' is not complete until the closing '}'
 1026 |     class __normal_iterator
      |           ^
/usr/lib64/gcc/x86_64-pc-linux-gnu/16/../../../../include/c++/16/bits/stl_iterator.h:1337:19: error: member access into incomplete type 'const __normal_iterator<char *, vector<char>>'
 1337 |         -> decltype(__lhs.base() - __rhs.base())
      |                          ^
/usr/lib64/gcc/x86_64-pc-linux-gnu/16/../../../../include/c++/16/bits/stl_vector.h:988:7: note: in instantiation of template class '__gnu_cxx::__normal_iterator<char *, std::vector<char>>' requested here
  988 |       begin() _GLIBCXX_NOEXCEPT
      |       ^
$PACKET/scratch/gtest/include/gmock/gmock-matchers.h:3675:68: note: in instantiation of member function 'std::vector<char>::begin' requested here
 3675 |     ::std::vector<char>::const_iterator did_match_iter = did_match.begin();
      |                                                                    ^
/usr/lib64/gcc/x86_64-pc-linux-gnu/16/../../../../include/c++/16/bits/stl_iterator.h:1026:11: note: definition of '__gnu_cxx::__normal_iterator<char *, std::vector<char>>' is not complete until the closing '}'
 1026 |     class __normal_iterator
      |           ^
/usr/lib64/gcc/x86_64-pc-linux-gnu/16/../../../../include/c++/16/bits/stl_iterator.h:1337:19: error: member access into incomplete type 'const __normal_iterator<const char *, vector<char>>'
 1337 |         -> decltype(__lhs.base() - __rhs.base())
      |                          ^
$PACKET/scratch/gtest/include/gmock/gmock-matchers.h:3675:41: note: in instantiation of template class '__gnu_cxx::__normal_iterator<const char *, std::vector<char>>' requested here
 3675 |     ::std::vector<char>::const_iterator did_match_iter = did_match.begin();
      |                                         ^
/usr/lib64/gcc/x86_64-pc-linux-gnu/16/../../../../include/c++/16/bits/stl_iterator.h:1026:11: note: definition of '__gnu_cxx::__normal_iterator<const char *, std::vector<char>>' is not complete until the closing '}'
 1026 |     class __normal_iterator
      |           ^
/usr/lib64/gcc/x86_64-pc-linux-gnu/16/../../../../include/c++/16/bits/stl_iterator.h:1337:19: error: member access into incomplete type 'const __normal_iterator<const Entry *, vector<Entry>>'
 1337 |         -> decltype(__lhs.base() - __rhs.base())
      |                          ^
/usr/lib64/gcc/x86_64-pc-linux-gnu/16/../../../../include/c++/16/bits/stl_vector.h:998:7: note: in instantiation of template class '__gnu_cxx::__normal_iterator<const (anonymous namespace)::Entry *, std::vector<(anonymous namespace)::Entry>>' requested here
  998 |       begin() const _GLIBCXX_NOEXCEPT
      |       ^
$PACKET/scratch/gtest/include/gtest/gtest-param-test.h:311:29: note: in instantiation of member function 'std::vector<(anonymous namespace)::Entry>::begin' requested here
  311 |   return ValuesIn(container.begin(), container.end());
      |                             ^
$PACKET/scratch/gtest/include/gtest/internal/gtest-param-util.h:806:12: note: in instantiation of function template specialization 'testing::ValuesIn<std::vector<(anonymous namespace)::Entry>>' requested here
  806 |     return ValuesIn(MakeVector<T>(MakeIndexSequence<sizeof...(Ts)>()));
      |            ^
/usr/lib64/gcc/x86_64-pc-linux-gnu/16/../../../../include/c++/16/tuple:213:17: note: in instantiation of function template specialization 'testing::internal::ValueArray<(anonymous namespace)::Entry, (anonymous namespace)::Entry, (anonymous namespace)::Entry, (anonymous namespace)::Entry, (anonymous namespace)::Entry, (anonymous namespace)::Entry, (anonymous namespace)::Entry, (anonymous namespace)::Entry, (anonymous namespace)::Entry, (anonymous namespace)::Entry>::operator ParamGenerator<(anonymous namespace)::Entry>' requested here
  213 |         : _M_head_impl(std::forward<_UHead>(__h)) { }
      |                        ^
$SOURCE/tests/test_adp_reentry.cpp:220:5: note: in instantiation of function template specialization 'testing::internal::CartesianProductHolder<testing::internal::ValueArray<(anonymous namespace)::Port, (anonymous namespace)::Port, (anonymous namespace)::Port, (anonymous namespace)::Port, (anonymous namespace)::Port, (anonymous namespace)::Port>, testing::internal::ValueArray<(anonymous namespace)::Entry, (anonymous namespace)::Entry, (anonymous namespace)::Entry, (anonymous namespace)::Entry, (anonymous namespace)::Entry, (anonymous namespace)::Entry, (anonymous namespace)::Entry, (anonymous namespace)::Entry, (anonymous namespace)::Entry, (anonymous namespace)::Entry>, testing::internal::ParamGenerator<bool>>::operator ParamGenerator<(anonymous namespace)::Port, (anonymous namespace)::Entry, bool>' requested here
  220 |     ::testing::Combine(::testing::Values(Port::Send, Port::Start, Port::Stop, Port::Gptp, Port::Link, Port::Seed),
      |     ^
/usr/lib64/gcc/x86_64-pc-linux-gnu/16/../../../../include/c++/16/bits/stl_iterator.h:1026:11: note: definition of '__gnu_cxx::__normal_iterator<const (anonymous namespace)::Entry *, std::vector<(anonymous namespace)::Entry>>' is not complete until the closing '}'
 1026 |     class __normal_iterator
      |           ^
/usr/lib64/gcc/x86_64-pc-linux-gnu/16/../../../../include/c++/16/bits/stl_iterator.h:1337:19: error: member access into incomplete type 'const __normal_iterator<const void *const *, vector<const void *>>'
 1337 |         -> decltype(__lhs.base() - __rhs.base())
      |                          ^
$PACKET/scratch/gtest/include/gmock/gmock-spec-builders.h:903:41: note: in instantiation of template class '__gnu_cxx::__normal_iterator<const void *const *, std::vector<const void *>>' requested here
  903 |     for (UntypedActions::const_iterator it = untyped_actions_.begin();
      |                                         ^
/usr/lib64/gcc/x86_64-pc-linux-gnu/16/../../../../include/c++/16/bits/stl_iterator.h:1026:11: note: definition of '__gnu_cxx::__normal_iterator<const void *const *, std::vector<const void *>>' is not complete until the closing '}'
 1026 |     class __normal_iterator
      |           ^
/usr/lib64/gcc/x86_64-pc-linux-gnu/16/../../../../include/c++/16/bits/stl_iterator.h:1337:19: error: member access into incomplete type 'const __normal_iterator<const Port *, vector<Port>>'
 1337 |         -> decltype(__lhs.base() - __rhs.base())
      |                          ^
/usr/lib64/gcc/x86_64-pc-linux-gnu/16/../../../../include/c++/16/bits/stl_vector.h:998:7: note: in instantiation of template class '__gnu_cxx::__normal_iterator<const (anonymous namespace)::Port *, std::vector<(anonymous namespace)::Port>>' requested here
  998 |       begin() const _GLIBCXX_NOEXCEPT
      |       ^
$PACKET/scratch/gtest/include/gtest/gtest-param-test.h:311:29: note: in instantiation of member function 'std::vector<(anonymous namespace)::Port>::begin' requested here
  311 |   return ValuesIn(container.begin(), container.end());
      |                             ^
$PACKET/scratch/gtest/include/gtest/internal/gtest-param-util.h:806:12: note: in instantiation of function template specialization 'testing::ValuesIn<std::vector<(anonymous namespace)::Port>>' requested here
  806 |     return ValuesIn(MakeVector<T>(MakeIndexSequence<sizeof...(Ts)>()));
      |            ^
/usr/lib64/gcc/x86_64-pc-linux-gnu/16/../../../../include/c++/16/tuple:213:17: note: in instantiation of function template specialization 'testing::internal::ValueArray<(anonymous namespace)::Port, (anonymous namespace)::Port, (anonymous namespace)::Port, (anonymous namespace)::Port, (anonymous namespace)::Port, (anonymous namespace)::Port>::operator ParamGenerator<(anonymous namespace)::Port>' requested here
  213 |         : _M_head_impl(std::forward<_UHead>(__h)) { }
      |                        ^
$SOURCE/tests/test_adp_reentry.cpp:220:5: note: in instantiation of function template specialization 'testing::internal::CartesianProductHolder<testing::internal::ValueArray<(anonymous namespace)::Port, (anonymous namespace)::Port, (anonymous namespace)::Port, (anonymous namespace)::Port, (anonymous namespace)::Port, (anonymous namespace)::Port>, testing::internal::ValueArray<(anonymous namespace)::Entry, (anonymous namespace)::Entry, (anonymous namespace)::Entry, (anonymous namespace)::Entry, (anonymous namespace)::Entry, (anonymous namespace)::Entry, (anonymous namespace)::Entry, (anonymous namespace)::Entry, (anonymous namespace)::Entry, (anonymous namespace)::Entry>, testing::internal::ParamGenerator<bool>>::operator ParamGenerator<(anonymous namespace)::Port, (anonymous namespace)::Entry, bool>' requested here
  220 |     ::testing::Combine(::testing::Values(Port::Send, Port::Start, Port::Stop, Port::Gptp, Port::Link, Port::Seed),
      |     ^
/usr/lib64/gcc/x86_64-pc-linux-gnu/16/../../../../include/c++/16/bits/stl_iterator.h:1026:11: note: definition of '__gnu_cxx::__normal_iterator<const (anonymous namespace)::Port *, std::vector<(anonymous namespace)::Port>>' is not complete until the closing '}'
 1026 |     class __normal_iterator
      |           ^
/usr/lib64/gcc/x86_64-pc-linux-gnu/16/../../../../include/c++/16/bits/stl_iterator.h:1337:19: error: member access into incomplete type 'const __normal_iterator<const void **, vector<const void *>>'
 1337 |         -> decltype(__lhs.base() - __rhs.base())
      |                          ^
/usr/lib64/gcc/x86_64-pc-linux-gnu/16/../../../../include/c++/16/bits/stl_vector.h:988:7: note: in instantiation of template class '__gnu_cxx::__normal_iterator<const void **, std::vector<const void *>>' requested here
  988 |       begin() _GLIBCXX_NOEXCEPT
      |       ^
$PACKET/scratch/gtest/include/gmock/gmock-spec-builders.h:1534:66: note: in instantiation of member function 'std::vector<const void *>::begin' requested here
 1534 |     for (UntypedOnCallSpecs::const_iterator it = specs_to_delete.begin();
      |                                                                  ^
/usr/lib64/gcc/x86_64-pc-linux-gnu/16/../../../../include/c++/16/bits/stl_iterator.h:1026:11: note: definition of '__gnu_cxx::__normal_iterator<const void **, std::vector<const void *>>' is not complete until the closing '}'
 1026 |     class __normal_iterator
      |           ^
/usr/lib64/gcc/x86_64-pc-linux-gnu/16/../../../../include/c++/16/bits/stl_iterator.h:1337:19: error: member access into incomplete type 'const __normal_iterator<const shared_ptr<ExpectationBase> *, vector<shared_ptr<ExpectationBase>>>'
 1337 |         -> decltype(__lhs.base() - __rhs.base())
      |                          ^
/usr/lib64/gcc/x86_64-pc-linux-gnu/16/../../../../include/c++/16/bits/iterator_concepts.h:381:11: note: in instantiation of template class '__gnu_cxx::__normal_iterator<const std::shared_ptr<testing::internal::ExpectationBase> *, std::vector<std::shared_ptr<testing::internal::ExpectationBase>>>' requested here
  381 |         typename _Iter::iterator_category;
      |                  ^
/usr/lib64/gcc/x86_64-pc-linux-gnu/16/../../../../include/c++/16/bits/iterator_concepts.h:381:2: note: in instantiation of requirement here
  381 |         typename _Iter::iterator_category;
      |         ^~~~~~~~~~~~~~~~~~~~~~~~~~~~~~~~~
/usr/lib64/gcc/x86_64-pc-linux-gnu/16/../../../../include/c++/16/bits/iterator_concepts.h:380:42: note: while substituting template arguments into constraint expression here
  380 |       concept __iter_with_nested_types = requires {
      |                                          ^~~~~~~~~~
  381 |         typename _Iter::iterator_category;
      |         ~~~~~~~~~~~~~~~~~~~~~~~~~~~~~~~~~~
  382 |         typename _Iter::value_type;
      |         ~~~~~~~~~~~~~~~~~~~~~~~~~~~
  383 |         typename _Iter::difference_type;
      |         ~~~~~~~~~~~~~~~~~~~~~~~~~~~~~~~~
  384 |         typename _Iter::reference;
      |         ~~~~~~~~~~~~~~~~~~~~~~~~~~
  385 |       };
      |       ~
/usr/lib64/gcc/x86_64-pc-linux-gnu/16/../../../../include/c++/16/bits/iterator_concepts.h:397:14: note: while checking the satisfaction of concept '__iter_with_nested_types<__gnu_cxx::__normal_iterator<const std::shared_ptr<testing::internal::ExpectationBase> *, std::vector<std::shared_ptr<testing::internal::ExpectationBase>>>>' requested here
  397 |     requires __detail::__iter_with_nested_types<_Iterator>
      |              ^~~~~~~~~~~~~~~~~~~~~~~~~~~~~~~~~~~~~~~~~~~~~
/usr/lib64/gcc/x86_64-pc-linux-gnu/16/../../../../include/c++/16/bits/iterator_concepts.h:397:14: note: while substituting template arguments into constraint expression here
  397 |     requires __detail::__iter_with_nested_types<_Iterator>
      |              ^~~~~~~~~~~~~~~~~~~~~~~~~~~~~~~~~~~~~~~~~~~~~
/usr/lib64/gcc/x86_64-pc-linux-gnu/16/../../../../include/c++/16/bits/stl_iterator_base_types.h:180:14: note: while checking constraint satisfaction for class template partial specialization '__iterator_traits<__gnu_cxx::__normal_iterator<const std::shared_ptr<testing::internal::ExpectationBase> *, std::vector<std::shared_ptr<testing::internal::ExpectationBase>>>>' required here
  180 |     : public __iterator_traits<_Iterator> { };
      |              ^~~~~~~~~~~~~~~~~
/usr/lib64/gcc/x86_64-pc-linux-gnu/16/../../../../include/c++/16/bits/stl_iterator_base_types.h:180:14: note: during template argument deduction for class template partial specialization '__iterator_traits<_Iterator, void>' [with _Iterator = __gnu_cxx::__normal_iterator<const std::shared_ptr<testing::internal::ExpectationBase> *, std::vector<std::shared_ptr<testing::internal::ExpectationBase>>>]
/usr/lib64/gcc/x86_64-pc-linux-gnu/16/../../../../include/c++/16/bits/stl_iterator_base_types.h:180:14: note: in instantiation of template class 'std::__iterator_traits<__gnu_cxx::__normal_iterator<const std::shared_ptr<testing::internal::ExpectationBase> *, std::vector<std::shared_ptr<testing::internal::ExpectationBase>>>>' requested here
/usr/lib64/gcc/x86_64-pc-linux-gnu/16/../../../../include/c++/16/bits/stl_iterator.h:132:32: note: in instantiation of template class 'std::iterator_traits<__gnu_cxx::__normal_iterator<const std::shared_ptr<testing::internal::ExpectationBase> *, std::vector<std::shared_ptr<testing::internal::ExpectationBase>>>>' requested here
  132 |     : public iterator<typename iterator_traits<_Iterator>::iterator_category,
      |                                ^
$PACKET/scratch/gtest/include/gmock/gmock-spec-builders.h:1682:63: note: in instantiation of template class 'std::reverse_iterator<__gnu_cxx::__normal_iterator<const std::shared_ptr<testing::internal::ExpectationBase> *, std::vector<std::shared_ptr<testing::internal::ExpectationBase>>>>' requested here
 1682 |     for (typename UntypedExpectations::const_reverse_iterator it =
      |                                                               ^
/usr/lib64/gcc/x86_64-pc-linux-gnu/16/../../../../include/c++/16/bits/stl_iterator.h:1026:11: note: definition of '__gnu_cxx::__normal_iterator<const std::shared_ptr<testing::internal::ExpectationBase> *, std::vector<std::shared_ptr<testing::internal::ExpectationBase>>>' is not complete until the closing '}'
 1026 |     class __normal_iterator
      |           ^
/usr/lib64/gcc/x86_64-pc-linux-gnu/16/../../../../include/c++/16/bits/stl_iterator.h:1337:19: error: member access into incomplete type 'const __normal_iterator<unsigned long *, void>'
 1337 |         -> decltype(__lhs.base() - __rhs.base())
      |                          ^
/usr/lib64/gcc/x86_64-pc-linux-gnu/16/../../../../include/c++/16/bits/stl_uninitialized.h:1389:49: note: in instantiation of template class '__gnu_cxx::__normal_iterator<unsigned long *, void>' requested here
 1389 |               __gnu_cxx::__normal_iterator<_Tp*, void> __out(__result);
      |                                                        ^
/usr/lib64/gcc/x86_64-pc-linux-gnu/16/../../../../include/c++/16/bits/stl_uninitialized.h:1410:19: note: in instantiation of function template specialization 'std::__relocate_a_1<unsigned long, unsigned long>' requested here
 1410 |       return std::__relocate_a_1(std::__niter_base(__first),
      |                   ^
/usr/lib64/gcc/x86_64-pc-linux-gnu/16/../../../../include/c++/16/bits/vector.tcc:607:26: note: in instantiation of function template specialization 'std::__relocate_a<unsigned long *, unsigned long *, std::allocator<unsigned long>>' requested here
  607 |             __new_finish = std::__relocate_a(__old_start, __old_finish,
      |                                 ^
/usr/lib64/gcc/x86_64-pc-linux-gnu/16/../../../../include/c++/16/bits/stl_vector.h:1417:4: note: in instantiation of function template specialization 'std::vector<unsigned long>::_M_realloc_append<const unsigned long &>' requested here
 1417 |           _M_realloc_append(__x);
      |           ^
$PACKET/scratch/gtest/include/gmock/gmock-matchers.h:2742:24: note: in instantiation of member function 'std::vector<unsigned long>::push_back' requested here
 2742 |         match_elements.push_back(i);
      |                        ^
/usr/lib64/gcc/x86_64-pc-linux-gnu/16/../../../../include/c++/16/bits/stl_iterator.h:1026:11: note: definition of '__gnu_cxx::__normal_iterator<unsigned long *, void>' is not complete until the closing '}'
 1026 |     class __normal_iterator
      |           ^
/usr/lib64/gcc/x86_64-pc-linux-gnu/16/../../../../include/c++/16/bits/stl_iterator.h:1337:19: error: member access into incomplete type 'const __normal_iterator<const unsigned long *, vector<unsigned long>>'
 1337 |         -> decltype(__lhs.base() - __rhs.base())
      |                          ^
/usr/lib64/gcc/x86_64-pc-linux-gnu/16/../../../../include/c++/16/bits/stl_vector.h:998:7: note: in instantiation of template class '__gnu_cxx::__normal_iterator<const unsigned long *, std::vector<unsigned long>>' requested here
  998 |       begin() const _GLIBCXX_NOEXCEPT
      |       ^
/usr/lib64/gcc/x86_64-pc-linux-gnu/16/../../../../include/c++/16/bits/stl_vector.h:1214:16: note: in instantiation of member function 'std::vector<unsigned long>::begin' requested here
 1214 |       { return begin() == end(); }
      |                ^
$PACKET/scratch/gtest/include/gmock/gmock-matchers.h:2746:26: note: in instantiation of member function 'std::vector<unsigned long>::empty' requested here
 2746 |       if (match_elements.empty()) {
      |                          ^
/usr/lib64/gcc/x86_64-pc-linux-gnu/16/../../../../include/c++/16/bits/stl_iterator.h:1026:11: note: definition of '__gnu_cxx::__normal_iterator<const unsigned long *, std::vector<unsigned long>>' is not complete until the closing '}'
 1026 |     class __normal_iterator
      |           ^
/usr/lib64/gcc/x86_64-pc-linux-gnu/16/../../../../include/c++/16/bits/stl_iterator.h:1337:19: error: member access into incomplete type 'const __normal_iterator<unsigned long *, vector<unsigned long>>'
 1337 |         -> decltype(__lhs.base() - __rhs.base())
      |                          ^
/usr/lib64/gcc/x86_64-pc-linux-gnu/16/../../../../include/c++/16/bits/stl_vector.h:988:7: note: in instantiation of template class '__gnu_cxx::__normal_iterator<unsigned long *, std::vector<unsigned long>>' requested here
  988 |       begin() _GLIBCXX_NOEXCEPT
      |       ^
$PACKET/scratch/gtest/include/gmock/gmock-matchers.h:2753:23: note: in instantiation of member function 'std::vector<unsigned long>::begin' requested here
 2753 |         for (size_t e : match_elements) {
      |                       ^
/usr/lib64/gcc/x86_64-pc-linux-gnu/16/../../../../include/c++/16/bits/stl_iterator.h:1026:11: note: definition of '__gnu_cxx::__normal_iterator<unsigned long *, std::vector<unsigned long>>' is not complete until the closing '}'
 1026 |     class __normal_iterator
      |           ^
In file included from $SOURCE/tests/main.cpp:3:
In file included from $PACKET/scratch/gtest/include/gmock/gmock.h:56:
In file included from $PACKET/scratch/gtest/include/gmock/gmock-actions.h:139:
In file included from /usr/lib64/gcc/x86_64-pc-linux-gnu/16/../../../../include/c++/16/memory:83:
In file included from /usr/lib64/gcc/x86_64-pc-linux-gnu/16/../../../../include/c++/16/bits/shared_ptr_atomic.h:33:
In file included from /usr/lib64/gcc/x86_64-pc-linux-gnu/16/../../../../include/c++/16/bits/atomic_base.h:43:
/usr/lib64/gcc/x86_64-pc-linux-gnu/16/../../../../include/c++/16/bits/atomic_wait.h:398:29: error: no matching constructor for initialization of '__detail::__wait_args'
  398 |       __detail::__wait_args __args{ __addr, __bare_wait };
      |                             ^     ~~~~~~~~~~~~~~~~~~~~~~~
/usr/lib64/gcc/x86_64-pc-linux-gnu/16/../../../../include/c++/16/bits/atomic_base.h:270:12: note: in instantiation of function template specialization 'std::__atomic_notify_address<bool>' requested here
  270 |     { std::__atomic_notify_address(&_M_i, false); }
      |            ^
/usr/lib64/gcc/x86_64-pc-linux-gnu/16/../../../../include/c++/16/bits/atomic_wait.h:221:2: note: candidate template ignored: substitution failure [with _Tp = bool]
  221 |         __wait_args(const _Tp* __addr, bool __bare_wait = false) noexcept
      |         ^
/usr/lib64/gcc/x86_64-pc-linux-gnu/16/../../../../include/c++/16/bits/atomic_wait.h:239:7: note: candidate constructor not viable: requires 1 argument, but 2 were provided
  239 |       __wait_args(const __wait_args&) noexcept = default;
      |       ^           ~~~~~~~~~~~~~~~~~~
/usr/lib64/gcc/x86_64-pc-linux-gnu/16/../../../../include/c++/16/bits/atomic_wait.h:231:7: note: candidate constructor not viable: requires at least 3 arguments, but 2 were provided
  231 |       __wait_args(const __platform_wait_t* __addr, __platform_wait_t __old,
      |       ^           ~~~~~~~~~~~~~~~~~~~~~~~~~~~~~~~~~~~~~~~~~~~~~~~~~~~~~~~~~
  232 |                   int __order, bool __bare_wait = false) noexcept
      |                   ~~~~~~~~~~~~~~~~~~~~~~~~~~~~~~~~~~~~~
/usr/lib64/gcc/x86_64-pc-linux-gnu/16/../../../../include/c++/16/bits/stl_iterator.h:1337:19: error: member access into incomplete type 'const __normal_iterator<char *, vector<char>>'
 1337 |         -> decltype(__lhs.base() - __rhs.base())
      |                          ^
/usr/lib64/gcc/x86_64-pc-linux-gnu/16/../../../../include/c++/16/bits/stl_vector.h:988:7: note: in instantiation of template class '__gnu_cxx::__normal_iterator<char *, std::vector<char>>' requested here
  988 |       begin() _GLIBCXX_NOEXCEPT
      |       ^
$PACKET/scratch/gtest/include/gmock/gmock-matchers.h:3675:68: note: in instantiation of member function 'std::vector<char>::begin' requested here
 3675 |     ::std::vector<char>::const_iterator did_match_iter = did_match.begin();
      |                                                                    ^
/usr/lib64/gcc/x86_64-pc-linux-gnu/16/../../../../include/c++/16/bits/stl_iterator.h:1026:11: note: definition of '__gnu_cxx::__normal_iterator<char *, std::vector<char>>' is not complete until the closing '}'
 1026 |     class __normal_iterator
      |           ^
/usr/lib64/gcc/x86_64-pc-linux-gnu/16/../../../../include/c++/16/bits/stl_iterator.h:1337:19: error: member access into incomplete type 'const __normal_iterator<const char *, vector<char>>'
 1337 |         -> decltype(__lhs.base() - __rhs.base())
      |                          ^
$PACKET/scratch/gtest/include/gmock/gmock-matchers.h:3675:41: note: in instantiation of template class '__gnu_cxx::__normal_iterator<const char *, std::vector<char>>' requested here
 3675 |     ::std::vector<char>::const_iterator did_match_iter = did_match.begin();
      |                                         ^
/usr/lib64/gcc/x86_64-pc-linux-gnu/16/../../../../include/c++/16/bits/stl_iterator.h:1026:11: note: definition of '__gnu_cxx::__normal_iterator<const char *, std::vector<char>>' is not complete until the closing '}'
 1026 |     class __normal_iterator
      |           ^
/usr/lib64/gcc/x86_64-pc-linux-gnu/16/../../../../include/c++/16/bits/atomic_wait.h:358:29: error: no matching constructor for initialization of '__detail::__wait_args'
  358 |       __detail::__wait_args __args{ __addr, __bare_wait };
      |                             ^     ~~~~~~~~~~~~~~~~~~~~~~~
/usr/lib64/gcc/x86_64-pc-linux-gnu/16/../../../../include/c++/16/bits/atomic_wait.h:390:12: note: in instantiation of function template specialization 'std::__atomic_wait_address<bool, (lambda at /usr/lib64/gcc/x86_64-pc-linux-gnu/16/../../../../include/c++/16/bits/atomic_wait.h:388:20) &, (lambda at /usr/lib64/gcc/x86_64-pc-linux-gnu/16/../../../../include/c++/16/bits/atomic_base.h:627:7)>' requested here
  390 |       std::__atomic_wait_address(__addr, __pfn, forward<_ValFn>(__vfn));
      |            ^
/usr/lib64/gcc/x86_64-pc-linux-gnu/16/../../../../include/c++/16/bits/atomic_base.h:626:7: note: in instantiation of function template specialization 'std::__atomic_wait_address_v<bool, (lambda at /usr/lib64/gcc/x86_64-pc-linux-gnu/16/../../../../include/c++/16/bits/atomic_base.h:627:7)>' requested here
  626 |         std::__atomic_wait_address_v(&_M_i, __old,
      |              ^
/usr/lib64/gcc/x86_64-pc-linux-gnu/16/../../../../include/c++/16/atomic:180:15: note: in instantiation of member function 'std::__atomic_base<bool>::wait' requested here
  180 |     { _M_base.wait(__old, __m); }
      |               ^
/usr/lib64/gcc/x86_64-pc-linux-gnu/16/../../../../include/c++/16/bits/atomic_wait.h:221:2: note: candidate template ignored: substitution failure [with _Tp = bool]
  221 |         __wait_args(const _Tp* __addr, bool __bare_wait = false) noexcept
      |         ^
/usr/lib64/gcc/x86_64-pc-linux-gnu/16/../../../../include/c++/16/bits/atomic_wait.h:239:7: note: candidate constructor not viable: requires 1 argument, but 2 were provided
  239 |       __wait_args(const __wait_args&) noexcept = default;
      |       ^           ~~~~~~~~~~~~~~~~~~
/usr/lib64/gcc/x86_64-pc-linux-gnu/16/../../../../include/c++/16/bits/atomic_wait.h:231:7: note: candidate constructor not viable: requires at least 3 arguments, but 2 were provided
  231 |       __wait_args(const __platform_wait_t* __addr, __platform_wait_t __old,
      |       ^           ~~~~~~~~~~~~~~~~~~~~~~~~~~~~~~~~~~~~~~~~~~~~~~~~~~~~~~~~~
  232 |                   int __order, bool __bare_wait = false) noexcept
      |                   ~~~~~~~~~~~~~~~~~~~~~~~~~~~~~~~~~~~~~
In file included from $SOURCE/tests/main.cpp:3:
In file included from $PACKET/scratch/gtest/include/gmock/gmock.h:56:
In file included from $PACKET/scratch/gtest/include/gmock/gmock-actions.h:145:
In file included from $PACKET/scratch/gtest/include/gmock/internal/gmock-internal-utils.h:49:
In file included from $PACKET/scratch/gtest/include/gmock/internal/gmock-port.h:57:
In file included from $PACKET/scratch/gtest/include/gtest/internal/gtest-port.h:820:
In file included from /usr/lib64/gcc/x86_64-pc-linux-gnu/16/../../../../include/c++/16/condition_variable:51:
In file included from /usr/lib64/gcc/x86_64-pc-linux-gnu/16/../../../../include/c++/16/stop_token:41:
In file included from /usr/lib64/gcc/x86_64-pc-linux-gnu/16/../../../../include/c++/16/semaphore:42:
In file included from /usr/lib64/gcc/x86_64-pc-linux-gnu/16/../../../../include/c++/16/bits/semaphore_base.h:42:
/usr/lib64/gcc/x86_64-pc-linux-gnu/16/../../../../include/c++/16/bits/atomic_timed_wait.h:188:29: error: no matching constructor for initialization of '__detail::__wait_args'
  188 |       __detail::__wait_args __args{ __addr, __bare_wait };
      |                             ^     ~~~~~~~~~~~~~~~~~~~~~~~
/usr/lib64/gcc/x86_64-pc-linux-gnu/16/../../../../include/c++/16/bits/semaphore_base.h:114:16: note: in instantiation of function template specialization 'std::__atomic_wait_address_for<long, std::__semaphore_impl::_Available &, (lambda at /usr/lib64/gcc/x86_64-pc-linux-gnu/16/../../../../include/c++/16/bits/semaphore_base.h:104:20) &, long, std::ratio<1, 1000000000>>' requested here
  114 |       if (std::__atomic_wait_address_for(&_M_counter, __is_available,
      |                ^
/usr/lib64/gcc/x86_64-pc-linux-gnu/16/../../../../include/c++/16/bits/atomic_wait.h:221:2: note: candidate template ignored: substitution failure [with _Tp = long]
  221 |         __wait_args(const _Tp* __addr, bool __bare_wait = false) noexcept
      |         ^
/usr/lib64/gcc/x86_64-pc-linux-gnu/16/../../../../include/c++/16/bits/atomic_wait.h:239:7: note: candidate constructor not viable: requires 1 argument, but 2 were provided
  239 |       __wait_args(const __wait_args&) noexcept = default;
      |       ^           ~~~~~~~~~~~~~~~~~~
/usr/lib64/gcc/x86_64-pc-linux-gnu/16/../../../../include/c++/16/bits/atomic_wait.h:231:7: note: candidate constructor not viable: requires at least 3 arguments, but 2 were provided
  231 |       __wait_args(const __platform_wait_t* __addr, __platform_wait_t __old,
      |       ^           ~~~~~~~~~~~~~~~~~~~~~~~~~~~~~~~~~~~~~~~~~~~~~~~~~~~~~~~~~
  232 |                   int __order, bool __bare_wait = false) noexcept
      |                   ~~~~~~~~~~~~~~~~~~~~~~~~~~~~~~~~~~~~~
10 errors generated.
/usr/lib64/gcc/x86_64-pc-linux-gnu/16/../../../../include/c++/16/bits/atomic_wait.h:398:29: error: no matching constructor for initialization of '__detail::__wait_args'
  398 |       __detail::__wait_args __args{ __addr, __bare_wait };
      |                             ^     ~~~~~~~~~~~~~~~~~~~~~~~
/usr/lib64/gcc/x86_64-pc-linux-gnu/16/../../../../include/c++/16/bits/semaphore_base.h:149:2: note: in instantiation of function template specialization 'std::__atomic_notify_address<long>' requested here
  149 |         __atomic_notify_address(&_M_counter, true, true);
      |         ^
/usr/lib64/gcc/x86_64-pc-linux-gnu/16/../../../../include/c++/16/bits/atomic_wait.h:221:2: note: candidate template ignored: substitution failure [with _Tp = long]
  221 |         __wait_args(const _Tp* __addr, bool __bare_wait = false) noexcept
      |         ^
/usr/lib64/gcc/x86_64-pc-linux-gnu/16/../../../../include/c++/16/bits/atomic_wait.h:239:7: note: candidate constructor not viable: requires 1 argument, but 2 were provided
  239 |       __wait_args(const __wait_args&) noexcept = default;
      |       ^           ~~~~~~~~~~~~~~~~~~
/usr/lib64/gcc/x86_64-pc-linux-gnu/16/../../../../include/c++/16/bits/atomic_wait.h:231:7: note: candidate constructor not viable: requires at least 3 arguments, but 2 were provided
  231 |       __wait_args(const __platform_wait_t* __addr, __platform_wait_t __old,
      |       ^           ~~~~~~~~~~~~~~~~~~~~~~~~~~~~~~~~~~~~~~~~~~~~~~~~~~~~~~~~~
  232 |                   int __order, bool __bare_wait = false) noexcept
      |                   ~~~~~~~~~~~~~~~~~~~~~~~~~~~~~~~~~~~~~
/usr/lib64/gcc/x86_64-pc-linux-gnu/16/../../../../include/c++/16/bits/stl_iterator.h:1337:19: error: member access into incomplete type 'const __normal_iterator<const InstantiationInfo *, vector<InstantiationInfo>>'
 1337 |         -> decltype(__lhs.base() - __rhs.base()make[2]: *** [CMakeFiles/maap_debug.dir/build.make:79: CMakeFiles/maap_debug.dir/tests/test_maap_debug.cpp.o] Error 1
)
      |                          ^
/usr/lib64/gcc/x86_64-pc-linux-gnu/16/../../../../include/c++/16/bits/stl_vector.h:998:7: note: in instantiation of template class '__gnu_cxx::__normal_iterator<const testing::internal::ParameterizedTestSuiteInfo<(anonymous namespace)::AdpPortEntry>::InstantiationInfo *, std::vector<testing::internal::ParameterizedTestSuiteInfo<(anonymous namespace)::AdpPortEntry>::InstantiationInfo>>' requested here
  998 |       begin() const _GLIBCXX_NOEXCEPT
      |       ^
/usr/lib64/gcc/x86_64-pc-linux-gnu/16/../../../../include/c++/16/bits/stl_vector.h:1214:16: note: in instantiation of member function 'std::vector<testing::internal::ParameterizedTestSuiteInfo<(anonymous namespace)::AdpPortEntry>::InstantiationInfo>::begin' requested here
 1214 |       { return begin() == end(); }
      |                ^
/usr/lib64/gcc/x86_64-pc-linux-gnu/16/../../../../include/c++/16/bits/stl_vector.h:1360:2: note: in instantiation of member function 'std::vector<testing::internal::ParameterizedTestSuiteInfo<(anonymous namespace)::AdpPortEntry>::InstantiationInfo>::empty' requested here
 1360 |         __glibcxx_requires_nonempty();
      |         ^
/usr/lib64/gcc/x86_64-pc-linux-gnu/16/../../../../include/c++/16/debug/assertions.h:42:27: note: expanded from macro '__glibcxx_requires_nonempty'
   42 |   __glibcxx_assert(!this->empty())
      |                           ^
/usr/lib64/gcc/x86_64-pc-linux-gnu/16/../../../../include/c++/16/bits/vector.tcc:129:9: note: in instantiation of member function 'std::vector<testing::internal::ParameterizedTestSuiteInfo<(anonymous namespace)::AdpPortEntry>::InstantiationInfo>::back' requested here
  129 |         return back();
      |                ^
/usr/lib64/gcc/x86_64-pc-linux-gnu/16/../../../../include/c++/16/bits/stl_vector.h:1424:9: note: in instantiation of function template specialization 'std::vector<testing::internal::ParameterizedTestSuiteInfo<(anonymous namespace)::AdpPortEntry>::InstantiationInfo>::emplace_back<testing::internal::ParameterizedTestSuiteInfo<(anonymous namespace)::AdpPortEntry>::InstantiationInfo>' requested here
 1424 |       { emplace_back(std::move(__x)); }
      |         ^
$PACKET/scratch/gtest/include/gtest/internal/gtest-param-util.h:544:21: note: in instantiation of member function 'std::vector<testing::internal::ParameterizedTestSuiteInfo<(anonymous namespace)::AdpPortEntry>::InstantiationInfo>::push_back' requested here
  544 |     instantiations_.push_back(
      |                     ^
$SOURCE/tests/test_adp_reentry.cpp:219:1: note: in instantiation of member function 'testing::internal::ParameterizedTestSuiteInfo<(anonymous namespace)::AdpPortEntry>::AddTestSuiteInstantiation' requested here
  219 | INSTANTIATE_TEST_SUITE_P(AllPmake[1]: *** [CMakeFiles/Makefile2:438: CMakeFiles/maap_debug.dir/all] Error 2
orts, AdpPortEntry,
make[1]: *** Waiting for unfinished jobs....
      | ^
$PACKET/scratch/gtest/include/gtest/gtest-param-test.h:524:17: note: expanded from macro 'INSTANTIATE_TEST_SUITE_P'
  524 |               ->AddTestSuiteInstantiation(                                   \
      |                 ^
/usr/lib64/gcc/x86_64-pc-linux-gnu/16/../../../../include/c++/16/bits/stl_iterator.h:1026:11: note: definition of '__gnu_cxx::__normal_iterator<const testing::internal::ParameterizedTestSuiteInfo<(anonymous namespace)::AdpPortEntry>::InstantiationInfo *, std::vector<testing::internal::ParameterizedTestSuiteInfo<(anonymous namespace)::AdpPortEntry>::InstantiationInfo>>' is not complete until the closing '}'
 1026 |     class __normal_iterator
      |           ^
/usr/lib64/gcc/x86_64-pc-linux-gnu/16/../../../../include/c++/16/bits/stl_iterator.h:1337:19: error: member access into incomplete type 'const __normal_iterator<InstantiationInfo *, vector<InstantiationInfo>>'
 1337 |         -> decltype(__lhs.base() - __rhs.base())
      |                          ^
/usr/lib64/gcc/x86_64-pc-linux-gnu/16/../../../../include/c++/16/bits/stl_vector.h:1008:7: note: in instantiation of template class '__gnu_cxx::__normal_iterator<testing::internal::ParameterizedTestSuiteInfo<(anonymous namespace)::AdpPortEntry>::InstantiationInfo *, std::vector<testing::internal::ParameterizedTestSuiteInfo<(anonymous namespace)::AdpPortEntry>::InstantiationInfo>>' requested here
 1008 |       end() _GLIBCXX_NOEXCEPT
      |       ^
/usr/lib64/gcc/x86_64-pc-linux-gnu/16/../../../../include/c++/16/bits/stl_vector.h:1361:11: note: in instantiation of member function 'std::vector<testing::internal::ParameterizedTestSuiteInfo<(anonymous namespace)::AdpPortEntry>::InstantiationInfo>::end' requested here
 1361 |         return *(end() - 1);
      |                  ^
/usr/lib64/gcc/x86_64-pc-linux-gnu/16/../../../../include/c++/16/bits/vector.tcc:129:9: note: in instantiation of member function 'std::vector<testing::internal::ParameterizedTestSuiteInfo<(anonymous namespace)::AdpPortEntry>::InstantiationInfo>::back' requested here
  129 |         return back();
      |                ^
/usr/lib64/gcc/x86_64-pc-linux-gnu/16/../../../../include/c++/16/bits/stl_vector.h:1424:9: note: in instantiation of function template specialization 'std::vector<testing::internal::ParameterizedTestSuiteInfo<(anonymous namespace)::AdpPortEntry>::InstantiationInfo>::emplace_back<testing::internal::ParameterizedTestSuiteInfo<(anonymous namespace)::AdpPortEntry>::InstantiationInfo>' requested here
 1424 |       { emplace_back(std::move(__x)); }
      |         ^
$PACKET/scratch/gtest/include/gtest/internal/gtest-param-util.h:544:21: note: in instantiation of member function 'std::vector<testing::internal::ParameterizedTestSuiteInfo<(anonymous namespace)::AdpPortEntry>::InstantiationInfo>::push_back' requested here
  544 |     instantiations_.push_back(
      |                     ^
$SOURCE/tests/test_adp_reentry.cpp:219:1: note: in instantiation of member function 'testing::internal::ParameterizedTestSuiteInfo<(anonymous namespace)::AdpPortEntry>::AddTestSuiteInstantiation' requested here
  219 | INSTANTIATE_TEST_SUITE_P(AllPorts, AdpPortEntry,
      | ^
$PACKET/scratch/gtest/include/gtest/gtest-param-test.h:524:17: note: expanded from macro 'INSTANTIATE_TEST_SUITE_P'
  524 |               ->AddTestSuiteInstantiation(                                   \
      |                 ^
/usr/lib64/gcc/x86_64-pc-linux-gnu/16/../../../../include/c++/16/bits/stl_iterator.h:1026:11: note: definition of '__gnu_cxx::__normal_iterator<testing::internal::ParameterizedTestSuiteInfo<(anonymous namespace)::AdpPortEntry>::InstantiationInfo *, std::vector<testing::internal::ParameterizedTestSuiteInfo<(anonymous namespace)::AdpPortEntry>::InstantiationInfo>>' is not complete until the closing '}'
 1026 |     class __normal_iterator
      |           ^
[ 47%] Building CXX object CMakeFiles/adp_tests.dir/tests/main.cpp.o
/usr/lib64/gcc/x86_64-pc-linux-gnu/16/../../../../include/c++/16/bits/stl_iterator.h:1337:19: error: member access into incomplete type 'const __normal_iterator<const void *const *, vector<const void *>>'
 1337 |         -> decltype(__lhs.base() - __rhs.base())
      |                          ^
$PACKET/scratch/gtest/include/gmock/gmock-spec-builders.h:903:41: note: in instantiation of template class '__gnu_cxx::__normal_iterator<const void *const *, std::vector<const void *>>' requested here
  903 |     for (UntypedActions::const_iterator it = untyped_actions_.begin();
      |                                         ^
/usr/lib64/gcc/x86_64-pc-linux-gnu/16/../../../../include/c++/16/bits/stl_iterator.h:1026:11: note: definition of '__gnu_cxx::__normal_iterator<const void *const *, std::vector<const void *>>' is not complete until the closing '}'
 1026 |     class __normal_iterator
      |           ^
18 errors generated.
make[2]: *** [CMakeFiles/adp_debug.dir/build.make:79: CMakeFiles/adp_debug.dir/tests/test_adp_reentry.cpp.o] Error 1
make[2]: *** Waiting for unfinished jobs....
/usr/lib64/gcc/x86_64-pc-linux-gnu/16/../../../../include/c++/16/bits/stl_iterator.h:1337:19: error: member access into incomplete type 'const __normal_iterator<const void **, vector<const void *>>'
 1337 |         -> decltype(__lhs.base() - __rhs.base())
      |                          ^
/usr/lib64/gcc/x86_64-pc-linux-gnu/16/../../../../include/c++/16/bits/stl_vector.h:988:7: note: in instantiation of template class '__gnu_cxx::__normal_iterator<const void **, std::vector<const void *>>' requested here
  988 |       begin() _GLIBCXX_NOEXCEPT
      |       ^
$PACKET/scratch/gtest/include/gmock/gmock-spec-builders.h:1534:66: note: in instantiation of member function 'std::vector<const void *>::begin' requested here
 1534 |     for (UntypedOnCallSpecs::const_iterator it = specs_to_delete.begin();
      |                                                                  ^
/usr/lib64/gcc/x86_64-pc-linux-gnu/16/../../../../include/c++/16/bits/stl_iterator.h:1026:11: note: definition of '__gnu_cxx::__normal_iterator<const void **, std::vector<const void *>>' is not complete until the closing '}'
 1026 |     class __normal_iterator
      |           ^
/usr/lib64/gcc/x86_64-pc-linux-gnu/16/../../../../include/c++/16/bits/stl_iterator.h:1337:19: error: member access into incomplete type 'const __normal_iterator<const shared_ptr<ExpectationBase> *, vector<shared_ptr<ExpectationBase>>>'
 1337 |         -> decltype(__lhs.base() - __rhs.base())
      |                          ^
/usr/lib64/gcc/x86_64-pc-linux-gnu/16/../../../../include/c++/16/bits/iterator_concepts.h:381:11: note: in instantiation of template class '__gnu_cxx::__normal_iterator<const std::shared_ptr<testing::internal::ExpectationBase> *, std::vector<std::shared_ptr<testing::internal::ExpectationBase>>>' requested here
  381 |         typename _Iter::iterator_category;
      |                  ^
/usr/lib64/gcc/x86_64-pc-linux-gnu/16/../../../../include/c++/16/bits/iterator_concepts.h:381:2: note: in instantiation of requirement here
  381 |         typename _Iter::iterator_category;
      |         ^~~~~~~~~~~~~~~~~~~~~~~~~~~~~~~~~
/usr/lib64/gcc/x86_64-pc-linux-gnu/16/../../../../include/c++/16/bits/iterator_concepts.h:380:42: note: while substituting template arguments into constraint expression here
  380 |       concept __iter_with_nested_types = requires {
      |                                          ^~~~~~~~~~
  381 |         typename _Iter::iterator_category;
      |         ~~~~~~~~~~~~~~~~~~~~~~~~~~~~~~~~~~
  382 |         typename _Iter::value_type;
      |         ~~~~~~~~~~~~~~~~~~~~~~~~~~~
  383 |         typename _Iter::difference_type;
      |         ~~~~~~~~~~~~~~~~~~~~~~~~~~~~~~~~
  384 |         typename _Iter::reference;
      |         ~~~~~~~~~~~~~~~~~~~~~~~~~~
  385 |       };
      |       ~
/usr/lib64/gcc/x86_64-pc-linux-gnu/16/../../../../include/c++/16/bits/iterator_concepts.h:397:14: note: while checking the satisfaction of concept '__iter_with_nested_types<__gnu_cxx::__normal_iterator<const std::shared_ptr<testing::internal::ExpectationBase> *, std::vector<std::shared_ptr<testing::internal::ExpectationBase>>>>' requested here
  397 |     requires __detail::__iter_with_nested_types<_Iterator>
      |              ^~~~~~~~~~~~~~~~~~~~~~~~~~~~~~~~~~~~~~~~~~~~~
/usr/lib64/gcc/x86_64-pc-linux-gnu/16/../../../../include/c++/16/bits/iterator_concepts.h:397:14: note: while substituting template arguments into constraint expression here
  397 |     requires __detail::__iter_with_nested_types<_Iterator>
      |              ^~~~~~~~~~~~~~~~~~~~~~~~~~~~~~~~~~~~~~~~~~~~~
/usr/lib64/gcc/x86_64-pc-linux-gnu/16/../../../../include/c++/16/bits/stl_iterator_base_types.h:180:14: note: while checking constraint satisfaction for class template partial specialization '__iterator_traits<__gnu_cxx::__normal_iterator<const std::shared_ptr<testing::internal::ExpectationBase> *, std::vector<std::shared_ptr<testing::internal::ExpectationBase>>>>' required here
  180 |     : public __iterator_traits<_Iterator> { };
      |              ^~~~~~~~~~~~~~~~~
/usr/lib64/gcc/x86_64-pc-linux-gnu/16/../../../../include/c++/16/bits/stl_iterator_base_types.h:180:14: note: during template argument deduction for class template partial specialization '__iterator_traits<_Iterator, void>' [with _Iterator = __gnu_cxx::__normal_iterator<const std::shared_ptr<testing::internal::ExpectationBase> *, std::vector<std::shared_ptr<testing::internal::ExpectationBase>>>]
/usr/lib64/gcc/x86_64-pc-linux-gnu/16/../../../../include/c++/16/bits/stl_iterator_base_types.h:180:14: note: in instantiation of template class 'std::__iterator_traits<__gnu_cxx::__normal_iterator<const std::shared_ptr<testing::internal::ExpectationBase> *, std::vector<std::shared_ptr<testing::internal::ExpectationBase>>>>' requested here
/usr/lib64/gcc/x86_64-pc-linux-gnu/16/../../../../include/c++/16/bits/stl_iterator.h:132:32: note: in instantiation of template class 'std::iterator_traits<__gnu_cxx::__normal_iterator<const std::shared_ptr<testing::internal::ExpectationBase> *, std::vector<std::shared_ptr<testing::internal::ExpectationBase>>>>' requested here
  132 |     : public iterator<typename iterator_traits<_Iterator>::iterator_category,
      |                                ^
$PACKET/scratch/gtest/include/gmock/gmock-spec-builders.h:1682:63: note: in instantiation of template class 'std::reverse_iterator<__gnu_cxx::__normal_iterator<const std::shared_ptr<testing::internal::ExpectationBase> *, std::vector<std::shared_ptr<testing::internal::ExpectationBase>>>>' requested here
 1682 |     for (typename UntypedExpectations::const_reverse_iterator it =
      |                                                               ^
/usr/lib64/gcc/x86_64-pc-linux-gnu/16/../../../../include/c++/16/bits/stl_iterator.h:1026:11: note: definition of '__gnu_cxx::__normal_iterator<const std::shared_ptr<testing::internal::ExpectationBase> *, std::vector<std::shared_ptr<testing::internal::ExpectationBase>>>' is not complete until the closing '}'
 1026 |     class __normal_iterator
      |           ^
18 errors generated.
make[2]: *** [CMakeFiles/adp_debug.dir/build.make:93: CMakeFiles/adp_debug.dir/tests/main.cpp.o] Error 1
make[1]: *** [CMakeFiles/Makefile2:406: CMakeFiles/adp_debug.dir/all] Error 2
In file included from $SOURCE/tests/test_adp.cpp:4:
In file included from $PACKET/scratch/gtest/include/gtest/gtest.h:56:
In file included from /usr/lib64/gcc/x86_64-pc-linux-gnu/16/../../../../include/c++/16/memory:83:
In file included from /usr/lib64/gcc/x86_64-pc-linux-gnu/16/../../../../include/c++/16/bits/shared_ptr_atomic.h:33:
In file included from /usr/lib64/gcc/x86_64-pc-linux-gnu/16/../../../../include/c++/16/bits/atomic_base.h:43:
/usr/lib64/gcc/x86_64-pc-linux-gnu/16/../../../../include/c++/16/bits/atomic_wait.h:398:29: error: no matching constructor for initialization of '__detail::__wait_args'
  398 |       __detail::__wait_args __args{ __addr, __bare_wait };
      |                             ^     ~~~~~~~~~~~~~~~~~~~~~~~
/usr/lib64/gcc/x86_64-pc-linux-gnu/16/../../../../include/c++/16/bits/atomic_base.h:270:12: note: in instantiation of function template specialization 'std::__atomic_notify_address<bool>' requested here
  270 |     { std::__atomic_notify_address(&_M_i, false); }
      |            ^
/usr/lib64/gcc/x86_64-pc-linux-gnu/16/../../../../include/c++/16/bits/atomic_wait.h:221:2: note: candidate template ignored: substitution failure [with _Tp = bool]
  221 |         __wait_args(const _Tp* __addr, bool __bare_wait = false) noexcept
      |         ^
/usr/lib64/gcc/x86_64-pc-linux-gnu/16/../../../../include/c++/16/bits/atomic_wait.h:239:7: note: candidate constructor not viable: requires 1 argument, but 2 were provided
  239 |       __wait_args(const __wait_args&) noexcept = default;
      |       ^           ~~~~~~~~~~~~~~~~~~
/usr/lib64/gcc/x86_64-pc-linux-gnu/16/../../../../include/c++/16/bits/atomic_wait.h:231:7: note: candidate constructor not viable: requires at least 3 arguments, but 2 were provided
  231 |       __wait_args(const __platform_wait_t* __addr, __platform_wait_t __old,
      |       ^           ~~~~~~~~~~~~~~~~~~~~~~~~~~~~~~~~~~~~~~~~~~~~~~~~~~~~~~~~~
  232 |                   int __order, bool __bare_wait = false) noexcept
      |                   ~~~~~~~~~~~~~~~~~~~~~~~~~~~~~~~~~~~~~
/usr/lib64/gcc/x86_64-pc-linux-gnu/16/../../../../include/c++/16/bits/atomic_wait.h:358:29: error: no matching constructor for initialization of '__detail::__wait_args'
  358 |       __detail::__wait_args __args{ __addr, __bare_wait };
      |                             ^     ~~~~~~~~~~~~~~~~~~~~~~~
/usr/lib64/gcc/x86_64-pc-linux-gnu/16/../../../../include/c++/16/bits/atomic_wait.h:390:12: note: in instantiation of function template specialization 'std::__atomic_wait_address<bool, (lambda at /usr/lib64/gcc/x86_64-pc-linux-gnu/16/../../../../include/c++/16/bits/atomic_wait.h:388:20) &, (lambda at /usr/lib64/gcc/x86_64-pc-linux-gnu/16/../../../../include/c++/16/bits/atomic_base.h:627:7)>' requested here
  390 |       std::__atomic_wait_address(__addr, __pfn, forward<_ValFn>(__vfn));
      |            ^
/usr/lib64/gcc/x86_64-pc-linux-gnu/16/../../../../include/c++/16/bits/atomic_base.h:626:7: note: in instantiation of function template specialization 'std::__atomic_wait_address_v<bool, (lambda at /usr/lib64/gcc/x86_64-pc-linux-gnu/16/../../../../include/c++/16/bits/atomic_base.h:627:7)>' requested here
  626 |         std::__atomic_wait_address_v(&_M_i, __old,
      |              ^
/usr/lib64/gcc/x86_64-pc-linux-gnu/16/../../../../include/c++/16/atomic:180:15: note: in instantiation of member function 'std::__atomic_base<bool>::wait' requested here
  180 |     { _M_base.wait(__old, __m); }
      |               ^
/usr/lib64/gcc/x86_64-pc-linux-gnu/16/../../../../include/c++/16/bits/atomic_wait.h:221:2: note: candidate template ignored: substitution failure [with _Tp = bool]
  221 |         __wait_args(const _Tp* __addr, bool __bare_wait = false) noexcept
      |         ^
/usr/lib64/gcc/x86_64-pc-linux-gnu/16/../../../../include/c++/16/bits/atomic_wait.h:239:7: note: candidate constructor not viable: requires 1 argument, but 2 were provided
  239 |       __wait_args(const __wait_args&) noexcept = default;
      |       ^           ~~~~~~~~~~~~~~~~~~
/usr/lib64/gcc/x86_64-pc-linux-gnu/16/../../../../include/c++/16/bits/atomic_wait.h:231:7: note: candidate constructor not viable: requires at least 3 arguments, but 2 were provided
  231 |       __wait_args(const __platform_wait_t* __addr, __platform_wait_t __old,
      |       ^           ~~~~~~~~~~~~~~~~~~~~~~~~~~~~~~~~~~~~~~~~~~~~~~~~~~~~~~~~~
  232 |                   int __order, bool __bare_wait = false) noexcept
      |                   ~~~~~~~~~~~~~~~~~~~~~~~~~~~~~~~~~~~~~
In file included from $SOURCE/tests/test_adp.cpp:4:
In file included from $PACKET/scratch/gtest/include/gtest/gtest.h:64:
In file included from $PACKET/scratch/gtest/include/gtest/gtest-assertion-result.h:46:
In file included from $PACKET/scratch/gtest/include/gtest/gtest-message.h:57:
In file included from $PACKET/scratch/gtest/include/gtest/internal/gtest-port.h:820:
In file included from /usr/lib64/gcc/x86_64-pc-linux-gnu/16/../../../../include/c++/16/condition_variable:51:
In file included from /usr/lib64/gcc/x86_64-pc-linux-gnu/16/../../../../include/c++/16/stop_token:41:
In file included from /usr/lib64/gcc/x86_64-pc-linux-gnu/16/../../../../include/c++/16/semaphore:42:
In file included from /usr/lib64/gcc/x86_64-pc-linux-gnu/16/../../../../include/c++/16/bits/semaphore_base.h:42:
/usr/lib64/gcc/x86_64-pc-linux-gnu/16/../../../../include/c++/16/bits/atomic_timed_wait.h:188:29: error: no matching constructor for initialization of '__detail::__wait_args'
  188 |       __detail::__wait_args __args{ __addr, __bare_wait };
      |                             ^     ~~~~~~~~~~~~~~~~~~~~~~~
/usr/lib64/gcc/x86_64-pc-linux-gnu/16/../../../../include/c++/16/bits/semaphore_base.h:114:16: note: in instantiation of function template specialization 'std::__atomic_wait_address_for<long, std::__semaphore_impl::_Available &, (lambda at /usr/lib64/gcc/x86_64-pc-linux-gnu/16/../../../../include/c++/16/bits/semaphore_base.h:104:20) &, long, std::ratio<1, 1000000000>>' requested here
  114 |       if (std::__atomic_wait_address_for(&_M_counter, __is_available,
      |                ^
/usr/lib64/gcc/x86_64-pc-linux-gnu/16/../../../../include/c++/16/bits/atomic_wait.h:221:2: note: candidate template ignored: substitution failure [with _Tp = long]
  221 |         __wait_args(const _Tp* __addr, bool __bare_wait = false) noexcept
      |         ^
/usr/lib64/gcc/x86_64-pc-linux-gnu/16/../../../../include/c++/16/bits/atomic_wait.h:239:7: note: candidate constructor not viable: requires 1 argument, but 2 were provided
  239 |       __wait_args(const __wait_args&) noexcept = default;
      |       ^           ~~~~~~~~~~~~~~~~~~
/usr/lib64/gcc/x86_64-pc-linux-gnu/16/../../../../include/c++/16/bits/atomic_wait.h:231:7: note: candidate constructor not viable: requires at least 3 arguments, but 2 were provided
  231 |       __wait_args(const __platform_wait_t* __addr, __platform_wait_t __old,
      |       ^           ~~~~~~~~~~~~~~~~~~~~~~~~~~~~~~~~~~~~~~~~~~~~~~~~~~~~~~~~~
  232 |                   int __order, bool __bare_wait = false) noexcept
      |                   ~~~~~~~~~~~~~~~~~~~~~~~~~~~~~~~~~~~~~
/usr/lib64/gcc/x86_64-pc-linux-gnu/16/../../../../include/c++/16/bits/atomic_wait.h:398:29: error: no matching constructor for initialization of '__detail::__wait_args'
  398 |       __detail::__wait_args __args{ __addr, __bare_wait };
      |                             ^     ~~~~~~~~~~~~~~~~~~~~~~~
/usr/lib64/gcc/x86_64-pc-linux-gnu/16/../../../../include/c++/16/bits/semaphore_base.h:149:2: note: in instantiation of function template specialization 'std::__atomic_notify_address<long>' requested here
  149 |         __atomic_notify_address(&_M_counter, true, true);
      |         ^
/usr/lib64/gcc/x86_64-pc-linux-gnu/16/../../../../include/c++/16/bits/atomic_wait.h:221:2: note: candidate template ignored: substitution failure [with _Tp = long]
  221 |         __wait_args(const _Tp* __addr, bool __bare_wait = false) noexcept
      |         ^
/usr/lib64/gcc/x86_64-pc-linux-gnu/16/../../../../include/c++/16/bits/atomic_wait.h:239:7: note: candidate constructor not viable: requires 1 argument, but 2 were provided
  239 |       __wait_args(const __wait_args&) noexcept = default;
      |       ^           ~~~~~~~~~~~~~~~~~~
/usr/lib64/gcc/x86_64-pc-linux-gnu/16/../../../../include/c++/16/bits/atomic_wait.h:231:7: note: candidate constructor not viable: requires at least 3 arguments, but 2 were provided
  231 |       __wait_args(const __platform_wait_t* __addr, __platform_wait_t __old,
      |       ^           ~~~~~~~~~~~~~~~~~~~~~~~~~~~~~~~~~~~~~~~~~~~~~~~~~~~~~~~~~
  232 |                   int __order, bool __bare_wait = false) noexcept
      |                   ~~~~~~~~~~~~~~~~~~~~~~~~~~~~~~~~~~~~~
In file included from $SOURCE/tests/main.cpp:3:
In file included from $PACKET/scratch/gtest/include/gmock/gmock.h:56:
In file included from $PACKET/scratch/gtest/include/gmock/gmock-actions.h:137:
In file included from /usr/lib64/gcc/x86_64-pc-linux-gnu/16/../../../../include/c++/16/algorithm:62:
In file included from /usr/lib64/gcc/x86_64-pc-linux-gnu/16/../../../../include/c++/16/bits/stl_algobase.h:66:
/usr/lib64/gcc/x86_64-pc-linux-gnu/16/../../../../include/c++/16/bits/stl_iterator.h:1337:19: error: member access into incomplete type 'const __normal_iterator<const char *, basic_string<char>>'
 1337 |         -> decltype(__lhs.base() - __rhs.base())
      |                          ^
/usr/lib64/gcc/x86_64-pc-linux-gnu/16/../../../../include/c++/16/bits/basic_string.h:4018:37: note: in instantiation of template class '__gnu_cxx::__normal_iterator<const char *, std::basic_string<char>>' requested here
 4018 |     { return std::move(__rhs.insert(0, __lhs)); }
      |                                     ^
/usr/lib64/gcc/x86_64-pc-linux-gnu/16/../../../../include/c++/16/system_error:568:36: note: in instantiation of function template specialization 'std::operator+<char, std::char_traits<char>, std::allocator<char>>' requested here
  568 |     : runtime_error(__what + (": " + __ec.message())), _M_code(__ec) { }
      |                                    ^
/usr/lib64/gcc/x86_64-pc-linux-gnu/16/../../../../include/c++/16/bits/stl_iterator.h:1026:11: note: definition of '__gnu_cxx::__normal_iterator<const char *, std::basic_string<char>>' is not complete until the closing '}'
 1026 |     class __normal_iterator
      |           ^
In file included from $SOURCE/tests/test_adp.cpp:4:
In file included from $PACKET/scratch/gtest/include/gtest/gtest.h:54:
In file included from /usr/lib64/gcc/x86_64-pc-linux-gnu/16/../../../../include/c++/16/iomanip:47:
In file included from /usr/lib64/gcc/x86_64-pc-linux-gnu/16/../../../../include/c++/16/bits/ios_base.h:43:
In file included from /usr/lib64/gcc/x86_64-pc-linux-gnu/16/../../../../include/c++/16/bits/locale_classes.h:43:
In file included from /usr/lib64/gcc/x86_64-pc-linux-gnu/16/../../../../include/c++/16/string:51:
/usr/lib64/gcc/x86_64-pc-linux-gnu/16/../../../../include/c++/16/bits/stl_iterator.h:1337:19: error: member access into incomplete type 'const __normal_iterator<const void **, void>'
 1337 |         -> decltype(__lhs.base() - __rhs.base())
      |                          ^
/usr/lib64/gcc/x86_64-pc-linux-gnu/16/../../../../include/c++/16/bits/stl_uninitialized.h:1389:49: note: in instantiation of template class '__gnu_cxx::__normal_iterator<const void **, void>' requested here
 1389 |               __gnu_cxx::__normal_iterator<_Tp*, void> __out(__result);
      |                                                        ^
/usr/lib64/gcc/x86_64-pc-linux-gnu/16/../../../../include/c++/16/bits/stl_uninitialized.h:1410:19: note: in instantiation of function template specialization 'std::__relocate_a_1<const void *, const void *>' requested here
 1410 |       return std::__relocate_a_1(std::__niter_base(__first),
      |                   ^
/usr/lib64/gcc/x86_64-pc-linux-gnu/16/../../../../include/c++/16/bits/vector.tcc:607:26: note: in instantiation of function template specialization 'std::__relocate_a<const void **, const void **, std::allocator<const void *>>' requested here
  607 |             __new_finish = std::__relocate_a(__old_start, __old_finish,
      |                                 ^
/usr/lib64/gcc/x86_64-pc-linux-gnu/16/../../../../include/c++/16/bits/vector.tcc:127:4: note: in instantiation of function template specialization 'std::vector<const void *>::_M_realloc_append<const void *>' requested here
  127 |           _M_realloc_append(std::forward<_Args>(__args)...);
      |           ^
/usr/lib64/gcc/x86_64-pc-linux-gnu/16/../../../../include/c++/16/bits/stl_vector.h:1424:9: note: in instantiation of function template specialization 'std::vector<const void *>::emplace_back<const void *>' requested here
 1424 |       { emplace_back(std::move(__x)); }
      |         ^
$PACKET/scratch/gtest/include/gmock/gmock-spec-builders.h:1024:22: note: in instantiation of member function 'std::vector<const void *>::push_back' requested here
 1024 |     untyped_actions_.push_back(new Action<F>(std::move(action)));
      |                      ^
$PACKET/scratch/gtest/include/gmock/gmock-spec-builders.h:1007:12: note: in instantiation of function template specialization 'testing::internal::TypedExpectation<unsigned int ()>::WillOnce<void>' requested here
 1007 |     return WillOnce(Action<F>(ActionAdaptor{
      |            ^
$SOURCE/tests/test_adp.cpp:686:31: note: in instantiation of member function 'testing::internal::TypedExpectation<unsigned int ()>::WillOnce' requested here
  686 |     EXPECT_CALL(mock, Seed()).WillOnce(Return(1u));
      |                               ^
/usr/lib64/gcc/x86_64-pc-linux-gnu/16/../../../../include/c++/16/bits/stl_iterator.h:1026:11: note: definition of '__gnu_cxx::__normal_iterator<const void **, void>' is not complete until the closing '}'
 1026 |     class __normal_iterator
      |           ^
In file included from $SOURCE/tests/main.cpp:3:
In file included from $PACKET/scratch/gtest/include/gmock/gmock.h:56:
In file included from $PACKET/scratch/gtest/include/gmock/gmock-actions.h:139:
In file included from /usr/lib64/gcc/x86_64-pc-linux-gnu/16/../../../../include/c++/16/memory:83:
In file included from /usr/lib64/gcc/x86_64-pc-linux-gnu/16/../../../../include/c++/16/bits/shared_ptr_atomic.h:33:
In file included from /usr/lib64/gcc/x86_64-pc-linux-gnu/16/../../../../include/c++/16/bits/atomic_base.h:43:
/usr/lib64/gcc/x86_64-pc-linux-gnu/16/../../../../include/c++/16/bits/atomic_wait.h:55:24: error: use of undeclared identifier '__builtin_popcountg'
   55 |         = is_scalar_v<_Tp> && __builtin_popcountg(sizeof(_Tp)) == 1
      |                               ^
In file included from $SOURCE/tests/main.cpp:3:
In file included from $PACKET/scratch/gtest/include/gmock/gmock.h:56:
In file included from $PACKET/scratch/gtest/include/gmock/gmock-actions.h:137:
In file included from /usr/lib64/gcc/x86_64-pc-linux-gnu/16/../../../../include/c++/16/algorithm:62:
In file included from /usr/lib64/gcc/x86_64-pc-linux-gnu/16/../../../../include/c++/16/bits/stl_algobase.h:66:
/usr/lib64/gcc/x86_64-pc-linux-gnu/16/../../../../include/c++/16/bits/stl_iterator.h:1337:19: error: member access into incomplete type 'const __normal_iterator<char *, basic_string<char>>'
 1337 |         -> decltype(__lhs.base() - __rhs.base())
      |                          ^
/usr/lib64/gcc/x86_64-pc-linux-gnu/16/../../../../include/c++/16/bits/basic_string.h:1071:7: note: in instantiation of template class '__gnu_cxx::__normal_iterator<char *, std::basic_string<char>>' requested here
 1071 |       begin() _GLIBCXX_NOEXCEPT
      |       ^
/usr/lib64/gcc/x86_64-pc-linux-gnu/16/../../../../include/c++/16/bits/locale_facets_nonio.tcc:323:27: note: in instantiation of member function 'std::basic_string<char>::begin' requested here
  323 |               __res.insert(__res.begin(), '-');
      |                                  ^
/usr/lib64/gcc/x86_64-pc-linux-gnu/16/../../../../include/c++/16/bits/stl_iterator.h:1026:11: note: definition of '__gnu_cxx::__normal_iterator<char *, std::basic_string<char>>' is not complete until the closing '}'
 1026 |     class __normal_iterator
      |           ^
fatal error: too many errors emitted, stopping now [-ferror-limit=]
20 errors generated.
make[2]: *** [CMakeFiles/adp_tests.dir/build.make:79: CMakeFiles/adp_tests.dir/tests/test_adp.cpp.o] Error 1
make[2]: *** Waiting for unfinished jobs....
/usr/lib64/gcc/x86_64-pc-linux-gnu/16/../../../../include/c++/16/bits/stl_iterator.h:1337:19: error: member access into incomplete type 'const __normal_iterator<const basic_string<char> *, vector<basic_string<char>>>'
 1337 |         -> decltype(__lhs.base() - __rhs.base())
      |                          ^
/usr/lib64/gcc/x86_64-pc-linux-gnu/16/../../../../include/c++/16/bits/stl_vector.h:998:7: note: in instantiation of template class '__gnu_cxx::__normal_iterator<const std::basic_string<char> *, std::vector<std::basic_string<char>>>' requested here
  998 |       begin() const _GLIBCXX_NOEXCEPT
      |       ^
/usr/lib64/gcc/x86_64-pc-linux-gnu/16/../../../../include/c++/16/bits/stl_vector.h:1214:16: note: in instantiation of member function 'std::vector<std::basic_string<char>>::begin' requested here
 1214 |       { return begin() == end(); }
      |                ^
/usr/lib64/gcc/x86_64-pc-linux-gnu/16/../../../../include/c++/16/bits/stl_vector.h:1360:2: note: in instantiation of member function 'std::vector<std::basic_string<char>>::empty' requested here
 1360 |         __glibcxx_requires_nonempty();
      |         ^
/usr/lib64/gcc/x86_64-pc-linux-gnu/16/../../../../include/c++/16/debug/assertions.h:42:27: note: expanded from macro '__glibcxx_requires_nonempty'
   42 |   __glibcxx_assert(!this->empty())
      |                           ^
/usr/lib64/gcc/x86_64-pc-linux-gnu/16/../../../../include/c++/16/bits/vector.tcc:129:9: note: in instantiation of member function 'std::vector<std::basic_string<char>>::back' requested here
  129 |         return back();
      |                ^
/usr/lib64/gcc/x86_64-pc-linux-gnu/16/../../../../include/c++/16/bits/stl_vector.h:1424:9: note: in instantiation of function template specialization 'std::vector<std::basic_string<char>>::emplace_back<std::basic_string<char>>' requested here
 1424 |       { emplace_back(std::move(__x)); }
      |         ^
$PACKET/scratch/gtest/include/gtest/gtest-printers.h:1130:12: note: in instantiation of member function 'std::vector<std::basic_string<char>>::push_back' requested here
 1130 |   strings->push_back(ss.str());
      |            ^
/usr/lib64/gcc/x86_64-pc-linux-gnu/16/../../../../include/c++/16/bits/stl_iterator.h:1026:11: note: definition of '__gnu_cxx::__normal_iterator<const std::basic_string<char> *, std::vector<std::basic_string<char>>>' is not complete until the closing '}'
 1026 |     class __normal_iterator
      |           ^
/usr/lib64/gcc/x86_64-pc-linux-gnu/16/../../../../include/c++/16/bits/stl_iterator.h:1337:19: error: member access into incomplete type 'const __normal_iterator<basic_string<char> *, vector<basic_string<char>>>'
 1337 |         -> decltype(__lhs.base() - __rhs.base())
      |                          ^
/usr/lib64/gcc/x86_64-pc-linux-gnu/16/../../../../include/c++/16/bits/stl_vector.h:1008:7: note: in instantiation of template class '__gnu_cxx::__normal_iterator<std::basic_string<char> *, std::vector<std::basic_string<char>>>' requested here
 1008 |       end() _GLIBCXX_NOEXCEPT
      |       ^
/usr/lib64/gcc/x86_64-pc-linux-gnu/16/../../../../include/c++/16/bits/stl_vector.h:1361:11: note: in instantiation of member function 'std::vector<std::basic_string<char>>::end' requested here
 1361 |         return *(end() - 1);
      |                  ^
/usr/lib64/gcc/x86_64-pc-linux-gnu/16/../../../../include/c++/16/bits/vector.tcc:129:9: note: in instantiation of member function 'std::vector<std::basic_string<char>>::back' requested here
  129 |         return back();
      |                ^
/usr/lib64/gcc/x86_64-pc-linux-gnu/16/../../../../include/c++/16/bits/stl_vector.h:1424:9: note: in instantiation of function template specialization 'std::vector<std::basic_string<char>>::emplace_back<std::basic_string<char>>' requested here
 1424 |       { emplace_back(std::move(__x)); }
      |         ^
$PACKET/scratch/gtest/include/gtest/gtest-printers.h:1130:12: note: in instantiation of member function 'std::vector<std::basic_string<char>>::push_back' requested here
 1130 |   strings->push_back(ss.str());
      |            ^
/usr/lib64/gcc/x86_64-pc-linux-gnu/16/../../../../include/c++/16/bits/stl_iterator.h:1026:11: note: definition of '__gnu_cxx::__normal_iterator<std::basic_string<char> *, std::vector<std::basic_string<char>>>' is not complete until the closing '}'
 1026 |     class __normal_iterator
      |           ^
/usr/lib64/gcc/x86_64-pc-linux-gnu/16/../../../../include/c++/16/bits/stl_iterator.h:1337:19: error: member access into incomplete type 'const __normal_iterator<ParameterizedTestSuiteInfoBase **, vector<ParameterizedTestSuiteInfoBase *>>'
 1337 |         -> decltype(__lhs.base() - __rhs.base())
      |                          ^
/usr/lib64/gcc/x86_64-pc-linux-gnu/16/../../../../include/c++/16/bits/stl_vector.h:988:7: note: in instantiation of template class '__gnu_cxx::__normal_iterator<testing::internal::ParameterizedTestSuiteInfoBase **, std::vector<testing::internal::ParameterizedTestSuiteInfoBase *>>' requested here
  988 |       begin() _GLIBCXX_NOEXCEPT
      |       ^
$PACKET/scratch/gtest/include/gtest/internal/gtest-param-util.h:696:32: note: in instantiation of member function 'std::vector<testing::internal::ParameterizedTestSuiteInfoBase *>::begin' requested here
  696 |     for (auto& test_suite_info : test_suite_infos_) {
      |                                ^
/usr/lib64/gcc/x86_64-pc-linux-gnu/16/../../../../include/c++/16/bits/stl_iterator.h:1026:11: note: definition of '__gnu_cxx::__normal_iterator<testing::internal::ParameterizedTestSuiteInfoBase **, std::vector<testing::internal::ParameterizedTestSuiteInfoBase *>>' is not complete until the closing '}'
 1026 |     class __normal_iterator
      |           ^
/usr/lib64/gcc/x86_64-pc-linux-gnu/16/../../../../include/c++/16/bits/stl_iterator.h:1337:19: error: member access into incomplete type 'const __normal_iterator<unsigned long *, void>'
 1337 |         -> decltype(__lhs.base() - __rhs.base())
      |                          ^
/usr/lib64/gcc/x86_64-pc-linux-gnu/16/../../../../include/c++/16/bits/stl_uninitialized.h:1389:49: note: in instantiation of template class '__gnu_cxx::__normal_iterator<unsigned long *, void>' requested here
 1389 |               __gnu_cxx::__normal_iterator<_Tp*, void> __out(__result);
      |                                                        ^
/usr/lib64/gcc/x86_64-pc-linux-gnu/16/../../../../include/c++/16/bits/stl_uninitialized.h:1410:19: note: in instantiation of function template specialization 'std::__relocate_a_1<unsigned long, unsigned long>' requested here
 1410 |       return std::__relocate_a_1(std::__niter_base(__first),
      |                   ^
/usr/lib64/gcc/x86_64-pc-linux-gnu/16/../../../../include/c++/16/bits/vector.tcc:607:26: note: in instantiation of function template specialization 'std::__relocate_a<unsigned long *, unsigned long *, std::allocator<unsigned long>>' requested here
  607 |             __new_finish = std::__relocate_a(__old_start, __old_finish,
      |                                 ^
/usr/lib64/gcc/x86_64-pc-linux-gnu/16/../../../../include/c++/16/bits/stl_vector.h:1417:4: note: in instantiation of function template specialization 'std::vector<unsigned long>::_M_realloc_append<const unsigned long &>' requested here
 1417 |           _M_realloc_append(__x);
      |           ^
$PACKET/scratch/gtest/include/gmock/gmock-matchers.h:2742:24: note: in instantiation of member function 'std::vector<unsigned long>::push_back' requested here
 2742 |         match_elements.push_back(i);
      |                        ^
/usr/lib64/gcc/x86_64-pc-linux-gnu/16/../../../../include/c++/16/bits/stl_iterator.h:1026:11: note: definition of '__gnu_cxx::__normal_iterator<unsigned long *, void>' is not complete until the closing '}'
 1026 |     class __normal_iterator
      |           ^
/usr/lib64/gcc/x86_64-pc-linux-gnu/16/../../../../include/c++/16/bits/stl_iterator.h:1337:19: error: member access into incomplete type 'const __normal_iterator<const unsigned long *, vector<unsigned long>>'
 1337 |         -> decltype(__lhs.base() - __rhs.base())
      |                          ^
/usr/lib64/gcc/x86_64-pc-linux-gnu/16/../../../../include/c++/16/bits/stl_vector.h:998:7: note: in instantiation of template class '__gnu_cxx::__normal_iterator<const unsigned long *, std::vector<unsigned long>>' requested here
  998 |       begin() const _GLIBCXX_NOEXCEPT
      |       ^
/usr/lib64/gcc/x86_64-pc-linux-gnu/16/../../../../include/c++/16/bits/stl_vector.h:1214:16: note: in instantiation of member function 'std::vector<unsigned long>::begin' requested here
 1214 |       { return begin() == end(); }
      |                ^
$PACKET/scratch/gtest/include/gmock/gmock-matchers.h:2746:26: note: in instantiation of member function 'std::vector<unsigned long>::empty' requested here
 2746 |       if (match_elements.empty()) {
      |                          ^
/usr/lib64/gcc/x86_64-pc-linux-gnu/16/../../../../include/c++/16/bits/stl_iterator.h:1026:11: note: definition of '__gnu_cxx::__normal_iterator<const unsigned long *, std::vector<unsigned long>>' is not complete until the closing '}'
 1026 |     class __normal_iterator
      |           ^
/usr/lib64/gcc/x86_64-pc-linux-gnu/16/../../../../include/c++/16/bits/stl_iterator.h:1337:19: error: member access into incomplete type 'const __normal_iterator<unsigned long *, vector<unsigned long>>'
 1337 |         -> decltype(__lhs.base() - __rhs.base())
      |                          ^
/usr/lib64/gcc/x86_64-pc-linux-gnu/16/../../../../include/c++/16/bits/stl_vector.h:988:7: note: in instantiation of template class '__gnu_cxx::__normal_iterator<unsigned long *, std::vector<unsigned long>>' requested here
  988 |       begin() _GLIBCXX_NOEXCEPT
      |       ^
$PACKET/scratch/gtest/include/gmock/gmock-matchers.h:2753:23: note: in instantiation of member function 'std::vector<unsigned long>::begin' requested here
 2753 |         for (size_t e : match_elements) {
      |                       ^
/usr/lib64/gcc/x86_64-pc-linux-gnu/16/../../../../include/c++/16/bits/stl_iterator.h:1026:11: note: definition of '__gnu_cxx::__normal_iterator<unsigned long *, std::vector<unsigned long>>' is not complete until the closing '}'
 1026 |     class __normal_iterator
      |           ^
/usr/lib64/gcc/x86_64-pc-linux-gnu/16/../../../../include/c++/16/bits/stl_iterator.h:1337:19: error: member access into incomplete type 'const __normal_iterator<char *, vector<char>>'
 1337 |         -> decltype(__lhs.base() - __rhs.base())
      |                          ^
/usr/lib64/gcc/x86_64-pc-linux-gnu/16/../../../../include/c++/16/bits/stl_vector.h:988:7: note: in instantiation of template class '__gnu_cxx::__normal_iterator<char *, std::vector<char>>' requested here
  988 |       begin() _GLIBCXX_NOEXCEPT
      |       ^
$PACKET/scratch/gtest/include/gmock/gmock-matchers.h:3675:68: note: in instantiation of member function 'std::vector<char>::begin' requested here
 3675 |     ::std::vector<char>::const_iterator did_match_iter = did_match.begin();
      |                                                                    ^
/usr/lib64/gcc/x86_64-pc-linux-gnu/16/../../../../include/c++/16/bits/stl_iterator.h:1026:11: note: definition of '__gnu_cxx::__normal_iterator<char *, std::vector<char>>' is not complete until the closing '}'
 1026 |     class __normal_iterator
      |           ^
/usr/lib64/gcc/x86_64-pc-linux-gnu/16/../../../../include/c++/16/bits/stl_iterator.h:1337:19: error: member access into incomplete type 'const __normal_iterator<const char *, vector<char>>'
 1337 |         -> decltype(__lhs.base() - __rhs.base())
      |                          ^
$PACKET/scratch/gtest/include/gmock/gmock-matchers.h:3675:41: note: in instantiation of template class '__gnu_cxx::__normal_iterator<const char *, std::vector<char>>' requested here
 3675 |     ::std::vector<char>::const_iterator did_match_iter = did_match.begin();
      |                                         ^
/usr/lib64/gcc/x86_64-pc-linux-gnu/16/../../../../include/c++/16/bits/stl_iterator.h:1026:11: note: definition of '__gnu_cxx::__normal_iterator<const char *, std::vector<char>>' is not complete until the closing '}'
 1026 |     class __normal_iterator
      |           ^
/usr/lib64/gcc/x86_64-pc-linux-gnu/16/../../../../include/c++/16/bits/stl_iterator.h:1337:19: error: member access into incomplete type 'const __normal_iterator<const void *const *, vector<const void *>>'
 1337 |         -> decltype(__lhs.base() - __rhs.base())
      |                          ^
$PACKET/scratch/gtest/include/gmock/gmock-spec-builders.h:903:41: note: in instantiation of template class '__gnu_cxx::__normal_iterator<const void *const *, std::vector<const void *>>' requested here
  903 |     for (UntypedActions::const_iterator it = untyped_actions_.begin();
      |                                         ^
/usr/lib64/gcc/x86_64-pc-linux-gnu/16/../../../../include/c++/16/bits/stl_iterator.h:1026:11: note: definition of '__gnu_cxx::__normal_iterator<const void *const *, std::vector<const void *>>' is not complete until the closing '}'
 1026 |     class __normal_iterator
      |           ^
/usr/lib64/gcc/x86_64-pc-linux-gnu/16/../../../../include/c++/16/bits/stl_iterator.h:1337:19: error: member access into incomplete type 'const __normal_iterator<const void **, vector<const void *>>'
 1337 |         -> decltype(__lhs.base() - __rhs.base())
      |                          ^
/usr/lib64/gcc/x86_64-pc-linux-gnu/16/../../../../include/c++/16/bits/stl_vector.h:988:7: note: in instantiation of template class '__gnu_cxx::__normal_iterator<const void **, std::vector<const void *>>' requested here
  988 |       begin() _GLIBCXX_NOEXCEPT
      |       ^
$PACKET/scratch/gtest/include/gmock/gmock-spec-builders.h:1534:66: note: in instantiation of member function 'std::vector<const void *>::begin' requested here
 1534 |     for (UntypedOnCallSpecs::const_iterator it = specs_to_delete.begin();
      |                                                                  ^
/usr/lib64/gcc/x86_64-pc-linux-gnu/16/../../../../include/c++/16/bits/stl_iterator.h:1026:11: note: definition of '__gnu_cxx::__normal_iterator<const void **, std::vector<const void *>>' is not complete until the closing '}'
 1026 |     class __normal_iterator
      |           ^
/usr/lib64/gcc/x86_64-pc-linux-gnu/16/../../../../include/c++/16/bits/stl_iterator.h:1337:19: error: member access into incomplete type 'const __normal_iterator<const shared_ptr<ExpectationBase> *, vector<shared_ptr<ExpectationBase>>>'
 1337 |         -> decltype(__lhs.base() - __rhs.base())
      |                          ^
/usr/lib64/gcc/x86_64-pc-linux-gnu/16/../../../../include/c++/16/bits/iterator_concepts.h:381:11: note: in instantiation of template class '__gnu_cxx::__normal_iterator<const std::shared_ptr<testing::internal::ExpectationBase> *, std::vector<std::shared_ptr<testing::internal::ExpectationBase>>>' requested here
  381 |         typename _Iter::iterator_category;
      |                  ^
/usr/lib64/gcc/x86_64-pc-linux-gnu/16/../../../../include/c++/16/bits/iterator_concepts.h:381:2: note: in instantiation of requirement here
  381 |         typename _Iter::iterator_category;
      |         ^~~~~~~~~~~~~~~~~~~~~~~~~~~~~~~~~
/usr/lib64/gcc/x86_64-pc-linux-gnu/16/../../../../include/c++/16/bits/iterator_concepts.h:380:42: note: while substituting template arguments into constraint expression here
  380 |       concept __iter_with_nested_types = requires {
      |                                          ^~~~~~~~~~
  381 |         typename _Iter::iterator_category;
      |         ~~~~~~~~~~~~~~~~~~~~~~~~~~~~~~~~~~
  382 |         typename _Iter::value_type;
      |         ~~~~~~~~~~~~~~~~~~~~~~~~~~~
  383 |         typename _Iter::difference_type;
      |         ~~~~~~~~~~~~~~~~~~~~~~~~~~~~~~~~
  384 |         typename _Iter::reference;
      |         ~~~~~~~~~~~~~~~~~~~~~~~~~~
  385 |       };
      |       ~
/usr/lib64/gcc/x86_64-pc-linux-gnu/16/../../../../include/c++/16/bits/iterator_concepts.h:397:14: note: while checking the satisfaction of concept '__iter_with_nested_types<__gnu_cxx::__normal_iterator<const std::shared_ptr<testing::internal::ExpectationBase> *, std::vector<std::shared_ptr<testing::internal::ExpectationBase>>>>' requested here
  397 |     requires __detail::__iter_with_nested_types<_Iterator>
      |              ^~~~~~~~~~~~~~~~~~~~~~~~~~~~~~~~~~~~~~~~~~~~~
/usr/lib64/gcc/x86_64-pc-linux-gnu/16/../../../../include/c++/16/bits/iterator_concepts.h:397:14: note: while substituting template arguments into constraint expression here
  397 |     requires __detail::__iter_with_nested_types<_Iterator>
      |              ^~~~~~~~~~~~~~~~~~~~~~~~~~~~~~~~~~~~~~~~~~~~~
/usr/lib64/gcc/x86_64-pc-linux-gnu/16/../../../../include/c++/16/bits/stl_iterator_base_types.h:180:14: note: while checking constraint satisfaction for class template partial specialization '__iterator_traits<__gnu_cxx::__normal_iterator<const std::shared_ptr<testing::internal::ExpectationBase> *, std::vector<std::shared_ptr<testing::internal::ExpectationBase>>>>' required here
  180 |     : public __iterator_traits<_Iterator> { };
      |              ^~~~~~~~~~~~~~~~~
/usr/lib64/gcc/x86_64-pc-linux-gnu/16/../../../../include/c++/16/bits/stl_iterator_base_types.h:180:14: note: during template argument deduction for class template partial specialization '__iterator_traits<_Iterator, void>' [with _Iterator = __gnu_cxx::__normal_iterator<const std::shared_ptr<testing::internal::ExpectationBase> *, std::vector<std::shared_ptr<testing::internal::ExpectationBase>>>]
/usr/lib64/gcc/x86_64-pc-linux-gnu/16/../../../../include/c++/16/bits/stl_iterator_base_types.h:180:14: note: in instantiation of template class 'std::__iterator_traits<__gnu_cxx::__normal_iterator<const std::shared_ptr<testing::internal::ExpectationBase> *, std::vector<std::shared_ptr<testing::internal::ExpectationBase>>>>' requested here
/usr/lib64/gcc/x86_64-pc-linux-gnu/16/../../../../include/c++/16/bits/stl_iterator.h:132:32: note: in instantiation of template class 'std::iterator_traits<__gnu_cxx::__normal_iterator<const std::shared_ptr<testing::internal::ExpectationBase> *, std::vector<std::shared_ptr<testing::internal::ExpectationBase>>>>' requested here
  132 |     : public iterator<typename iterator_traits<_Iterator>::iterator_category,
      |                                ^
$PACKET/scratch/gtest/include/gmock/gmock-spec-builders.h:1682:63: note: in instantiation of template class 'std::reverse_iterator<__gnu_cxx::__normal_iterator<const std::shared_ptr<testing::internal::ExpectationBase> *, std::vector<std::shared_ptr<testing::internal::ExpectationBase>>>>' requested here
 1682 |     for (typename UntypedExpectations::const_reverse_iterator it =
      |                                                               ^
/usr/lib64/gcc/x86_64-pc-linux-gnu/16/../../../../include/c++/16/bits/stl_iterator.h:1026:11: note: definition of '__gnu_cxx::__normal_iterator<const std::shared_ptr<testing::internal::ExpectationBase> *, std::vector<std::shared_ptr<testing::internal::ExpectationBase>>>' is not complete until the closing '}'
 1026 |     class __normal_iterator
      |           ^
In file included from $SOURCE/tests/main.cpp:3:
In file included from $PACKET/scratch/gtest/include/gmock/gmock.h:56:
In file included from $PACKET/scratch/gtest/include/gmock/gmock-actions.h:139:
In file included from /usr/lib64/gcc/x86_64-pc-linux-gnu/16/../../../../include/c++/16/memory:83:
In file included from /usr/lib64/gcc/x86_64-pc-linux-gnu/16/../../../../include/c++/16/bits/shared_ptr_atomic.h:33:
In file included from /usr/lib64/gcc/x86_64-pc-linux-gnu/16/../../../../include/c++/16/bits/atomic_base.h:43:
/usr/lib64/gcc/x86_64-pc-linux-gnu/16/../../../../include/c++/16/bits/atomic_wait.h:398:29: error: no matching constructor for initialization of '__detail::__wait_args'
  398 |       __detail::__wait_args __args{ __addr, __bare_wait };
      |                             ^     ~~~~~~~~~~~~~~~~~~~~~~~
/usr/lib64/gcc/x86_64-pc-linux-gnu/16/../../../../include/c++/16/bits/atomic_base.h:270:12: note: in instantiation of function template specialization 'std::__atomic_notify_address<bool>' requested here
  270 |     { std::__atomic_notify_address(&_M_i, false); }
      |            ^
/usr/lib64/gcc/x86_64-pc-linux-gnu/16/../../../../include/c++/16/bits/atomic_wait.h:221:2: note: candidate template ignored: substitution failure [with _Tp = bool]
  221 |         __wait_args(const _Tp* __addr, bool __bare_wait = false) noexcept
      |         ^
/usr/lib64/gcc/x86_64-pc-linux-gnu/16/../../../../include/c++/16/bits/atomic_wait.h:239:7: note: candidate constructor not viable: requires 1 argument, but 2 were provided
  239 |       __wait_args(const __wait_args&) noexcept = default;
      |       ^           ~~~~~~~~~~~~~~~~~~
/usr/lib64/gcc/x86_64-pc-linux-gnu/16/../../../../include/c++/16/bits/atomic_wait.h:231:7: note: candidate constructor not viable: requires at least 3 arguments, but 2 were provided
  231 |       __wait_args(const __platform_wait_t* __addr, __platform_wait_t __old,
      |       ^           ~~~~~~~~~~~~~~~~~~~~~~~~~~~~~~~~~~~~~~~~~~~~~~~~~~~~~~~~~
  232 |                   int __order, bool __bare_wait = false) noexcept
      |                   ~~~~~~~~~~~~~~~~~~~~~~~~~~~~~~~~~~~~~
/usr/lib64/gcc/x86_64-pc-linux-gnu/16/../../../../include/c++/16/bits/atomic_wait.h:358:29: error: no matching constructor for initialization of '__detail::__wait_args'
  358 |       __detail::__wait_args __args{ __addr, __bare_wait };
      |                             ^     ~~~~~~~~~~~~~~~~~~~~~~~
/usr/lib64/gcc/x86_64-pc-linux-gnu/16/../../../../include/c++/16/bits/atomic_wait.h:390:12: note: in instantiation of function template specialization 'std::__atomic_wait_address<bool, (lambda at /usr/lib64/gcc/x86_64-pc-linux-gnu/16/../../../../include/c++/16/bits/atomic_wait.h:388:20) &, (lambda at /usr/lib64/gcc/x86_64-pc-linux-gnu/16/../../../../include/c++/16/bits/atomic_base.h:627:7)>' requested here
  390 |       std::__atomic_wait_address(__addr, __pfn, forward<_ValFn>(__vfn));
      |            ^
/usr/lib64/gcc/x86_64-pc-linux-gnu/16/../../../../include/c++/16/bits/atomic_base.h:626:7: note: in instantiation of function template specialization 'std::__atomic_wait_address_v<bool, (lambda at /usr/lib64/gcc/x86_64-pc-linux-gnu/16/../../../../include/c++/16/bits/atomic_base.h:627:7)>' requested here
  626 |         std::__atomic_wait_address_v(&_M_i, __old,
      |              ^
/usr/lib64/gcc/x86_64-pc-linux-gnu/16/../../../../include/c++/16/atomic:180:15: note: in instantiation of member function 'std::__atomic_base<bool>::wait' requested here
  180 |     { _M_base.wait(__old, __m); }
      |               ^
/usr/lib64/gcc/x86_64-pc-linux-gnu/16/../../../../include/c++/16/bits/atomic_wait.h:221:2: note: candidate template ignored: substitution failure [with _Tp = bool]
  221 |         __wait_args(const _Tp* __addr, bool __bare_wait = false) noexcept
      |         ^
/usr/lib64/gcc/x86_64-pc-linux-gnu/16/../../../../include/c++/16/bits/atomic_wait.h:239:7: note: candidate constructor not viable: requires 1 argument, but 2 were provided
  239 |       __wait_args(const __wait_args&) noexcept = default;
      |       ^           ~~~~~~~~~~~~~~~~~~
/usr/lib64/gcc/x86_64-pc-linux-gnu/16/../../../../include/c++/16/bits/atomic_wait.h:231:7: note: candidate constructor not viable: requires at least 3 arguments, but 2 were provided
  231 |       __wait_args(const __platform_wait_t* __addr, __platform_wait_t __old,
      |       ^           ~~~~~~~~~~~~~~~~~~~~~~~~~~~~~~~~~~~~~~~~~~~~~~~~~~~~~~~~~
  232 |                   int __order, bool __bare_wait = false) noexcept
      |                   ~~~~~~~~~~~~~~~~~~~~~~~~~~~~~~~~~~~~~
In file included from $SOURCE/tests/main.cpp:3:
In file included from $PACKET/scratch/gtest/include/gmock/gmock.h:56:
In file included from $PACKET/scratch/gtest/include/gmock/gmock-actions.h:145:
In file included from $PACKET/scratch/gtest/include/gmock/internal/gmock-internal-utils.h:49:
In file included from $PACKET/scratch/gtest/include/gmock/internal/gmock-port.h:57:
In file included from $PACKET/scratch/gtest/include/gtest/internal/gtest-port.h:820:
In file included from /usr/lib64/gcc/x86_64-pc-linux-gnu/16/../../../../include/c++/16/condition_variable:51:
In file included from /usr/lib64/gcc/x86_64-pc-linux-gnu/16/../../../../include/c++/16/stop_token:41:
In file included from /usr/lib64/gcc/x86_64-pc-linux-gnu/16/../../../../include/c++/16/semaphore:42:
In file included from /usr/lib64/gcc/x86_64-pc-linux-gnu/16/../../../../include/c++/16/bits/semaphore_base.h:42:
/usr/lib64/gcc/x86_64-pc-linux-gnu/16/../../../../include/c++/16/bits/atomic_timed_wait.h:188:29: error: no matching constructor for initialization of '__detail::__wait_args'
  188 |       __detail::__wait_args __args{ __addr, __bare_wait };
      |                             ^     ~~~~~~~~~~~~~~~~~~~~~~~
/usr/lib64/gcc/x86_64-pc-linux-gnu/16/../../../../include/c++/16/bits/semaphore_base.h:114:16: note: in instantiation of function template specialization 'std::__atomic_wait_address_for<long, std::__semaphore_impl::_Available &, (lambda at /usr/lib64/gcc/x86_64-pc-linux-gnu/16/../../../../include/c++/16/bits/semaphore_base.h:104:20) &, long, std::ratio<1, 1000000000>>' requested here
  114 |       if (std::__atomic_wait_address_for(&_M_counter, __is_available,
      |                ^
/usr/lib64/gcc/x86_64-pc-linux-gnu/16/../../../../include/c++/16/bits/atomic_wait.h:221:2: note: candidate template ignored: substitution failure [with _Tp = long]
  221 |         __wait_args(const _Tp* __addr, bool __bare_wait = false) noexcept
      |         ^
/usr/lib64/gcc/x86_64-pc-linux-gnu/16/../../../../include/c++/16/bits/atomic_wait.h:239:7: note: candidate constructor not viable: requires 1 argument, but 2 were provided
  239 |       __wait_args(const __wait_args&) noexcept = default;
      |       ^           ~~~~~~~~~~~~~~~~~~
/usr/lib64/gcc/x86_64-pc-linux-gnu/16/../../../../include/c++/16/bits/atomic_wait.h:231:7: note: candidate constructor not viable: requires at least 3 arguments, but 2 were provided
  231 |       __wait_args(const __platform_wait_t* __addr, __platform_wait_t __old,
      |       ^           ~~~~~~~~~~~~~~~~~~~~~~~~~~~~~~~~~~~~~~~~~~~~~~~~~~~~~~~~~
  232 |                   int __order, bool __bare_wait = false) noexcept
      |                   ~~~~~~~~~~~~~~~~~~~~~~~~~~~~~~~~~~~~~
/usr/lib64/gcc/x86_64-pc-linux-gnu/16/../../../../include/c++/16/bits/atomic_wait.h:398:29: error: no matching constructor for initialization of '__detail::__wait_args'
  398 |       __detail::__wait_args __args{ __addr, __bare_wait };
      |                             ^     ~~~~~~~~~~~~~~~~~~~~~~~
/usr/lib64/gcc/x86_64-pc-linux-gnu/16/../../../../include/c++/16/bits/semaphore_base.h:149:2: note: in instantiation of function template specialization 'std::__atomic_notify_address<long>' requested here
  149 |         __atomic_notify_address(&_M_counter, true, true);
      |         ^
/usr/lib64/gcc/x86_64-pc-linux-gnu/16/../../../../include/c++/16/bits/atomic_wait.h:221:2: note: candidate template ignored: substitution failure [with _Tp = long]
  221 |         __wait_args(const _Tp* __addr, bool __bare_wait = false) noexcept
      |         ^
/usr/lib64/gcc/x86_64-pc-linux-gnu/16/../../../../include/c++/16/bits/atomic_wait.h:239:7: note: candidate constructor not viable: requires 1 argument, but 2 were provided
  239 |       __wait_args(const __wait_args&) noexcept = default;
      |       ^           ~~~~~~~~~~~~~~~~~~
/usr/lib64/gcc/x86_64-pc-linux-gnu/16/../../../../include/c++/16/bits/atomic_wait.h:231:7: note: candidate constructor not viable: requires at least 3 arguments, but 2 were provided
  231 |       __wait_args(const __platform_wait_t* __addr, __platform_wait_t __old,
      |       ^           ~~~~~~~~~~~~~~~~~~~~~~~~~~~~~~~~~~~~~~~~~~~~~~~~~~~~~~~~~
  232 |                   int __order, bool __bare_wait = false) noexcept
      |                   ~~~~~~~~~~~~~~~~~~~~~~~~~~~~~~~~~~~~~
18 errors generated.
make[2]: *** [CMakeFiles/adp_tests.dir/build.make:93: CMakeFiles/adp_tests.dir/tests/main.cpp.o] Error 1
make[1]: *** [CMakeFiles/Makefile2:181: CMakeFiles/adp_tests.dir/all] Error 2
make: *** [Makefile:101: all] Error 2
